DataID,RiverID,SiteID,RiverSiteID,Continent,Country,RiverName,Biome,Realm,Eco_Biome,Conti_Biome,lon_ori,lat_ori,lon_HGV3,lat_HGV3,lon_HSV3,lat_HSV3,biodiv_ori,biodiv_rec,catch_area,elev,discharge,cum_prec,bio01,bio02,bio03,bio04,bio05,bio06,bio07,bio08,bio09,bio10,bio11,bio12,bio13,bio14,bio15,bio16,bio17,bio18,bio19,V_lc1,V_lc2,V_lc3,V_lc4,anthromes2017,gHM,HFP2009,HFP_Lights2009,HFP_Population2010,autocor
D001,NR001,S001,NR001_S001,NA,Canada,Grand River,2,Nearctic,NE04,NA2,-80.29797752,43.14931991,-80.29702574,43.14874884,-80.29861897,43.15049067,4,NA,5172.043,211,34.897,4901648,7.9375,9.625,26.226158,994.51935,26.9,-9.8,36.7,19.116667,-3.75,19.883333,-4.516667,875,97,48,20.370062,267,157,257,166,4299.8716,545.48865,13.977145,281.38226,12,0.63029,37,10,9,1072.85750408353
D001,NR001,S002,NR001_S002,NA,Canada,Grand River,2,Nearctic,NE04,NA2,-80.28632823,43.13767062,-80.28629254,43.13809892,-80.28639518,43.13794746,7,NA,5193.102,214.5,17.4855,4920209.5,8.04375,9.6,26.177536,993.2617,26.95,-9.7,36.65,19.224998,-3.6166666,19.991667,-4.4083333,874.5,96,47.5,19.953033,265.5,158.5,256,164.5,4319.7153,546.4602,14.117157,285.8358,12,0.840543,49,10,9,1072.85750408353
D001,NR001,S003,NR001_S003,NA,Canada,Grand River,2,Nearctic,NE04,NA2,-80.26719011,43.13267807,-80.26644772,43.13284939,-80.2668,43.1336,4,NA,5197.8003,209,35.413,4924324.5,8.166666,9.633333,26.177536,996.0288,27.150002,-9.6,36.800003,19.383333,-3.516667,20.158333,-4.3333335,872,97,47,20.662437,266,156,257,162,4305.13,545.98,14.256382,289.5274,12,0.859258,49,10,9,1072.85750408353
D001,NR001,S004,NR001_S004,NA,Canada,Grand River,2,Nearctic,NE04,NA2,-80.26469384,43.12269296,-80.26298063,43.12369233,-80.2638,43.1227,6,NA,5200.733,206,35.413,4926885,8.122917,9.633333,26.21645,994.0014,27.1,-9.7,36.75,19.316666,-3.5416665,20.1,-4.3500004,871.5,96.5,47,20.560848,266,156,256.5,161.5,4306.3135,546.11926,14.256382,291.05923,12,0.665161,49,10,9,1072.85750408353
D001,NR001,S005,NR001_S005,NA,Canada,Grand River,2,Nearctic,NE04,NA2,-80.26719011,43.11437204,-80.2681181,43.1162994,-80.262,43.1153,7,NA,5201.9243,204,35.413,4927914.5,8.1375,9.65,26.226158,993.6251,27.1,-9.7,36.7,19.333334,-3.5333333,20.116667,-4.3333335,869,97,47,20.771465,266,155,257,160,4323.3643,541.9524,14.325638,290.5703,12,0.665161,36.75,10,9,1072.85750408353
D001,NR001,S006,NR001_S006,NA,Canada,Grand River,2,Nearctic,NE04,NA2,-80.26469384,43.10605112,-80.26476522,43.10794279,-80.2581,43.1135,8,NA,5202.858,207.5,35.413,4928727.5,8.03125,9.6125,26.254105,990.7986,26.9,-9.7,36.6,19.191666,-3.6,19.958332,-4.4,867,95,47,20.255482,263,155.5,253.5,161.5,4333.171,547.2068,14.53495,291.8228,12,0.630611,38.75,9,8,1072.85750408353
D001,NR001,S007,NR001_S007,NA,Canada,Grand River,2,Nearctic,NE04,NA2,-80.24472363,43.10771531,-80.2460942,43.10959984,-80.2463,43.1145,18,NA,5204.8887,211.5,35.413,4930480.5,7.9416666,9.570833,26.282051,987.5947,26.7,-9.75,36.45,19.05,-3.6666665,19.816666,-4.45,865.5,94,47,20.069756,262,156,251.5,162,4325.384,542.1614,14.604205,290.7096,12,0.580424,38.75,9,8,1072.85750408353
D001,NR001,S008,NR001_S008,NA,Canada,Grand River,2,Nearctic,NE04,NA2,-80.24305945,43.11603623,-80.24128913,43.11609334,-80.2422,43.1154,14,NA,5205.735,207.5,35.413,4931208.5,7.94375,9.570833,26.282051,987.652,26.7,-9.75,36.45,19.05,-3.6666665,19.816666,-4.458333,863,94,46.5,20.295206,262,155,251,160.5,4309.4473,546.4674,14.604588,292.1733,12,0.606173,35,9,8,1072.85750408353
D001,NR001,S009,NR001_S009,NA,Canada,Grand River,2,Nearctic,NE04,NA2,-80.22475342,43.1193646,-80.22537803,43.1195728,-80.2263,43.1212,10,NA,5208.448,200,35.413,4933545,8.008333,9.616667,26.294277,988.84106,26.8,-9.7,36.5,19.133333,-3.6,19.9,-4.4,861,94,46,20.6071,262,153,251,158,4316.802,541.9702,14.604588,292.24103,12,0.636616,35,9,8,1072.85750408353
D001,NR001,S010,NR001_S010,NA,Canada,Grand River,2,Nearctic,NE04,NA2,-80.2164325,43.13018179,-80.21545097,43.13038999,-80.2188,43.13,15,NA,5210.3413,200,35.413,4935173,7.975,9.616667,26.320583,987.80365,26.8,-9.7,36.5,19.083334,-3.6166666,19.883333,-4.4,859,95,46,21.395802,264,152,252,157,4312.9985,546.5371,14.674211,293.21768,12,0.697387,39,9,8,1072.85750408353
D001,NR001,S011,NR001_S011,NA,Canada,Grand River,2,Nearctic,NE04,NA2,-80.20977577,43.14432736,-80.21040038,43.1439407,-80.2098,43.1439,14,NA,5222.733,202,35.413,4945873.5,8.05,9.666667,26.29076,993.4332,27,-9.7,36.8,19.216667,-3.6166666,20,-4.4,862,97,46,21.4763,266,153,256,156,4319.378,542.6664,15.161509,302.89047,12,0.791799,49,10,9,1072.85750408353
D001,NR001,S012,NR001_S012,NA,Canada,Grand River,2,Nearctic,NE04,NA2,-80.20145485,43.12602133,-80.19952154,43.12605107,-80.2015,43.126,12,NA,5226.054,201,35.413,4948757.5,7.9375,9.616667,26.248865,988.6978,26.8,-9.8,36.6,19.05,-3.6666667,19.85,-4.4666667,869,96,47,20.894016,267,154,256,160,4316.34,547.79004,15.231121,304.21512,12,0.655668,37.75,9,7,1072.85750408353
D001,NR001,S013,NR001_S013,NA,Canada,Grand River,2,Nearctic,NE04,NA2,-80.21143995,43.11353995,-80.21194559,43.1137779,-80.2129,43.1154,13,NA,5227.571,202,35.413,4950071,7.89375,9.554167,26.247711,985.3744,26.6,-9.8,36.4,18.983334,-3.6916666,19.75,-4.4750004,866,95.5,47,20.585155,264.5,155,254,160.5,4323.1377,543.22327,15.231121,303.5169,12,0.666289,37,8,7,1072.85750408353
D001,NR001,S014,NR001_S014,NA,Canada,Grand River,2,Nearctic,NE04,NA2,-80.23307434,43.10438694,-80.23359782,43.10695676,-80.2343,43.1058,15,NA,5230.1904,202,35.413,4952328,7.9083333,9.5625,26.295296,984.9601,26.6,-9.7,36.35,18.983334,-3.6583333,19.75,-4.45,862.5,94,47,20.357582,262,155,251.5,160,4327.291,539.73364,15.161926,305.25803,12,0.610344,39,9,8,1072.85750408353
D001,NR001,S015,NR001_S015,NA,Canada,Grand River,2,Nearctic,NE04,NA2,-80.24305945,43.0985623,-80.23949026,43.0994665,-80.2384,43.0993,4,NA,5237.419,207,35.413,4958614.5,7.883333,9.55,26.308538,984.03046,26.6,-9.7,36.3,18.966667,-3.6666667,19.733334,-4.45,863,93,47,20.08114,261,156,251,161,4322.776,551.8698,15.231121,304.9129,12,0.593305,36.75,8,7,1072.85750408353
D001,NR001,S016,NR001_S016,NA,Canada,Grand River,2,Nearctic,NE04,NA2,-80.23141016,43.0877451,-80.22687729,43.09208167,-80.2242,43.0939,10,NA,5273.511,211,0.178,4991234,7.8625,9.533333,26.285583,983.38776,26.5,-9.7,36.3,18.9,-3.7166667,19.666666,-4.5166664,866,93,47,19.815239,261,157,250,162,4361.5864,548.76385,15.093487,308.32025,12,0.571662,20.4782,7,7,1072.85750408353
D001,NR001,S017,NR001_S017,NA,Canada,Grand River,2,Nearctic,NE04,NA2,-80.21976087,43.09356974,-80.22028435,43.0937601,-80.21867026,43.09388666,0,NA,5274.182,210,0.178,4991812,7.8625,9.533333,26.285583,982.7862,26.5,-9.7,36.2,18.9,-3.7166665,19.666666,-4.5166664,865,93,47,19.61761,261,157,250,162,4372.837,544.40594,15.231121,302.4729,12,0.677774,33,8,7,1072.85750408353
D001,NR001,S018,NR001_S018,NA,Canada,Grand River,2,Nearctic,NE04,NA2,-80.21060786,43.0977302,-80.20951331,43.09853922,-80.2104,43.0962,3,NA,5276.082,204,17.7955,4993458,7.8791666,9.508333,26.266113,981.54407,26.5,-9.7,36.2,18.916666,-3.6833334,19.683332,-4.45,864,93,47,19.747808,260,156,250,162,4369.3145,549.1817,15.299938,303.03195,12,0.564491,22,8,6,1072.85750408353
D001,NR001,S019,NR001_S019,NA,Canada,Grand River,2,Nearctic,NE04,NA2,-80.19479811,43.09107347,-80.19479811,43.09292945,-80.1953,43.0956,6,NA,5309.1216,205,35.413,5022849,7.85,9.508333,26.243093,981.4448,26.5,-9.7,36.2,18.9,-3.6833334,19.683332,-4.45,870.5,94,48,19.682709,262,158.5,251.5,164,4419.821,547.005,15.301654,304.56128,12,0.643274,24,7,5,1072.85750408353
D001,NR001,S020,NR001_S020,NA,Canada,Grand River,2,Nearctic,NE04,NA2,-80.18481301,43.08940928,-80.18476542,43.09207428,-80.18382862,43.09204308,4,NA,5310.4453,206,35.64,5024005.5,7.8458333,9.504167,26.243093,981.87646,26.5,-9.7,36.2,18.9,-3.6833334,19.683332,-4.45,871,94,48,19.73979,262.5,159,252,164,4421.2837,547.005,15.301654,304.56128,12,0.597931,21,6,3,1072.85750408353
D001,NR001,S021,NR001_S021,NA,Canada,Grand River,2,Nearctic,NE04,NA2,-80.16317862,43.08940928,-80.16317862,43.08940928,-80.1632,43.0894,3,NA,5314.207,201,36.032,5027312,7.8625,9.466666,26.177284,979.9745,26.5,-9.7,36.2,18.9,-3.6833334,19.666666,-4.4333334,877,94,49,19.080751,263,161,253,168,4423.6133,550.3564,15.578636,302.47232,32,0.600692,20,5,3,1072.85750408353
D001,NR001,S022,NR001_S022,NA,Canada,Grand River,2,Nearctic,NE04,NA2,-80.14487259,43.0977302,-80.14377804,43.096826,-80.1436,43.0964,2,NA,5317.017,201,36.032,5029799.5,7.8708334,9.45,26.200369,978.7944,26.5,-9.6,36.1,18.883333,-3.65,19.683332,-4.4,884,95,50,18.63879,263,164,254,170,4410.151,550.3638,15.787645,302.5445,32,0.569926,17,6,3,1072.85750408353
D001,NR001,S023,NR001_S023,NA,Canada,Grand River,2,Nearctic,NE04,NA2,-80.13571958,43.10105857,-80.13586235,43.10381874,-80.1364,43.1021,10,NA,5324.978,202.5,36.032,5036816.5,7.866667,9.4625,26.223454,979.13306,26.5,-9.6,36.1,18.883333,-3.65,19.683332,-4.4,884.5,95,50,18.589031,264,164.5,255,170,4435.075,547.3534,15.650014,304.56128,32,0.576703,18,7,3,1072.85750408353
D001,NR001,S024,NR001_S024,NA,Canada,Grand River,2,Nearctic,NE04,NA2,-80.13571958,43.10105857,-80.13586235,43.10381874,-80.13531409,43.10225723,3,NA,5324.978,202.5,36.032,5036816.5,7.866667,9.4625,26.223454,979.13306,26.5,-9.6,36.1,18.883333,-3.65,19.683332,-4.4,884.5,95,50,18.589031,264,164.5,255,170,4435.075,547.3534,15.650014,304.56128,32,0.576703,18,7,3,1072.85750408353
D001,NR001,S025,NR001_S025,NA,Canada,Grand River,2,Nearctic,NE04,NA2,-80.12656657,43.10438694,-80.12789907,43.1063381,-80.12875,43.1064,7,NA,5732.281,200,36.032,5407349.5,7.8645835,9.45,26.223454,979.13306,26.5,-9.6,36.1,18.883333,-3.65,19.683332,-4.4,885.5,96,50,18.520292,265,165.5,256,171.5,4737.3076,616.0168,16.206173,324.18033,32,0.635557,29,8,3,1072.85750408353
D001,NR001,S026,NR001_S026,NA,Canada,Grand River,2,Nearctic,NE04,NA2,-80.12656657,43.10438694,-80.12789907,43.1063381,-80.12785,43.107,4,NA,5732.281,200,36.032,5407349.5,7.8645835,9.45,26.223454,979.13306,26.5,-9.6,36.1,18.883333,-3.65,19.683332,-4.4,885.5,96,50,18.520292,265,165.5,256,171.5,4737.3076,616.0168,16.206173,324.18033,32,0.635557,29,8,3,1072.85750408353
D001,NR001,S027,NR001_S027,NA,Canada,Grand River,2,Nearctic,NE04,NA2,-80.12407029,43.11437204,-80.12297574,43.11313472,-80.1228,43.1122,9,NA,5732.951,199,36.032,5407814,7.866667,9.441667,26.203703,979.0281,26.5,-9.5,36,18.883333,-3.65,19.683332,-4.4,888,96,50,18.344042,265,166,256,172,4732.22,621.4381,16.413862,324.32062,32,0.564124,30,7,3,1072.85750408353
D001,NR001,S028,NR001_S028,NA,Canada,Grand River,2,Nearctic,NE04,NA2,-80.08995452,43.0977302,-80.08995452,43.0977302,-80.09,43.0977,3,NA,5741.3647,199,38.711,5415243.5,7.9125,9.375,26.067781,977.53503,26.5,-9.5,36,18.933332,-3.5666666,19.699999,-4.35,900,96,52,17.350649,267,171,257,178,4756.476,623.17035,16.413862,324.59644,32,0.540243,32,8,2,1072.85750408353
D001,NR001,S029,NR001_S029,NA,Canada,Grand River,2,Nearctic,NE04,NA2,-80.06915222,43.09523393,-80.06886668,43.09631896,-80.06955692,43.09722718,9,NA,5745.484,199,38.711,5418970,7.9041667,9.366667,26.041666,978.29126,26.5,-9.5,36,18.933332,-3.6000001,19.699999,-4.366667,902,96,53,17.164576,267,173,257,180,4748.149,622.19885,16.414705,324.3187,32,0.537828,21,6,3,1072.85750408353
D001,NR001,S030,NR001_S030,NA,Canada,Grand River,2,Nearctic,NE04,NA2,-80.06332758,43.08691301,-80.06052933,43.09102472,-80.05873231,43.09206205,6,NA,5749.6597,201,38.711,5422768.5,7.9083333,9.358334,26.021357,977.4622,26.5,-9.5,36,18.933332,-3.6000001,19.699999,-4.366667,909,96,53,16.794891,268,175,257,182,4757.2266,630.3834,16.275795,324.32016,32,0.537828,17,6,3,1072.85750408353
D001,NR001,S031,NR001_S031,NA,Canada,Grand River,2,Nearctic,NE04,NA2,-80.04418946,43.0877451,-80.04377067,43.08707885,-80.0443,43.0864,6,NA,5752.281,199,39.697,5422280,7.925,9.325,25.97493,976.9094,26.5,-9.4,35.9,18.95,-3.55,19.7,-4.3166666,911,96,53,16.274796,268,177,256,184,4745.6167,622.0035,16.971205,324.32065,32,0.61346,17,6,3,1072.85750408353
D001,NR001,S032,NR001_S032,NA,Canada,Grand River,2,Nearctic,NE04,NA2,-80.03503645,43.09107347,-80.03534102,43.09122576,-80.0346,43.0904,5,NA,5754.0054,199,39.697,5424688,7.925,9.291667,25.951717,976.174,26.4,-9.4,35.8,18.95,-3.5333333,19.716667,-4.3166666,913,95,54,16.150826,268,178,256,185,4768.1035,624.6345,16.901525,324.59644,32,0.479187,17,6,3,1072.85750408353
D001,NR001,S033,NR001_S033,NA,Canada,Grand River,2,Nearctic,NE04,NA2,-79.99343185,43.08358464,-79.99136172,43.08672553,-79.9934,43.0871,12,NA,5955.8115,200,40.22,5611925,7.9208336,9.233334,25.792542,975.3969,26.4,-9.4,35.8,18.95,-3.5333333,19.708334,-4.2833333,916.5,94,55,15.146298,265,181,256,188,4943.811,632.9527,16.625381,329.32837,32,0.466169,43,9,4,1072.85750408353
D001,NR001,S034,NR001_S034,NA,Canada,Grand River,2,Nearctic,NE04,NA2,-79.98427884,43.07942418,-79.98301773,43.08302311,-79.9832,43.0838,18,NA,5965.9946,206.5,40.22,5621142,7.9104166,9.216666,25.75652,975.5854,26.4,-9.4,35.8,18.95,-3.5333333,19.7,-4.2833333,919,94,55,14.992823,266,181,257,189,4951.0557,635.949,16.625381,329.32837,32,0.554759,43,9,4,1072.85750408353
D001,NR001,S035,NR001_S035,NA,Canada,Grand River,2,Nearctic,NE04,NA2,-79.96430863,43.07276744,-79.96388033,43.0746948,-79.96296688,43.0753717,14,NA,5968.29,201,40.22,5622896.5,7.9416666,9.158333,25.653595,975.17444,26.4,-9.3,35.7,18.983334,-3.5166667,19.716667,-4.2666664,919,93,55,14.865741,264,181,257,189,4952.7275,636.2974,16.625381,329.39807,32,0.775161,45,10,5,1072.85750408353
D001,NR001,S036,NR001_S036,NA,Canada,Grand River,2,Nearctic,NE04,NA2,-79.92852868,43.05945397,-79.92838591,43.06288039,-79.92633231,43.06212411,20,NA,6005.0903,199,40.22,5656393.5,8.025,9.141666,25.583567,976.9048,26.6,-9.2,35.8,19.116667,-3.4499998,19.85,-4.1666665,922,91,56,14.407285,264,183,256,191,4993.5024,630.7667,16.695053,330.93018,32,0.61333,31.75,9,5,1072.85750408353
D001,NR001,S037,NR001_S037,NA,Canada,Grand River,2,Nearctic,NE04,NA2,-79.91854357,43.05362933,-79.91636874,43.05634192,-79.91630257,43.0544918,12,NA,6013.257,200,40.566,5663831,8.070833,9.120833,25.512821,977.7297,26.6,-9.1,35.7,19.166666,-3.3833334,19.916666,-4.116667,924,90,56,14.255379,264,183,255.5,192,4996.0483,638.3733,16.764784,331.07025,33,0.665357,36,9,5,1072.85750408353
D001,NR001,S038,NR001_S038,NA,Canada,Grand River,2,Nearctic,NE04,NA2,-79.86495685,42.95535926,-79.86381471,42.95621587,-79.8638335,42.95616675,4,NA,6511.759,191.5,22.1125,6119263,8.222918,9.008333,25.387856,971.2599,26.5,-8.9,35.4,19.25,-3.1750002,20,-3.9083333,937,91,55,14.062806,263,186,257,195,5389.9893,711.32117,17.739103,336.44293,32,0.590246,38.75,8,5,1072.85750408353
D001,NR001,S039,NR001_S039,NA,Canada,Grand River,2,Nearctic,NE04,NA2,-79.85330756,42.93705324,-79.85296492,42.93773852,-79.8529283,42.93784277,8,NA,6522.105,191,43.673,6128776,8.254167,8.966666,25.3305,971.2488,26.5,-8.9,35.4,19.266666,-3.1499999,20.016666,-3.8666666,942,92,55,14.134734,264,187,257,196,5419.743,712.91766,17.739103,337.5567,32,0.569735,35,8,5,1072.85750408353
D001,NR001,S040,NR001_S040,NA,Canada,Grand River,2,Nearctic,NE04,NA2,-79.84165827,42.92873232,-79.84144412,42.93194459,-79.8417,42.9321,6,NA,6542.6294,191.5,43.673,6146862.5,8.2625,8.925,25.283285,970.39465,26.5,-8.8,35.3,19.283333,-3.1333334,20.016666,-3.8666666,941.5,92,55,14.278021,264,187,258,196,5439.574,716.7333,17.601475,337.97614,32,0.596572,24,7,5,1072.85750408353
D001,NR001,S041,NR001_S041,NA,Canada,Grand River,2,Nearctic,NE04,NA2,-79.8283448,42.91458676,-79.82792839,42.9146165,-79.82776462,42.9146,7,NA,6548.6084,186,43.839,6152144,8.295834,8.875,25.213068,970.51874,26.5,-8.8,35.2,19.316666,-3.1,20.066668,-3.8166666,941,93,55,14.311209,263,187,257,197,5446.4854,715.5731,17.80899,337.976,33,0.49107,14.7282,3,5,1072.85750408353
D001,NR001,S042,NR001_S042,NA,Canada,Grand River,2,Nearctic,NE04,NA2,-79.81669551,42.9104263,-79.81676689,42.91278197,-79.8166,42.9129,2,NA,6555.7026,200,43.839,6159635,8.285418,8.883333,25.236742,970.2787,26.5,-8.7,35.2,19.3,-3.1,20.05,-3.8166666,948.5,93.5,55,14.460566,265,187,258,197,5451.0894,718.468,17.74123,338.18463,33,0.45188,15,2,5,1072.85750408353
D001,NR001,S043,NR001_S043,NA,Canada,Grand River,2,Nearctic,NE04,NA2,-79.80171786,42.91375467,-79.80171786,42.91375467,-79.8017,42.9138,8,NA,6558.0796,189,43.839,6161318.5,8.3,8.870833,25.236742,970.04126,26.5,-8.7,35.15,19.316666,-3.1,20.058332,-3.8,943,93,55,14.399097,264,187,256,197,5449.803,714.18695,18.018618,338.11603,33,0.402593,14,1,5,1072.85750408353
D001,NR002,S001,NR002_S001,NA,Canada,Sydenham River,2,Nearctic,NE04,NA2,-82.36418296,42.71651579,-82.36614602,42.7195734,-82.3648,42.7229,7,NA,998.92395,182.5,1.733,929770.75,8.558333,9.433333,25.987144,996.62006,27.5,-8.8,36.3,19.983334,-3.2166667,20.5,-3.9166667,875.5,100,53,17.97853,253,168,238,176,963.53375,24.06441,5.876116,5.1031837,33,0.605047,15.7362,3,3,1277.58228713744
D001,NR002,S002,NR002_S002,NA,Canada,Sydenham River,2,Nearctic,NE04,NA2,-82.38732159,42.70648905,-82.38967726,42.70791673,-82.38701446,42.70703538,8,NA,1019.07227,182,5.025,947775.5,8.591667,9.433333,25.987144,996.77167,27.5,-8.8,36.3,20,-3.1666667,20.516666,-3.8833334,870,98,53,17.706093,250,168,236,175,975.0565,26.305439,5.9458175,5.0331926,33,0.588361,18.9384,3,3,1277.58228713744
D001,NR002,S003,NR002_S003,NA,Canada,Sydenham River,2,Nearctic,NE04,NA2,-82.39580575,42.69569102,-82.39723343,42.69388263,-82.3931,42.6927,4,NA,1035.6533,183,5.025,962398.1,8.608334,9.416667,25.94123,997.6708,27.5,-8.8,36.3,20.050001,-3.1666667,20.566668,-3.8833334,865,97,53,17.581661,249,167,236,174,992.90826,25.745916,6.0155215,5.1028595,33,0.4993,9.72561,3,3,1277.58228713744
D001,NR002,S004,NR002_S004,NA,Canada,Sydenham River,2,Nearctic,NE04,NA2,-82.40351863,42.68720686,-82.40289997,42.68782552,-82.40202843,42.68454797,4,NA,1041.9816,182,5.025,967440.56,8.629167,9.408334,25.918274,997.58875,27.5,-8.8,36.3,20.050001,-3.1166668,20.6,-3.8500001,862,97,53,17.581661,249,166,236,174,1004.22156,25.675865,6.0155215,5.312508,33,0.4993,16.8268,3,3,1277.58228713744
D001,NR002,S005,NR002_S005,NA,Canada,Sydenham River,2,Nearctic,NE04,NA2,-82.39657704,42.66483951,-82.39671981,42.66705241,-82.3953,42.6654,2,NA,1050.6608,180.5,5.025,975273.06,8.641666,9.4125,25.929752,997.6244,27.5,-8.8,36.3,20.050001,-3.1083333,20.608334,-3.8500001,855.5,96,53,17.452114,247.5,166,235,173,1013.9301,26.165577,5.9458175,5.3824997,33,0.628043,15.568,2,3,1277.58228713744
D001,NR002,S006,NR002_S006,NA,Canada,Sydenham River,2,Nearctic,NE04,NA2,-82.38886416,42.65558406,-82.38886416,42.6571902,-82.3866,42.659,2,NA,1052.9653,179,5.025,977015.06,8.654167,9.416667,25.94123,998.3812,27.5,-8.8,36.3,20.033333,-3.1,20.625,-3.8416667,853,94,53,17.033749,246,166,235,173,1008.9179,25.95591,6.0155215,5.242599,12,0.666739,10.7362,2,3,1277.58228713744
D001,NR002,S007,NR002_S007,NA,Canada,Sydenham River,2,Nearctic,NE04,NA2,-82.37498098,42.65095634,-82.37374366,42.65119429,-82.3763,42.6509,2,NA,1061.1409,180,5.025,984257.44,8.6375,9.408334,25.918274,998.2055,27.5,-8.8,36.3,20.033333,-3.1166668,20.616667,-3.8500001,855,95,53,17.34091,247,166,235,173,1024.9187,25.605854,6.0155215,5.312433,12,0.714814,21.25,2,3,1277.58228713744
D001,NR002,S008,NR002_S008,NA,Canada,Sydenham River,2,Nearctic,NE04,NA2,-82.37806614,42.64247217,-82.37806614,42.64247217,-82.3763,42.6424,3,NA,1062.1323,178,5.025,985101.1,8.6375,9.4,25.895317,998.3133,27.5,-8.8,36.3,20.033333,-3.1166668,20.616667,-3.8500001,854,94,53,17.18471,246,166,235,173,1025.9712,25.605854,6.0155215,5.312433,12,0.697197,22.4875,5,5,1277.58228713744
D001,NR002,S009,NR002_S009,NA,Canada,Sydenham River,2,Nearctic,NE04,NA2,-82.37806614,42.63321672,-82.37368793,42.63393056,-82.3755,42.6329,3,NA,1069.7418,178,5.025,991604.94,8.641666,9.4,25.895317,998.46045,27.5,-8.8,36.3,20.066668,-3.1166668,20.616667,-3.8333333,854,95,53,17.231903,246,166,235,173,1026.1165,24.345436,6.0155215,5.522079,12,0.691748,24.2049,6,6,1277.58228713744
D001,NR002,S010,NR002_S010,NA,Canada,Sydenham River,2,Nearctic,NE04,NA2,-82.37575227,42.61856226,-82.37708477,42.62213145,-82.3772,42.6204,2,NA,1071.9023,177,5.025,993625.94,8.664583,9.4,25.906796,998.36865,27.5,-8.8,36.3,20.066668,-3.0833333,20.65,-3.8083334,852,93.5,52,17.05027,245,166,234.5,173,1035.6077,26.725681,5.876116,4.9633684,12,0.673991,30.3899,8,7,1277.58228713744
D001,NR002,S011,NR002_S011,NA,Canada,Sydenham River,2,Nearctic,NE04,NA2,-82.39117803,42.60930681,-82.38875098,42.60944958,-82.3821,42.6096,2,NA,1073.9873,176,5.025,995164.06,8.727083,9.3875,25.860882,998.92957,27.6,-8.7,36.3,20.116667,-3.025,20.716667,-3.7666667,849,93,51.5,16.834145,244.5,167.5,233,172.5,1037.2617,25.115719,6.0155215,5.45217,12,0.73912,32.3074,9,8,1277.58228713744
D001,NR002,S012,NR002_S012,NA,Canada,Sydenham River,2,Nearctic,NE04,NA2,-82.38577901,42.58925333,-82.38702823,42.5920492,-82.38807157,42.59214264,8,NA,1468.0569,177,14.276,1392688,8.783334,9.35,25.82873,999.8371,27.6,-8.6,36.2,20.183334,-2.9666667,20.8,-3.7,837,88,51,16.262794,240,167,233,172,1418.089,39.511585,2.4458165,7.689798,12,0.867537,45.3899,10,8,1277.58228713744
D001,NR002,S013,NR002_S013,NA,Canada,Sydenham River,2,Nearctic,NE04,NA2,-82.39503446,42.58231174,-82.39372576,42.58290661,-82.3937,42.5823,2,NA,1468.6006,176.5,14.276,1392967,8.791667,9.316668,25.736649,998.6453,27.6,-8.6,36.2,20.175,-2.9416666,20.783333,-3.6833334,835.5,88,50.5,16.536612,240.5,166.5,233.5,171.5,1413.8485,40.353504,2.4458165,8.3219,32,0.736996,35.6283,9,7,1277.58228713744
D001,NR003,S001,NR003_S001,NA,Canada,Sydenham River,2,Nearctic,NE04,NA2,-82.35801266,42.59542363,-82.35807215,42.59798155,-82.35690708,42.59701641,4,NA,1466.8181,176,8.946,1391731.1,8.704166,9.341667,25.73462,999.69995,27.6,-8.7,36.3,20.133333,-3.05,20.7,-3.7666667,853,93,52,17.210226,247,167,235,173,1419.1401,39.511993,2.4458165,6.706636,12,0.729645,34.8377,9,7,2468.64444613771
D001,NR003,S002,NR003_S002,NA,Canada,Sydenham River,2,Nearctic,NE04,NA2,-82.3055651,42.59619492,-82.30704988,42.59722285,-82.3064,42.597,7,NA,1448.2511,177,8.472,1375695.8,8.6125,9.308333,25.713629,998.1121,27.4,-8.8,36.2,20.033333,-3.1833334,20.566668,-3.8666668,866,96,52,17.789942,251,166,239,173,1394.3267,39.721798,2.4458165,6.566019,33,0.699401,21.3944,2,4,2468.64444613771
D001,NR003,S003,NR003_S003,NA,Canada,Sydenham River,2,Nearctic,NE04,NA2,-82.2870542,42.59310976,-82.29042352,42.59533694,-82.2872,42.5987,1,NA,1446.9238,177,4.191,1374486.6,8.5875,9.316667,25.701168,999.5066,27.4,-8.85,36.25,20.008333,-3.2416668,20.541666,-3.925,872.5,98,52,18.373053,254,165.5,241,173,1400.5964,38.81105,2.4458165,7.057012,33,0.714155,26.2835,3,4,2468.64444613771
D001,NR003,S004,NR003_S004,NA,Canada,Sydenham River,2,Nearctic,NE04,NA2,-82.27085716,42.59619492,-82.27017188,42.59596649,-82.27054289,42.5962573,6,NA,1409.3171,178,8.02,1340959,8.577084,9.3125,25.702118,999.31946,27.349998,-8.9,36.199997,19.991667,-3.2666667,20.525,-3.9166665,875.5,98.5,52,18.461609,255.5,166,242,173.5,1360.4424,41.19629,2.4458165,7.2677965,33,0.630452,27.1109,4,4,2468.64444613771
D001,NR003,S005,NR003_S005,NA,Canada,Sydenham River,2,Nearctic,NE04,NA2,-82.20529771,42.58925333,-82.2053572,42.59121639,-82.2053,42.5904,5,NA,1397.4979,182,8.02,1330739.5,8.508333,9.291667,25.596878,1001.03314,27.3,-9,36.3,19.933332,-3.4166665,20.433332,-4.0166664,890,102,51,19.551096,262,164,247,173,1344.2772,39.721798,2.4458165,6.566019,32,0.671314,24.25,7,6,2468.64444613771
D001,NR003,S006,NR003_S006,NA,Canada,Sydenham River,2,Nearctic,NE04,NA2,-82.1867868,42.5907959,-82.18779807,42.59130154,-82.1867,42.5896,8,NA,1392.5552,182,8.02,1326104.1,8.508333,9.283333,25.528008,1001.03314,27.3,-9,36.3,19.933332,-3.4166665,20.433332,-4.0166664,892,102,51,19.4893,263,164,247,174,1340.8317,39.51172,2.4458165,6.636403,32,0.754414,28.4468,8,6,2468.64444613771
D001,NR003,S007,NR003_S007,NA,Canada,Sydenham River,2,Nearctic,NE04,NA2,-82.1435947,42.58925333,-82.13959721,42.58927712,-82.14287846,42.59044615,3,NA,1246.4834,183,0.209,1192770.6,8.5375,9.2625,25.51653,998.1804,27.3,-9,36.3,19.933332,-3.35,20.458334,-3.9333334,899.5,101,52,18.92234,264,167,250.5,177.5,1199.0732,41.6166,2.305627,6.214093,33,0.637729,17.1496,5,3,2468.64444613771
D001,NR003,S008,NR003_S008,NA,Canada,Sydenham River,2,Nearctic,NE04,NA2,-82.12894023,42.59002461,-82.12898782,42.58966769,-82.1289,42.5904,3,NA,1190.9376,184,7.001,1141905.5,8.533333,9.25,25.50505,997.21277,27.3,-9,36.3,19.916666,-3.35,20.433332,-3.9333334,902,101,52,18.708885,264,168,250,179,1140.7659,39.86293,2.305627,6.0039654,33,0.690299,24.2958,5,3,2468.64444613771
D001,NR003,S009,NR003_S009,NA,Canada,Sydenham River,2,Nearctic,NE04,NA2,-82.05057741,42.60545037,-82.05044892,42.60702081,-82.05128071,42.60624308,13,NA,1171.1296,188,6.869,1123843.1,8.470834,9.25,25.575506,994.3393,27.2,-9,36.2,19.816668,-3.3833332,20.333334,-3.9833333,919,101,53,17.804625,267,173,252,186,1118.5017,39.44117,2.305627,5.933942,33,0.673786,12.8494,0,3,2468.64444613771
D001,NR003,S010,NR003_S010,NA,Canada,Sydenham River,2,Nearctic,NE04,NA2,-82.01664075,42.63938702,-82.01963887,42.63952979,-82.01708597,42.64038547,4,NA,1109.5858,192,5.754,1066949.4,8.439583,9.270833,25.621546,994.2189,27.2,-9,36.2,19.8,-3.4083333,20.3,-4.008333,923,99.5,54,17.107105,266,175,252,189,1058.4355,39.301567,2.305627,5.864566,33,0.675726,9.30742,1,3,2468.64444613771
D001,NR003,S011,NR003_S011,NA,Canada,Sydenham River,2,Nearctic,NE04,NA2,-81.9827041,42.70186132,-81.9827041,42.70186132,-81.98381904,42.70369543,2,NA,1000.9376,199,5.754,965618,8.341667,9.25,25.623268,991.1518,27,-9.1,36.1,19.65,-3.4666667,20.15,-4.05,933,99,55,16.236645,266,178,251,193,955.3279,38.389557,2.025151,5.9342566,33,0.630926,13.5996,0,2,2468.64444613771
D001,NR003,S012,NR003_S012,NA,Canada,Sydenham River,2,Nearctic,NE04,NA2,-81.93025654,42.75045244,-81.92797226,42.74963153,-81.92957026,42.75113488,1,NA,858.4307,203,5.144,830865.7,8.2625,9.258333,25.740742,989.86646,26.9,-9.1,36,19.525,-3.5333333,20.058332,-4.116667,940,98,57,15.327179,264,183,250,199.5,815.7312,34.744423,1.8851374,6.0739965,33,0.631121,2.75751,0,2,2468.64444613771
D001,NR003,S013,NR003_S013,NA,Canada,Sydenham River,2,Nearctic,NE04,NA2,-81.84695748,42.76356433,-81.84690037,42.76699075,-81.8487,42.767,11,NA,780.3388,211.5,4.576,757220.1,8.2,9.170834,25.60437,984.2555,26.7,-9.1,35.800003,19.391666,-3.516667,19.908333,-4.133333,949.5,97,58,14.583893,265,187,249.5,204.5,740.6235,32.4319,1.8851374,5.7944293,32,0.477326,3.0663,0,2,2468.64444613771
D001,NR003,S014,NR003_S014,NA,Canada,Sydenham River,2,Nearctic,NE04,NA2,-81.86292313,42.81863427,-81.85793697,42.82044861,-81.8563,42.8186,0,NA,702.35376,214.5,2.3430002,682779.94,8.120833,9.270834,25.64546,991.1318,26.8,-9.3,36.1,10.466667,-3.6833334,19.908333,-4.291667,950.5,98,58,14.385132,268,188,246.5,206,662.16907,27.671265,1.8851374,5.93374,32,0.510705,22,6,5,2468.64444613771
D001,NR003,S015,NR003_S015,NA,Canada,Sydenham River,2,Nearctic,NE04,NA2,-81.83515677,42.84331547,-81.83629891,42.85040626,-81.8351,42.8513,9,NA,452.13776,219,3.677,441925.16,8.06875,9.241667,25.600185,988.48785,26.8,-9.3,36.1,10.4,-3.6833334,19.841667,-4.3166666,952,97,59,13.921918,268,190,245.5,209,427.0213,17.531,1.1862521,5.5150228,33,0.539881,3.75751,0,3,2468.64444613771
D001,NR003,S016,NR003_S016,NA,Canada,Sydenham River,2,Nearctic,NE04,NA2,-81.81818845,42.84254418,-81.8184264,42.84796935,-81.8193,42.8479,8,NA,450.0919,219,3.677,439914.44,8.0625,9.241667,25.600185,988.57605,26.8,-9.3,36.1,10.383333,-3.6833334,19.833334,-4.3166666,952,97,59,13.850836,268,190,245,209,423.19797,17.811272,1.1862521,5.5849495,33,0.497459,9.8525,0,2,2468.64444613771
D001,NR003,S017,NR003_S017,NA,Canada,Sydenham River,2,Nearctic,NE04,NA2,-81.79042209,42.85642736,-81.79146905,42.85971102,-81.7902,42.8622,15,NA,441.86584,220.5,3.175,432050,8.033333,9.233334,25.5771,989.7742,26.8,-9.3,36.1,10.333333,-3.7166667,19.833334,-4.383333,954.5,96,60,13.571884,268.5,192,245,212,417.62027,17.462027,1.1862521,5.584944,33,0.500084,9.52698,0,2,2468.64444613771
D001,NR003,S018,NR003_S018,NA,Canada,Sydenham River,2,Nearctic,NE04,NA2,-81.77422505,42.86105509,-81.77493889,42.86619473,-81.7748,42.8665,7,NA,438.68127,221,3.175,428945.9,8.016666,9.225,25.554016,989.8839,26.75,-9.35,36.1,10.308333,-3.7416668,19.808334,-4.3999996,956.5,96,60,13.421886,269.5,192.5,244.5,213,415.643,16.552677,1.1862521,5.5849495,33,0.500084,11.6295,0,3,2468.64444613771
D001,NR003,S019,NR003_S019,NA,Canada,Sydenham River,2,Nearctic,NE04,NA2,-81.75494286,42.86414024,-81.75375313,42.86390229,-81.7539,42.86543488,10,NA,417.8109,221,3.175,408916.3,8.025,9.233334,25.5771,989.64984,26.8,-9.3,36.1,10.3,-3.7166667,19.833334,-4.383333,957,97,60,13.587706,270,193,243,213,396.7439,14.525945,1.0465219,5.7941856,33,0.475156,14,0,3,2468.64444613771
D001,NR003,S020,NR003_S020,NA,Canada,Sydenham River,2,Nearctic,NE04,NA2,-81.74722999,42.87493826,-81.74389874,42.87636594,-81.74140257,42.86962718,20,NA,402.50592,222,3.175,394289.62,7.99375,9.270834,25.680979,991.41174,26.7,-9.4,36.1,10.258333,-3.7666664,19.8,-4.4666667,960.5,97,61,13.55289,272,194,243,216,383.31882,13.267068,1.0465219,5.93374,33,0.411314,11,0,3,2468.64444613771
D001,NR003,S021,NR003_S021,NA,Canada,Sydenham River,2,Nearctic,NE04,NA2,-81.71097947,42.88727887,-81.71064635,42.8928944,-81.7127,42.8954,11,NA,369.008,222,2.665,361979.53,7.9791665,9.320833,25.806824,991.63666,26.650002,-9.5,36.1,10.2,-3.7916665,19.775,-4.508333,964,96,62,13.287645,273,197,242,219,349.26654,12.00898,1.0465219,5.5849495,33,0.653407,12.6295,1,3,2468.64444613771
D001,NR003,S022,NR003_S022,NA,Canada,Sydenham River,2,Nearctic,NE04,NA2,-81.67904816,42.91296274,-81.68456851,42.91698403,-81.68124759,42.91789549,20,NA,261.0968,221,0.701,256943,7.9625,9.358334,25.877192,993.3166,26.6,-9.6,36.2,10.150001,-3.8333335,19.783333,-4.5666666,966,96,62,12.927182,272,199,240,221,243.8801,9.981144,1.0465219,5.1666107,32,0.526493,6.62955,2,3,2468.64444613771
D001,NR003,S023,NR003_S023,NA,Canada,Sydenham River,2,Nearctic,NE04,NA2,-81.67750558,42.92453206,-81.67750558,42.92453206,-81.6755,42.9247,10,NA,239.21829,224,0.701,235774.78,7.9666667,9.391666,25.895315,995.8949,26.7,-9.6,36.300003,10.15,-3.8500001,19.816668,-4.5833335,968,97,63,12.991607,274,201,240,224,223.01407,8.794121,1.0465219,5.584691,32,0.585521,18,5,5,2468.64444613771
D001,NR003,S024,NR003_S024,NA,Canada,Sydenham River,2,Nearctic,NE04,NA2,-81.6451115,42.93918652,-81.64615251,42.94278545,-81.6536,42.9462,15,NA,215.13397,229,0.171,212440.45,7.960417,9.408333,25.847069,997.43036,26.8,-9.6,36.4,10.116667,-3.8666668,19.833334,-4.5833335,973,97,64,12.71953,274,204,240.5,227,199.46634,8.305012,1.0465219,5.51501,12,0.720578,34,9,7,2468.64444613771
D001,NR003,S025,NR003_S025,NA,Canada,Sydenham River,2,Nearctic,NE04,NA2,-81.63508476,42.94921326,-81.63640536,42.94957018,-81.6365,42.953,13,NA,180.72145,229,1.226,178904.16,7.95,9.408333,25.847069,997.4691,26.8,-9.6,36.4,10.116667,-3.8666668,19.833334,-4.6,973,97,64,12.28966,274,205,241,228,169.65552,7.1878676,1.0465219,4.5371957,12,0.662079,39,10,7,2468.64444613771
D001,NR003,S026,NR003_S026,NA,Canada,Sydenham River,2,Nearctic,NE04,NA2,-81.60114811,42.96232515,-81.60331818,42.96952064,-81.5997,42.9679,10,NA,161.52264,236,1.226,160223.06,7.9375,9.424999,25.84707,996.6839,26.9,-9.6,36.5,10.099999,-3.8500001,19.833334,-4.6,977,96,64,11.769047,274,207,242,230,153.99908,6.140192,0.5579506,0.4879494,12,0.609582,35,9,8,2468.64444613771
D001,NR003,S027,NR003_S027,NA,Canada,Sydenham River,2,Nearctic,NE04,NA2,-81.57800948,42.97852219,-81.57623916,42.98189151,-81.5797,42.9829,13,NA,135.75302,238.5,1.226,135015.05,7.8916664,9.4125,25.869965,994.03094,26.8,-9.6,36.4,10.05,-3.8583336,19.733334,-4.616667,978.5,95,64,11.632578,275,208,242.5,232,129.44412,4.395415,0.5579506,0.6271908,32,0.576437,29,8,6,2468.64444613771
D001,NR003,S028,NR003_S028,NA,Canada,Sydenham River,2,Nearctic,NE04,NA2,-81.51090746,42.99780438,-81.51194253,42.99791146,-81.5119,42.9989,13,NA,67.33309,252.5,0.651,67405.69,7.789583,9.366667,25.837925,992.3247,26.6,-9.7,36.3,9.916667,-3.95,19.591667,-4.733333,990,96,64,11.473614,277,212,245,235,65.95082,1.1158034,0.41841567,0.4878263,32,0.605152,26,6,5,2468.64444613771
D001,NR003,S029,NR003_S029,NA,Canada,Sydenham River,2,Nearctic,NE04,NA2,-81.50242329,43.01168756,-81.50224483,43.01043834,-81.5019,43.0113,14,NA,63.61588,254,0.651,63727.906,7.775,9.375,25.895317,992.3247,26.6,-9.7,36.3,9.883333,-3.9666667,19.583334,-4.733333,991,96,64,11.515055,278,212,244,235,62.11413,0.97625583,0.41841567,0.4181472,32,0.615592,19,6,5,2468.64444613771
D001,NR003,S030,NR003_S030,NA,Canada,Sydenham River,2,Nearctic,NE04,NA2,-81.48159853,43.0340549,-81.48379953,43.03607744,-81.48034314,43.03371409,13,NA,47.839874,261.5,0.379,48068.61,7.71875,9.35,25.888735,989.7766,26.5,-9.65,36.15,9.808333,-3.95,19.508333,-4.75,994,97,64,11.724556,279,213,245,237,48.44139,0.48803157,0,0.34840178,32,0.585369,25,5,5,2468.64444613771
D003,NR004,S001,NR004_S001,NA,US,Cuyahoga River,2,Nearctic,NE04,NA2,-81.16448415,41.34894742,-81.16448415,41.34894742,-81.1645,41.3489,NA,0,383.78052,346.5,6.232,404508.28,9.008333,10.7125,29.839832,928.6841,27.1,-8.8,35.9,17.95,-1.75,20.083334,-2.8166666,1053,103,57.5,16.131111,298,204,298,210,18.028805,253.66391,98.8767,4.503477,32,0.390128,11.6295,5,5,641.069133162871
D003,NR004,S002,NR004_S002,NA,US,Cuyahoga River,2,Nearctic,NE04,NA2,-81.678992,41.485641,-81.67789745,41.48630725,-81.67880964,41.48546675,0,1,2056.9802,193,0.32,2028511.1,10.691667,10.583333,28.978592,960.66064,29.2,-7.2,36.5,22.25,-0.35000005,22.25,-1.4333334,950.5,95,53,17.715992,277,182,277,185.5,167.4375,780.0911,564.23145,518.63354,11,0.906488,47.2049,10,10,641.069133162871
D003,NR004,S003,NR004_S003,NA,US,Cuyahoga River,2,Nearctic,NE04,NA2,-81.52206712,41.11745937,-81.52212661,41.11869669,-81.5232,41.1212521,2,0,734.8026,304.5,13.149,747844.06,10.195833,10.875,29.726,950.9144,28.650002,-7.9,36.6,19.516666,-1.9416667,21.558334,-1.9416667,963.5,99,55,17.527634,284,190,281.5,190,47.392258,366.4843,237.0798,70.232635,11,0.6265,40.7282,10,10,641.069133162871
D003,NR004,S004,NR004_S004,NA,US,Cuyahoga River,2,Nearctic,NE04,NA2,-81.677299,41.444157,-81.67712768,41.44396664,-81.6787,41.4437,0,0,1899.2484,201,27.429,1878376.5,10.6625,10.691667,29.37271,956.41724,29.2,-7.2,36.4,22.133333,-0.30000007,22.133333,-1.45,945,94,53,17.49879,275,182,275,185,160.06888,770.7996,558.15027,375.80673,11,0.937048,47.0845,10,10,641.069133162871
D003,NR004,S005,NR004_S005,NA,US,Cuyahoga River,2,Nearctic,NE04,NA2,-81.16733333,41.33803333,-81.16733333,41.33803333,-81.1654,41.3381,2,1,385.0698,346,6.232,405862.22,9.008333,10.725,29.897865,928.62067,27.1,-8.8,35.9,17.966667,-1.75,20.1,-2.8166666,1052,103,57,16.221977,298,203,298,209,18.028805,254.59503,99.091576,4.503477,32,0.428499,14,5,5,641.069133162871
D003,NR004,S006,NR004_S006,NA,US,Cuyahoga River,2,Nearctic,NE04,NA2,-81.675583,41.481574,-81.67534505,41.48273399,-81.6753,41.4821,2,1,2056.5168,194.5,14.415999,2028075.5,10.691667,10.591667,28.995434,960.66064,29.2,-7.2,36.5,22.25,-0.35000005,22.25,-1.4333334,950.5,95,53,17.715992,277,182,277,186,167.4375,780.0911,564.23145,518.2047,11,0.906488,47.2049,10,10,641.069133162871
D003,NR004,S007,NR004_S007,NA,US,Cuyahoga River,2,Nearctic,NE04,NA2,-81.23310386,41.27373467,-81.23310386,41.27373467,-81.2339,41.2761,3,0,422.44125,347,6.232,444594.9,9.1375,10.791667,29.963066,932.53156,27.4,-8.7,36,18.166666,-1.6,20.3,-2.7333333,1031,101,57,16.30209,295,202,293,205,20.179783,278.74738,107.90997,5.005316,32,0.483111,33,9,6,641.069133162871
D003,NR004,S008,NR004_S008,NA,US,Cuyahoga River,2,Nearctic,NE04,NA2,-81.15885,41.39693333,-81.15713679,41.3979327,-81.1571,41.3971,1,0,365.39673,344.5,3.7600002,385078.6,8.9125,10.7125,29.88626,928.86487,27,-8.8,35.9,17.841667,-1.8666667,19.983334,-2.8833334,1064,104,58,16.08836,300,205.5,300,213,17.52735,240.62448,96.441154,4.503477,32,0.370708,15,6,5,641.069133162871
D003,NR004,S009,NR004_S009,NA,US,Cuyahoga River,2,Nearctic,NE04,NA2,-81.703449,41.488853,-81.70287793,41.48961443,-81.69948923,41.49465692,0,0,2068.0896,190,28.996,2038962.8,10.545834,10.308333,28.55494,956.11536,28.9,-7.2,36.1,22.05,-0.5166666,22.05,-1.4833333,938,94,52,17.400215,274,180,274,184,167.50897,780.0911,564.23145,529.9976,11,0.907781,47.7362,10,10,641.069133162871
D003,NR004,S010,NR004_S010,NA,US,Cuyahoga River,2,Nearctic,NE04,NA2,-81.56314046,41.14409513,-81.5631595,41.14453295,-81.5613,41.1455,2,0,1094.9966,272,8.8765,1091602.8,10.035417,10.783334,29.730732,943.1704,28.4,-7.8,36.3,19.191666,-1.9583335,21.283333,-1.9666668,956,98,54,17.719566,282,188,280,188,96.31502,438.7397,362.77383,169.36761,11,0.55216,37.8525,10,9,641.069133162871
D003,NR004,S011,NR004_S011,NA,US,Cuyahoga River,2,Nearctic,NE04,NA2,-81.22707878,41.27651059,-81.22707878,41.27651059,-81.228,41.2786,2,0,420.76358,349,6.232,442861.75,9.129167,10.791667,29.976852,932.0269,27.4,-8.7,36,18.15,-1.6333333,20.283333,-2.75,1033,101,57,16.23409,295,202,293,206,20.179783,278.10217,106.97792,4.933621,32,0.507319,41,9,6,641.069133162871
D003,NR004,S012,NR004_S012,NA,US,Cuyahoga River,2,Nearctic,NE04,NA2,-81.15595,41.4125,-81.15606421,41.41227157,-81.1579,41.4124,3,0,352.0586,341,1.822,370807.3,8.9375,10.666667,29.78352,928.13635,27,-8.8,35.8,17.891666,-1.8416667,20.008333,-2.875,1065,104,58,16.06158,300,205,300,213,15.738893,230.39908,92.43551,4.503477,32,0.337555,14,5,5,641.069133162871
D003,NR004,S013,NR004_S013,NA,US,Cuyahoga River,2,Nearctic,NE04,NA2,-81.58388,41.181709,-81.58302339,41.18210161,-81.5796,41.1822,0,0,1197.8052,266.5,18.589,1190711.4,9.829166,10.716667,29.6875,938.8716,28.150002,-7.95,36.1,18.95,-0.9083334,21.066666,-2.1166668,953.5,96,54,17.427813,279.5,188,278,188,100.767975,492.3276,398.97388,176.76747,51,0.436134,27.3395,9,7,641.069133162871
D003,NR004,S014,NR004_S014,NA,US,Cuyahoga River,2,Nearctic,NE04,NA2,-81.15888333,41.41858333,-81.15888333,41.41858333,-81.1597,41.4185,1,0,347.89905,342.5,1.458,366349.3,8.954166,10.645833,29.73035,928.405,27,-8.8,35.8,17.95,-1.8166667,20.033333,-2.8666668,1065,104,58,16.03263,299,205,299,213,15.023493,227.46585,91.86317,4.503477,12,0.337555,14,5,5,641.069133162871
D003,NR004,S015,NR004_S015,NA,US,Cuyahoga River,2,Nearctic,NE04,NA2,-81.664195,41.434384,-81.66471848,41.43462195,-81.6654,41.4346,2,0,1893.6414,198,27.429,1873059.8,10.654166,10.7,29.441391,954.0976,29.1,-7.2,36.3,22.1,-0.25,22.1,-1.4166667,943,94,53,17.408798,275,182,275,185,160.06775,770.2997,560.58923,373.95428,11,0.700438,34.5269,10,10,641.069133162871
D003,NR004,S016,NR004_S016,NA,US,Cuyahoga River,2,Nearctic,NE04,NA2,-81.20072516,41.30293823,-81.20072516,41.30293823,-81.1995,41.3022,2,1,399.61768,350,6.232,421130.78,9.0625,10.75,29.907408,929.8292,27.2,-8.7,35.9,18.033333,-1.6916667,20.15,-2.7833333,1043.5,102,57,16.203724,296.5,203,295.5,208,18.602116,266.56027,101.02603,4.503477,32,0.475682,17,7,6,641.069133162871
D003,NR004,S017,NR004_S017,NA,US,Cuyahoga River,2,Nearctic,NE04,NA2,-81.15737203,41.38289094,-81.15713408,41.38336683,-81.15387877,41.38547621,3,0,368.84967,345,4.852,388735.78,8.979167,10.666667,29.712164,930.8814,27.1,-8.8,35.9,17.933334,-1.8333334,20.1,-2.8500001,1061,103,58,16.009827,299,205,299,212,17.885536,242.41571,97.58431,4.431966,32,0.407748,18,5,5,641.069133162871
D003,NR004,S018,NR004_S018,NA,US,Cuyahoga River,2,Nearctic,NE04,NA2,-81.21658481,41.28487037,-81.21632307,41.28503693,-81.2169,41.2856,5,1,405.67502,358,6.232,427342.94,9.075,10.758333,29.88426,931.88184,27.3,-8.7,36,18.083334,-1.6833333,20.2,-2.7833333,1040,102,57,16.188133,296,203,295,207,18.816895,270.9325,102.10123,4.503477,32,0.449164,32,8,6,641.069133162871
D003,NR004,S019,NR004_S019,NA,US,Cuyahoga River,2,Nearctic,NE04,NA2,-81.666138,41.42701,-81.66628077,41.42786661,-81.66557026,41.42713231,0,0,1893.062,194,27.057,1872512.2,10.629167,10.7,29.453627,952.88666,29.1,-7.3,36.3,22.083334,-0.28333345,22.083334,-1.4333334,943,94,53,17.548697,275,182,275,185,159.99644,771.79254,557.7129,374.2997,11,0.753011,34.3944,10,10,641.069133162871
D003,NR004,S020,NR004_S020,NA,US,Cuyahoga River,2,Nearctic,NE04,NA2,-81.5381261,41.12984237,-81.53793574,41.13039441,-81.5378,41.1303,4,0,1009.76276,279,13.149,1008841.06,10.220834,10.883333,29.81735,947.9726,28.7,-7.8,36.5,19.483334,-1.8833333,21.566668,-1.8833333,956,98,54,17.76379,282,188,280,188,91.504166,416.6221,335.63458,141.72182,11,0.579574,30.6815,10,10,641.069133162871
D003,NR004,S021,NR004_S021,NA,US,Cuyahoga River,2,Nearctic,NE04,NA2,-81.16263611,41.3629835,-81.16263611,41.3629835,-81.1612,41.3629,3,1,375.95636,345.5,4.852,396258.47,8.970834,10.733334,29.897865,928.95294,27.1,-8.8,35.9,17.9,-1.8000001,20.058334,-2.8416667,1056,103,57.5,16.233067,299,203.5,298,210.5,18.028805,246.35985,98.16067,4.503477,32,0.364701,13.6295,7,5,641.069133162871
D003,NR004,S022,NR004_S022,NA,US,Cuyahoga River,2,Nearctic,NE04,NA2,-81.15076667,41.37728333,-81.15280706,41.38022196,-81.15104271,41.37727145,0,0,373.52713,350,4.852,393695.2,8.954166,10.725,29.874653,929.0223,27.1,-8.8,35.9,17.9,-1.85,20.050001,-2.8666666,1061,103,58,16.03971,299,205,299,212,17.742872,246.48984,98.29034,4.360112,32,0.395668,15,6,5,641.069133162871
D003,NR004,S023,NR004_S023,NA,US,Cuyahoga River,2,Nearctic,NE04,NA2,-81.15741667,41.38608333,-81.15717872,41.38660681,-81.15593087,41.38769036,0,0,367.79303,344.5,4.852,387617.88,8.964584,10.670834,29.758589,929.25867,27.1,-8.8,35.9,17.916668,-1.8416667,20.066668,-2.8583336,1061.5,103,58,16.05412,299,205,299,212,17.885536,241.6283,97.36955,4.431966,32,0.407748,18,5,5,641.069133162871
D003,NR004,S024,NR004_S024,NA,US,Cuyahoga River,2,Nearctic,NE04,NA2,-81.22239229,41.2797217,-81.2223566,41.27868663,-81.2230288,41.28105704,1,0,419.96985,355,6.232,442043.78,9.108334,10.791667,29.976852,931.8167,27.3,-8.7,36,18.133333,-1.6333333,20.25,-2.75,1036,101,57,16.23409,295,203,294,207,20.681858,278.67615,108.05443,4.7905927,32,0.555631,41,9,6,641.069133162871
D003,NR004,S025,NR004_S025,NA,US,Cuyahoga River,2,Nearctic,NE04,NA2,-81.15651667,41.4252,-81.15542212,41.42634214,-81.1555,41.4253,1,0,213.47595,343.5,1.7605,230529.72,8.889584,10.6875,29.853352,927.41327,27,-8.8,35.8,19.966667,-1.8833334,19.966667,-2.9,1071,104,58,16.111492,301,205.5,301,214,6.574646,139.36469,60.0826,4.0739017,12,0.356361,14,5,5,641.069133162871
D003,NR004,S026,NR004_S026,NA,US,Cuyahoga River,2,Nearctic,NE04,NA2,-81.677299,41.444157,-81.67712768,41.44396664,-81.6787,41.4437,0,0,1899.2484,201,27.429,1878376.5,10.6625,10.691667,29.37271,956.41724,29.2,-7.2,36.4,22.133333,-0.30000007,22.133333,-1.45,945,94,53,17.49879,275,182,275,185,160.06888,770.7996,558.15027,375.80673,11,0.937048,47.0845,10,10,641.069133162871
D003,NR004,S027,NR004_S027,NA,US,Cuyahoga River,2,Nearctic,NE04,NA2,-81.683129,41.460835,-81.68281967,41.46045429,-81.6831,41.4608,2,0,2006.1964,202,27.429,1979484.8,10.645833,10.629167,29.166666,957.9555,29.2,-7.2,36.4,22.158333,-0.32500002,22.158333,-1.4416667,944,94.5,53,17.630417,275.5,182,275.5,185,167.22377,776.0241,564.0934,465.66922,11,0.942339,43.0738,10,10,641.069133162871
D003,NR004,S028,NR004_S028,NA,US,Cuyahoga River,2,Nearctic,NE04,NA2,-81.54780149,41.13340736,-81.54624056,41.13368219,-81.5455,41.1346,2,1,1011.04974,274,17.448,1010071.75,10.191667,10.858334,29.748857,946.85205,28.7,-7.8,36.4,19.433334,-1.8833333,21.533333,-1.9,956,98,54,17.76379,282,188,280,188,93.227264,418.06543,334.502,138.48846,11,0.724709,29.8525,10,9,641.069133162871
D003,NR004,S029,NR004_S029,NA,US,Cuyahoga River,2,Nearctic,NE04,NA2,-81.55639571,41.13783586,-81.55639571,41.13783586,-81.5548,41.139,4,1,1084.7202,280,8.8765,1081995.9,10.0625,10.783334,29.72911,943.1888,28.4,-7.8,36.3,19.266666,-1.8499999,21.366667,-1.9666668,956,98,54,17.728167,282,188,280,188,96.312546,433.86615,360.1174,167.64432,11,0.64866,29.8525,10,9,641.069133162871
D003,NR004,S030,NR004_S030,NA,US,Cuyahoga River,2,Nearctic,NE04,NA2,-81.21081403,41.2907584,-81.21043332,41.29047286,-81.2107,41.2903,2,0,404.1654,356,6.232,425816.25,9.072916,10.766666,29.907408,930.9675,27.3,-8.7,36,18.066666,-1.6833333,20.191666,-2.7833333,1042,102,57,16.194923,296,203,295,207.5,18.816895,269.78546,101.599365,4.503477,32,0.531349,32,8,6,641.069133162871
D003,NR004,S031,NR004_S031,NA,US,Cuyahoga River,2,Nearctic,NE04,NA2,-81.15318334,41.37719879,-81.15395666,41.37791263,-81.1528,41.3763,1,0,373.61734,350,4.852,393790.56,8.954166,10.725,29.874653,929.0223,27.1,-8.8,35.9,17.9,-1.85,20.050001,-2.8666666,1061,103,58,16.03971,299,205,299,212,18.028713,246.3528,98.30015,4.431966,32,0.395668,15,6,5,641.069133162871
D003,NR004,S032,NR004_S032,NA,US,Cuyahoga River,2,Nearctic,NE04,NA2,-81.671395,41.467604,-81.67116657,41.46697582,-81.67871891,41.47205723,1,0,2012.355,204,28.512,1985394.1,10.65,10.633333,29.143772,958.86566,29.2,-7.2,36.4,22.166666,-0.3166668,22.166666,-1.4666667,955,96,53,18.105824,280,182,280,185,168.30777,777.6773,567.26373,473.12518,11,0.972069,43.0738,10,10,641.069133162871
D003,NR004,S033,NR004_S033,NA,US,Cuyahoga River,2,Nearctic,NE04,NA2,-81.677473,41.443194,-81.67786561,41.44297985,-81.67792379,41.44303312,0,0,1899.1838,201,27.429,1878314.8,10.6625,10.691667,29.37271,956.41724,29.2,-7.2,36.4,22.133333,-0.30000007,22.133333,-1.45,945,94,53,17.49879,275,182,275,185,160.06888,770.7996,558.15027,375.73523,11,0.937048,47.0845,10,10,641.069133162871
D003,NR004,S034,NR004_S034,NA,US,Cuyahoga River,2,Nearctic,NE04,NA2,-81.1584,41.38158333,-81.15768616,41.38185102,-81.15302411,41.38468585,0,0,368.91406,344,4.852,388803.66,8.9875,10.666667,29.712164,930.8814,27.1,-8.8,35.9,17.933334,-1.8166667,20.1,-2.8500001,1061,103,58,16.009827,299,205,299,211,17.885626,240.3464,97.15846,4.503477,32,0.395668,18,5,5,641.069133162871
D003,NR004,S035,NR004_S035,NA,US,Cuyahoga River,2,Nearctic,NE04,NA2,-81.708604,41.500043,-81.70879436,41.50037612,-81.709,41.4996,0,0,2071.2153,199.5,28.996,2041872.1,10.447916,10.175,28.321758,952.10016,28.7,-7.2,35.95,21.891666,-0.5916666,21.891666,-1.4833333,935.5,93,53,17.328484,271.5,180.5,271.5,185,167.7956,777.16785,564.0934,528.7179,61,0.408275,48,10,10,641.069133162871
D003,NR004,S036,NR004_S036,NA,US,Cuyahoga River,2,Nearctic,NE04,NA2,-81.684129,41.489249,-81.68389105,41.48951669,-81.684,41.4897,0,0,2058.2795,192.5,0.32,2029735,10.691667,10.55,28.94375,960.66064,29.2,-7.2,36.4,22.25,-0.35000005,22.25,-1.4333334,947,95,53,17.666147,277,181.5,277,185,167.7241,777.16785,564.0934,516.2102,11,0.932231,39.2387,10,10,641.069133162871
D003,NR004,S037,NR004_S037,NA,US,Cuyahoga River,2,Nearctic,NE04,NA2,-81.629411,41.392993,-81.62887562,41.39377822,-81.6286,41.3936,0,0,1806.3973,210,26.439,1788180.4,10.2625,10.608334,29.351852,946.93634,28.6,-7.5,36.100002,21.6,-0.61666656,21.633333,-1.75,949,94,53,17.24881,276,184,276,187,151.2677,761.48944,551.9899,312.20343,11,0.812915,41,10,9,641.069133162871
D003,NR004,S038,NR004_S038,NA,US,Cuyahoga River,2,Nearctic,NE04,NA2,-81.547141,41.136665,-81.54712196,41.13620814,-81.5471,41.1367,0,0,1011.121,270,17.448,1010139,10.177084,10.858334,29.783104,946.43036,28.650002,-7.8,36.4,19.383335,-1.8666666,21.483334,-1.8916667,955,98,54,17.76379,282,188,280,188,93.23206,415.70633,335.79468,142.2993,11,0.724709,29.8525,10,9,641.069133162871
D003,NR004,S039,NR004_S039,NA,US,Cuyahoga River,2,Nearctic,NE04,NA2,-81.17135,41.32778333,-81.17135,41.32778333,-81.16884771,41.32534264,2,0,387.8035,357,6.232,408739.34,8.985416,10.741667,29.927952,928.6564,27.1,-8.8,35.9,17.95,-1.7666667,20.066666,-2.8416667,1052,103,57.5,16.194935,298.5,204.5,298,210,18.028805,257.46045,99.091576,4.503477,32,0.441951,12.6295,5,6,641.069133162871
D003,NR004,S040,NR004_S040,NA,US,Cuyahoga River,2,Nearctic,NE04,NA2,-81.548578,41.241662,-81.54954882,41.241662,-81.5487,41.2421,3,0,1290.3887,249,19.837,1280467.9,9.658334,10.583333,29.705055,927.19055,27.7,-7.9,35.7,18.633333,-0.98333335,20.75,-2.15,957,95,54,17.282064,278,188,277,189,104.99844,560.13385,417.55167,181.79156,51,0.520198,41,9,6,641.069133162871
D003,NR004,S041,NR004_S041,NA,US,Cuyahoga River,2,Nearctic,NE04,NA2,-81.524711,41.117976,-81.524711,41.117976,-81.5252,41.1204,0,0,735.08075,304.5,13.149,748078.1,10.195833,10.875,29.726,950.9144,28.650002,-7.9,36.6,19.516666,-1.9416667,21.558334,-1.9416667,963.5,99,55,17.527634,284,190,281.5,190,47.821976,364.05905,236.58377,70.51941,11,0.6265,40.7282,10,10,641.069133162871
D003,NR004,S042,NR004_S042,NA,US,Cuyahoga River,2,Nearctic,NE04,NA2,-81.638878,41.414974,-81.63799165,41.41546179,-81.63798554,41.41539036,0,0,1808.961,197,26.439,1790605.8,10.404167,10.629167,29.402927,948.3906,28.8,-7.4,36.2,21.8,-0.47500005,21.8,-1.6083333,945.5,93.5,53,17.542004,274.5,182,274.5,186,151.62546,762.4198,551.9899,313.4914,11,0.864903,46,10,10,641.069133162871
D003,NR004,S043,NR004_S043,NA,US,Cuyahoga River,2,Nearctic,NE04,NA2,-81.24587134,41.26907567,-81.2461188,41.26899953,-81.24477157,41.26862361,3,0,433.83508,344,6.232,456402.12,9.162499,10.775,29.907408,933.5306,27.4,-8.6,36,18.216667,-1.5833334,20.35,-2.7166667,1030,100,57,16.30749,295,202,293,205,21.255175,282.18823,114.64792,5.005316,32,0.483111,33,9,6,641.069133162871
D003,NR004,S044,NR004_S044,NA,US,Cuyahoga River,2,Nearctic,NE04,NA2,-81.684159,41.448046,-81.68365931,41.4471537,-81.683,41.448,0,0,2002.0137,205,1.011,1975523.5,10.633333,10.658334,29.281136,956.5072,29.2,-7.2,36.4,22.133333,-0.3333333,22.133333,-1.45,945,94,53,17.49879,275,182,275,185,168.30777,777.03375,567.19226,463.18652,11,0.905222,47.0845,10,10,641.069133162871
D003,NR004,S045,NR004_S045,NA,US,Cuyahoga River,2,Nearctic,NE04,NA2,-81.669733,41.439323,-81.67035166,41.43960854,-81.66950964,41.43953795,1,0,1895.8298,198,27.429,1875142.6,10.654166,10.691667,29.37271,954.7211,29.1,-7.2,36.4,22.1,-0.30000007,22.1,-1.45,945,94,53,17.558315,275,182,275,185,160.06775,771.0864,560.58923,375.16998,11,0.745656,34.5269,10,10,641.069133162871
D003,NR004,S046,NR004_S046,NA,US,Cuyahoga River,2,Nearctic,NE04,NA2,-81.1637,41.35051667,-81.1637,41.35051667,-81.1646,41.3512,0,0,383.74182,346.5,6.232,404467.66,9.008333,10.7125,29.839832,928.6841,27.1,-8.8,35.9,17.95,-1.75,20.083334,-2.8166666,1053,103,57.5,16.131111,298,204,298,210,18.028805,253.66391,98.8767,4.503477,32,0.390128,11.6295,5,5,641.069133162871
D003,NR004,S047,NR004_S047,NA,US,Cuyahoga River,2,Nearctic,NE04,NA2,-81.657798,41.420158,-81.65715555,41.42055061,-81.65757026,41.42033231,0,0,1891.1176,205,13.464,1870677.9,10.529166,10.683333,29.43067,952.00854,29,-7.3,36.3,21.966667,-0.3500001,21.966667,-1.5000001,946,94,53,17.469982,275,182,275,186,159.35352,768.51086,558.15027,370.87158,11,0.869093,34.1839,10,10,641.069133162871
D003,NR004,S048,NR004_S048,NA,US,Cuyahoga River,2,Nearctic,NE04,NA2,-81.16737968,41.34008037,-81.16737968,41.34008037,-81.1655,41.3403,1,0,384.9215,346,6.232,405706.72,9.008333,10.725,29.897865,928.62067,27.1,-8.8,35.9,17.966667,-1.75,20.1,-2.8166666,1052,103,57,16.221977,298,203,298,209,18.028805,254.45175,99.091576,4.503477,32,0.428499,14,5,5,641.069133162871
D003,NR004,S049,NR004_S049,NA,US,Cuyahoga River,2,Nearctic,NE04,NA2,-81.639279,41.416104,-81.63860085,41.41635384,-81.63968554,41.41709036,2,0,1808.9929,197,26.439,1790636,10.416667,10.65,29.41989,948.9356,28.8,-7.4,36.2,21.816666,-0.46666673,21.816666,-1.6,945,94,53,17.558315,275,182,275,186,151.62625,759.9246,551.7115,311.70673,11,0.864903,46,10,10,641.069133162871
D003,NR004,S050,NR004_S050,NA,US,Cuyahoga River,2,Nearctic,NE04,NA2,-81.560156,41.262888,-81.56049864,41.26385882,-81.55952849,41.26371415,0,0,1306.4636,226,20.355,1295989.2,9.7625,10.591666,29.723387,926.75244,27.8,-7.8,35.6,18.708334,-0.8833333,20.824999,-2.0333333,951,94,53,17.32837,277,185,276,187,105.64466,575.9752,417.61975,180.06485,12,0.564936,41,9,6,641.069133162871
D003,NR004,S051,NR004_S051,NA,US,Cuyahoga River,2,Nearctic,NE04,NA2,-81.17250907,41.32691433,-81.17221164,41.32697382,-81.1703,41.3238,2,0,387.98404,350,6.232,408928.34,9.008333,10.741667,29.934824,928.6044,27.1,-8.8,35.9,17.966667,-1.75,20.1,-2.8166666,1050,103,57,16.232918,298,203,298,209,18.028805,257.60376,99.091576,4.503477,32,0.429381,12.6295,5,6,641.069133162871
D003,NR004,S052,NR004_S052,NA,US,Cuyahoga River,2,Nearctic,NE04,NA2,-81.52647978,41.11906174,-81.52647978,41.11906174,-81.528,41.1204,0,1,1005.4098,297,8.688,1004681.06,10.233334,10.891666,29.765139,950.9144,28.7,-7.9,36.6,19.566666,-1.9250001,21.616667,-1.9250001,960.5,99,55,17.638111,284,189,281,189,91.71901,412.469,333.34198,141.14754,11,0.598348,31.3395,10,10,641.069133162871
D003,NR004,S053,NR004_S053,NA,US,Cuyahoga River,2,Nearctic,NE04,NA2,-81.16113333,41.40428333,-81.16041949,41.40380744,-81.1571,41.4036,0,1,353.06967,342,2.245,371882.9,8.95,10.675,29.795158,928.2584,27,-8.8,35.8,17.866667,-1.8166667,20.033333,-2.8666668,1064,104,58,16.079556,300,205,300,213,15.738893,231.32927,92.507065,4.503477,32,0.38448,14,5,5,641.069133162871
D003,NR004,S054,NR004_S054,NA,US,Cuyahoga River,2,Nearctic,NE04,NA2,-81.21658481,41.28487037,-81.21632307,41.28503693,-81.2175,41.2856,0,2,405.67502,358,6.232,427342.94,9.075,10.758333,29.88426,931.88184,27.3,-8.7,36,18.083334,-1.6833333,20.2,-2.7833333,1040,102,57,16.188133,296,203,295,207,18.816895,270.9325,102.10123,4.503477,32,0.449164,32,8,6,641.069133162871
D003,NR004,S055,NR004_S055,NA,US,Cuyahoga River,2,Nearctic,NE04,NA2,-81.670943,41.475447,-81.67032434,41.47606566,-81.6746,41.4761,0,0,2027.6637,196,28.512,2000206.8,10.691667,10.608334,29.13242,959.7754,29.2,-7.2,36.5,22.233334,-0.31666663,22.233334,-1.4333334,954,96,53,18.1938,280,182,280,185,166.93713,779.01904,564.16,491.11505,11,0.963176,47.1496,10,10,641.069133162871
D003,NR004,S056,NR004_S056,NA,US,Cuyahoga River,2,Nearctic,NE04,NA2,-81.693352,41.487623,-81.69278093,41.48862237,-81.6927,41.4882,0,0,2066.4114,193,28.754,2037389.2,10.5875,10.433333,28.764921,959.39246,29.1,-7.2,36.3,22.133333,-0.4666667,22.133333,-1.5,940,94,53,17.518356,274,181,274,185,167.50897,780.0911,564.23145,528.1397,11,0.907781,39.4875,10,10,641.069133162871
D003,NR004,S057,NR004_S057,NA,US,Cuyahoga River,2,Nearctic,NE04,NA2,-81.51505256,41.12303434,-81.51490384,41.12380766,-81.5156,41.1238,1,0,730.47534,313,13.149,743899.1,10.1625,10.875,29.713114,951.556,28.6,-8,36.6,19.483334,-1.9916667,21.533333,-1.9916667,969.5,99,55,17.51298,286,191,283,191,47.536083,364.75775,237.08188,67.57362,11,0.866258,32.7282,10,10,641.069133162871
D003,NR004,S058,NR004_S058,NA,US,Cuyahoga River,2,Nearctic,NE04,NA2,-81.15995,41.36871667,-81.16187736,41.3703347,-81.1589,41.3683,1,0,374.56448,350,2.4785001,394789.9,8.9125,10.725,29.921078,929.1715,27.1,-8.9,35.9,17.866667,-1.8666666,20,-2.9166665,1059,104,58,16.047148,300,205,299,212,18.028772,245.85207,97.22125,4.217129,32,0.435093,13.6295,7,5,641.069133162871
D003,NR004,S059,NR004_S059,NA,US,Cuyahoga River,2,Nearctic,NE04,NA2,-81.25497258,41.25905394,-81.2549012,41.25952507,-81.2562665,41.26041929,2,0,435.56482,345.5,6.232,458178.12,9.164583,10.766666,29.895834,933.7257,27.4,-8.6,36,18.216667,-1.5916667,20.35,-2.7,1029,100,57,16.264439,294,202,292,205,21.613905,285.04565,116.005844,4.9338045,32,0.495549,29,9,6,641.069133162871
D003,NR004,S060,NR004_S060,NA,US,Cuyahoga River,2,Nearctic,NE04,NA2,-81.1563,41.37473333,-81.15644872,41.37547691,-81.1554,41.3738,0,0,374.06833,350,2.4785001,394266.25,8.962501,10.725,29.874653,929.1715,27.1,-8.8,35.9,17.9,-1.8333334,20.050001,-2.8666666,1059,103,58,16.047148,299,205,299,212,18.028713,246.78232,98.30015,4.431966,32,0.395668,15,6,5,641.069133162871
D003,NR004,S061,NR004_S061,NA,US,Cuyahoga River,2,Nearctic,NE04,NA2,-81.515063,41.123059,-81.51491428,41.12383232,-81.515,41.1238,0,0,730.47534,313,13.149,743899.1,10.1625,10.875,29.713114,951.556,28.6,-8,36.6,19.483334,-1.9916667,21.533333,-1.9916667,969.5,99,55,17.51298,286,191,283,191,47.536083,364.75775,237.08188,67.57362,11,0.866258,32.7282,10,10,641.069133162871
D003,NR004,S062,NR004_S062,NA,US,Cuyahoga River,2,Nearctic,NE04,NA2,-81.692506,41.493653,-81.69203011,41.49379577,-81.69297589,41.49375949,0,0,2066.7073,203,28.996,2037666.5,10.579166,10.425,28.719007,958.4966,29,-7.3,36.3,22.116667,-0.48333338,22.116667,-1.5,940,94,53,17.518356,274,181,274,185,167.7956,777.16785,564.0934,524.3588,11,0.907781,39.4875,10,10,641.069133162871
D003,NR004,S063,NR004_S063,NA,US,Cuyahoga River,2,Nearctic,NE04,NA2,-81.15976667,41.3908,-81.15891006,41.39089518,-81.1571,41.3909,1,0,366.3114,344,4.852,386047.47,8.945833,10.691667,29.795158,928.96686,27,-8.8,35.9,17.866667,-1.8500001,20.033333,-2.8666668,1063,104,58,16.079556,300,205,300,213,17.74248,238.19907,96.9437,4.503477,32,0.407748,18,5,5,641.069133162871
D003,NR004,S064,NR004_S064,NA,US,Cuyahoga River,2,Nearctic,NE04,NA2,-81.15462989,41.38242415,-81.15454066,41.38209697,-81.1513,41.3823,1,0,369.0236,344.5,4.852,388919.16,8.977083,10.670834,29.72377,930.18823,27.1,-8.8,35.9,17.933334,-1.825,20.091667,-2.8500001,1060,103,58,15.999651,299,205,299,211.5,17.885626,240.418,97.15846,4.503477,32,0.395668,18,5,5,641.069133162871
D003,NR004,S065,NR004_S065,NA,US,Cuyahoga River,2,Nearctic,NE04,NA2,-81.712785,41.503674,-81.71130973,41.50229391,-81.7128,41.5037,1,0,2071.3699,199,28.996,2041931.5,10.45,10.158334,28.333334,952.02856,28.7,-7.2,35.9,21.9,-0.5833333,21.9,-1.4833333,935,93,53,17.339294,271,180,271,185,170.60126,780.3968,566.339,528.0813,61,0.408275,48,10,10,641.069133162871
D003,NR004,S066,NR004_S066,NA,US,Cuyahoga River,2,Nearctic,NE04,NA2,-81.51962757,41.12168653,-81.51962757,41.12168653,-81.5204,41.1228,3,0,732.2474,306.5,13.149,745392.06,10.170834,10.866667,29.714615,951.4282,28.6,-7.9,36.6,19.483334,-1.9583334,21.533333,-1.9583334,966.5,99,55,17.498905,284,190.5,282,190.5,47.75045,363.41217,236.43982,68.50699,11,0.6265,31.3395,10,10,641.069133162871
D003,NR004,S067,NR004_S067,NA,US,Cuyahoga River,2,Nearctic,NE04,NA2,-81.16215114,41.37009471,-81.16215114,41.37009471,-81.1578717,41.3703521,1,0,374.56448,350,2.4785001,394789.9,8.9125,10.725,29.921078,929.1715,27.1,-8.9,35.9,17.866667,-1.8666666,20,-2.9166665,1059,104,58,16.047148,300,205,299,212,18.028805,245.1427,97.94588,4.503477,32,0.435093,13.6295,7,5,641.069133162871
D003,NR004,S068,NR004_S068,NA,US,Cuyahoga River,2,Nearctic,NE04,NA2,-81.1946922,41.31015153,-81.1946922,41.31015153,-81.194,41.3095,2,1,396.5153,350.5,6.232,417881.94,9.043751,10.7375,29.87949,929.4088,27.2,-8.7,35.9,18.016666,-1.7083334,20.133333,-2.7916665,1047,102,57.5,16.124413,297,204,296,208.5,18.17212,264.48203,100.5244,4.503477,32,0.468587,21,7,6,641.069133162871
D003,NR004,S069,NR004_S069,NA,US,Cuyahoga River,2,Nearctic,NE04,NA2,-81.18341435,41.31662386,-81.18343814,41.31702837,-81.1829,41.3162,2,0,391.20197,368,6.232,412317.62,8.962501,10.741667,29.907408,928.8437,27.1,-8.8,35.9,17.933334,-1.7833333,20.050001,-2.8666666,1054,103,58,16.112389,298,206,297,211,18.17212,260.61307,99.16323,4.503477,32,0.381847,16,6,6,641.069133162871
D003,NR004,S070,NR004_S070,NA,US,Cuyahoga River,2,Nearctic,NE04,NA2,-81.28321608,41.24900957,-81.28291865,41.24877162,-81.2829,41.2487,3,0,462.90643,341,6.232,485440.5,9.216666,10.783333,29.87073,935.7782,27.5,-8.6,36.1,18.283333,-1.5666667,20.416666,-2.6833334,1020,99,56.5,16.45869,293,200.5,290,202.5,28.571253,289.6461,130.35413,6.0811443,12,0.56344,33,9,6,641.069133162871
D003,NR004,S071,NR004_S071,NA,US,Cuyahoga River,2,Nearctic,NE04,NA2,-81.57106698,41.15556702,-81.57029366,41.15634034,-81.568,41.1563,1,0,1106.231,267,18.038,1102407.5,9.920834,10.783333,29.776646,939.7046,28.3,-7.9,36.2,19.083332,-0.90833336,21.183332,-2.0416665,954.5,97,54,17.591858,281,187.5,279,187.5,96.67418,444.84442,366.79535,170.22937,11,0.499023,36.8525,10,8,641.069133162871
D003,NR004,S072,NR004_S072,NA,US,Cuyahoga River,2,Nearctic,NE04,NA2,-81.15735861,41.38616793,-81.15712066,41.38669141,-81.1555,41.3872,2,0,367.7737,344.5,4.852,387597.5,8.964584,10.670834,29.758589,929.25867,27.1,-8.8,35.9,17.916668,-1.8416667,20.066668,-2.8583336,1061.5,103,58,16.05412,299,205,299,212,17.885536,241.55672,97.36955,4.431966,32,0.407748,18,5,5,641.069133162871
D003,NR004,S073,NR004_S073,NA,US,Cuyahoga River,2,Nearctic,NE04,NA2,-81.1626,41.3609,-81.1626,41.3609,-81.1621,41.3607,0,0,378.87552,347,5.542,399344.16,8.979167,10.716667,29.828226,929.4951,27.1,-8.8,35.9,17.933334,-1.8000001,20.083334,-2.85,1056,103,58,16.05117,299,204,298,211,18.028805,249.00897,98.590256,4.503477,32,0.364701,14,5,5,641.069133162871
D003,NR004,S074,NR004_S074,NA,US,Cuyahoga River,2,Nearctic,NE04,NA2,-81.26298711,41.25213861,-81.26298711,41.25213861,-81.2647,41.2571,2,0,454.98672,350,6.232,477699.22,9.170834,10.775001,29.889036,934.3138,27.4,-8.6,36,18.233334,-1.5916667,20.358334,-2.6916666,1024.5,100,57,16.379192,294,201,291.5,204,28.141129,287.49756,124.33167,5.507446,32,0.526542,32,8,6,641.069133162871
D003,NR004,S075,NR004_S075,NA,US,Cuyahoga River,2,Nearctic,NE04,NA2,-81.702833,41.495575,-81.70216675,41.49547982,-81.7028,41.4956,0,0,2068.3406,190,28.996,2039196.9,10.483334,10.25,28.472223,953.787,28.8,-7.2,36,21.949999,-0.56666666,21.949999,-1.4833333,937,93,52,17.386663,272,180,272,184,167.7956,777.16785,564.0934,526.07385,11,0.907781,47.7362,10,10,641.069133162871
D004,NR005,S001,NR005_S001,SA,Brasil,Jequitinhonha River,4,Neotropic,NO07,SA4,-43.51643333,-18.12085,-43.51643333,-18.12085,-43.5164,-18.1213,32,6,1295.98,712.5,20.326,1799818.4,21.1875,11.674999,65.046295,203.58923,28.9,10.9,17.95,22.775,18.191668,23.216667,18.191668,1195,244.5,8,87.38562,668,28,498.5,28,9.957241,107.54802,1172.1821,3.1713085,52,0.0915685,10,0,2,50792.861658912
D004,NR005,S002,NR005_S002,SA,Brasil,Jequitinhonha River,4,Neotropic,NO07,SA4,-43.20739167,-17.31342778,-43.20739167,-17.3129043,-43.2074,-17.3134,27,5,7735.9595,612,102.722,9090203,22.295834,12.358334,68.27808,180.90836,30.2,12.1,18.1,23.533333,19.566668,24.016666,19.566668,1011,228,4,93.72375,590,17,402,17,386.7583,1041.9164,6291.9663,4.260623,32,0.241681,17,0,2,50792.861658912
D004,NR005,S003,NR005_S003,SA,Brasil,Jequitinhonha River,4,Neotropic,NO07,SA4,-42.73108333,-16.87716667,-42.7313879,-16.87618225,-42.7316,-16.8767,23,7,9924.91,560,123.946,11298935,22.6625,12.558333,69.38306,173.46895,30.9,12.8,18.099998,23.833334,20.116667,24.366667,20.116667,925,214,4,94.87717,539,17,366,17,412.19202,1688.2385,7799.372,4.5341268,33,0.0677665,14.3122,0,3,50792.861658912
D004,NR005,S004,NR005_S004,SA,Brasil,Jequitinhonha River,4,Neotropic,NO07,SA4,-42.82944444,-16.60666667,-42.82870205,-16.60615271,-42.8289,-16.6062,22,6,4130.177,652,43.221,4177428.2,22.054167,12.841666,70.60439,176.75258,30.4,12.2,18.2,23.283333,19.5,23.75,19.5,950,216,5,93.77188,556,20,368,20,393.87262,342.3015,3390.0151,0.45730186,43,0.0927364,9.25002,0,2,50792.861658912
D004,NR005,S005,NR005_S005,SA,Brasil,Jequitinhonha River,4,Neotropic,NO07,SA4,-42.56993889,-16.74079167,-42.57001027,-16.74036337,-42.5699,-16.7405,19,6,15900.8,579,180.494,17197556,22.45,12.7,69.688644,175.31792,30.9,12.6,18.2,23.65,19.9,24.183332,19.9,909,209,5,94.065926,526,18,356,18,828.54,2616.251,12374.605,5.3573103,42,0.291284,8.31868,1,3,50792.861658912
D004,NR005,S006,NR005_S006,SA,Brasil,Jequitinhonha River,4,Neotropic,NO07,SA4,-42.11647222,-16.87441667,-42.11647222,-16.87441667,-42.1165,-16.8744,21,8,15235.068,320,108.659,16289505,24.095833,13.541667,69.44444,170.47266,32.9,13.4,19.5,25.116667,21.658333,25.808332,21.658333,841,168,3,90.39931,476,14,324.5,14,870.78076,6212.2734,8090.8223,26.650274,33,0.42915,15.7575,0,4,50792.861658912
D004,NR005,S007,NR005_S007,SA,Brasil,Jequitinhonha River,4,Neotropic,NO07,SA4,-41.01466667,-16.42661111,-41.0145239,-16.42608763,-41.01458103,-16.42621334,15,6,50520.08,224.5,321.11,50598220,24.627083,11.366667,65.799614,189.92174,32.35,15.1,17.300001,26.033333,21.916668,26.483334,21.916668,829,182,11,85.246124,463,39,286,39,4107.302,14573.768,31682.453,57.351486,23,0.654565,23,5,3,50792.861658912
D004,NR005,S008,NR005_S008,SA,Brasil,Jequitinhonha River,4,Neotropic,NO07,SA4,-40.58462222,-16.14061111,-40.57624652,-16.12195614,-40.57710708,-16.12110739,25,5,59812.324,204,345.978,58585948,24.412498,10.733334,65.85366,180.10892,31.75,15.4,16.3,25.766666,22.541666,26.208334,21.833332,822,154.5,17.5,69.47794,407,64.5,262,66,4782.1094,19815.93,34997.098,77.88397,42,0.154722,22.75,0,4,50792.861658912
D004,NR005,S009,NR005_S009,SA,Brasil,Jequitinhonha River,4,Neotropic,NO07,SA4,-39.8916,-15.99751944,-39.89167138,-15.99884004,-39.8916,-15.9987,20,5,66780.46,122,385.5,64528436,24.516666,9.25,64.25288,171.24988,31.2,16.8,14.300001,25.816668,22.083334,26.316668,22.083334,861,129,33,44.392395,332,122,255,122,6044.386,22257.246,38213.3,78.41913,43,0.114099,9.27698,0,2,50792.861658912
D004,NR005,S010,NR005_S010,SA,Brasil,Jequitinhonha River,4,Neotropic,NO07,SA4,-39.52418889,-15.94935833,-39.52542621,-15.94545601,-39.5241,-15.948,23,5,68141.36,98,197.95201,65844464,24.05,8.258333,64.238846,162.42247,30.2,17.4,12.9,25.35,22.216667,25.816666,21.9,1185,156,65,26.012789,391,228,309,251,6427.6304,22702.998,38765.508,80.43957,23,0.481233,12.75,0,4,50792.861658912
D004,NR005,S011,NR005_S011,SA,Brasil,Jequitinhonha River,4,Neotropic,NO07,SA4,-38.87046111,-15.85000556,-38.87731396,-15.85133806,-38.8715,-15.8484,27,6,69778.54,6,484.804,67941820,24.25,7.2749996,63.022865,158.65794,29.8,18.2,11.599998,22.983334,25.933334,26.033333,22.291666,1581,172,104,18.154049,479.5,332,344,421,6571.105,23716.488,39214.32,80.528984,23,0.545854,21.0687,6,4,50792.861658912
D005,NR006,S001,NR006_S001,EU,France,Rhone River,7,Palearctic,PA12,EU7,5.7767573,45.77875777,5.780433567,45.77857931,5.779565064,45.77618795,4,10,144.0027,278,418.956,158589.72,11.1375,9.55,34.04508,680.093,26.8,-1.4,28,11.25,4.4166665,19.65,2.8,1023,106,70,14.643623,307,227,237,235,51.707256,75.04117,17.526407,1.1992286,51,0.467996,15.7282,4,5,439.115641651052
D005,NR006,S002,NR006_S002,EU,France,Rhone River,7,Palearctic,PA12,EU7,5.54855485,45.71269302,5.548241533,45.71296847,5.547959985,45.71197918,34,12,15056.221,210.5,223.728,15299800,11.452084,9.504167,34.52593,668.7733,26.6,-1,27.5,11.65,4.666667,19.8,3.2916665,1038,112,70,17.024393,316,223,237,225,2546.2964,6286.991,3122.9456,619.2062,32,0.502293,18.2527,2,5,439.115641651052
D005,NR006,S003,NR006_S003,EU,France,Rhone River,7,Palearctic,PA12,EU7,5.54826777,45.71237055,5.548427626,45.71227072,5.547672905,45.71165671,33,10,15056.124,212,446.935,15299744,11.454166,9.516666,34.536705,668.53455,26.6,-1,27.5,11.65,4.666667,19.8,3.3,1039,112,70,17.019684,316,223,237,225,2546.2964,6286.991,3122.9456,619.2062,32,0.502293,18.2527,2,5,439.115641651052
D005,NR006,S004,NR006_S004,EU,France,Rhone River,7,Palearctic,PA12,EU7,4.82138981,45.73633726,4.82138981,45.73633726,4.822945977,45.73620877,25,9,20500.002,169,594.304,21439752,12.154166,8.466667,32.31552,656.94354,27,0.8,26.2,12.283334,5.5666666,20.516666,4.383333,824,91,51,20.477331,248,158,206,158,4116.535,8832.781,4077.3562,913.79297,11,0.923274,50,10,10,439.115641651052
D005,NR006,S005,NR006_S005,EU,France,Rhone River,7,Palearctic,PA12,EU7,4.82939489,45.7452995,4.828796626,45.74543547,4.829775604,45.74477602,27,8,20499.309,175.5,594.304,21446206,12.15625,8.4625,32.299618,657.57947,27,0.8,26.2,12.291667,5.5583334,20.525,4.383333,828.5,91,51.5,20.27525,249,158.5,208,159,4117.472,8834.089,4076.8267,913.59125,11,0.935313,50,10,10,439.115641651052
D005,NR006,S006,NR006_S006,EU,France,Rhone River,7,Palearctic,PA12,EU7,4.81477959,45.64592974,4.822090654,45.64022991,4.815136509,45.64516831,16,8,50039.035,160,1104.921,50439804,12.058333,8.625,32.888042,647.79407,26.8,0.6,26.199999,12.266666,4.4,20.283333,4.3916664,814,92,49,21.652756,249,153,203,153,15672.903,18761.121,10951.066,1978.8378,12,0.683294,45,10,9,439.115641651052
D005,NR006,S007,NR006_S007,EU,France,Rhone River,7,Palearctic,PA12,EU7,4.8171319,45.64588301,4.823117264,45.64224855,4.816941543,45.64685859,25,10,50038.855,160,1104.921,50439660,12.058333,8.625,32.888042,647.79407,26.8,0.6,26.199999,12.266666,4.4,20.283333,4.3916664,814,92,49,21.652756,249,153,203,153,15675.069,18772.213,10945.014,1975.8213,12,0.683294,45,10,9,439.115641651052
D005,NR006,S008,NR006_S008,EU,France,Rhone River,7,Palearctic,PA12,EU7,4.82207463,45.64781449,4.826405249,45.64618456,4.82145597,45.64893284,25,11,50038.04,159,1104.921,50438996,12.058333,8.633333,32.888042,647.9145,26.8,0.6,26.199999,12.266666,4.4,20.283333,4.4,814,92,49,21.648783,249,153,203,153,15672.745,18749.52,10947.636,1971.4907,12,0.846099,45,10,9,439.115641651052
D005,NR006,S009,NR006_S009,EU,France,Rhone River,7,Palearctic,PA12,EU7,4.80122235,45.24215377,4.801793421,45.24215377,4.80190575,45.2421642,30,9,52786.074,135,569.307,52936710,12.425,9.358334,34.46906,652.17523,27.7,0.55,27.15,12.7,4.6916666,20.683332,4.6916666,820,99,47,24.64586,262,153.5,188,153.5,17564.203,19215.318,11160.32,2166.0095,23,0.598203,42,9,7,439.115641651052
D005,NR006,S010,NR006_S010,EU,France,Rhone River,7,Palearctic,PA12,EU7,4.80167795,45.24216072,4.802249021,45.24216072,4.80236135,45.24217115,32,10,52786.074,135,569.307,52936710,12.425,9.358334,34.46906,652.17523,27.7,0.55,27.15,12.7,4.6916666,20.683332,4.6916666,820,99,47,24.64586,262,153.5,188,153.5,17564.203,19215.318,11160.32,2166.0095,23,0.598203,42,9,7,439.115641651052
D005,NR006,S011,NR006_S011,EU,France,Rhone River,7,Palearctic,PA12,EU7,4.75353874,45.37469508,4.755359028,45.37444524,4.752767795,45.3740669,29,8,51726.69,142.5,1123.466,51924864,12.322916,9.05,33.926342,647.13586,27.4,0.7,26.699999,12.575,4.6666665,20.525,4.6666665,805.5,95,46,23.96423,253.5,148,193.5,148,16753.268,19025.404,11132.303,2126.18,12,0.591026,40.3795,9,8,439.115641651052
D005,NR006,S012,NR006_S012,EU,France,Rhone River,7,Palearctic,PA12,EU7,4.65039512,44.36721425,4.648991238,44.36754567,4.64875805,44.36774962,25,10,71008.56,54,1418.107,72611290,13.679167,9.866667,35.231316,658.3604,29.5,1.5,28,14.05,22.083334,22.083334,5.9166665,857,133,39,34.08496,306,150,150,190,21533.928,27558.398,15602.374,2562.8022,23,0.607018,42,9,7,439.115641651052
D005,NR006,S013,NR006_S013,EU,France,Rhone River,7,Palearctic,PA12,EU7,4.84407898,44.02235061,4.845164014,44.02269325,4.84407898,44.02235061,16,13,19.638643,27,0.123,15320.659,14.581249,10.470833,35.763214,675.19653,30.75,1.5,29.25,14.941668,23.166668,23.166668,6.516667,773,122,30,34.409836,272.5,128,128,182,17.69191,0,0.13719422,1.3030123,23,0.673348,31.3525,9,8,439.115641651052
D005,NR006,S014,NR006_S014,EU,France,Rhone River,7,Palearctic,PA12,EU7,4.79390098,43.95328014,4.793603547,43.95372034,4.790517386,43.94776931,31,8,77103.94,20.5,1514.9939,78130220,14.764584,10.237499,35.377094,671.97375,30.8,1.9,28.9,15.125,23.341667,23.341667,6.791667,758.5,122,28,35.600918,268.5,124,124,182,23837.434,30550.771,16221.796,2672.1323,12,0.770724,48.75,10,9,439.115641651052
D005,NR006,S015,NR006_S015,EU,France,Rhone River,7,Palearctic,PA12,EU7,4.79371817,43.95333792,4.793420737,43.95377812,4.790334576,43.94782709,28,8,77103.94,20.5,1514.9939,78130220,14.764584,10.237499,35.377094,671.97375,30.8,1.9,28.9,15.125,23.341667,23.341667,6.791667,758.5,122,28,35.600918,268.5,124,124,182,23837.434,30550.771,16221.796,2672.1323,12,0.770724,48.75,10,9,439.115641651052
D005,NR006,S016,NR006_S016,EU,France,Rhone River,7,Palearctic,PA12,EU7,4.7992672,43.95146512,4.799862065,43.95092974,4.800337957,43.95032298,32,7,2968.5132,19,19.032,2567331.2,14.795834,10.291667,35.4811,674.7574,30.9,1.9,29,15.15,23.416666,23.416666,6.7833333,754,121,28,35.49338,267,123,123,181,1840.9371,915.19104,114.53961,96.013084,12,0.667359,48.75,10,9,439.115641651052
D005,NR006,S017,NR006_S017,EU,France,Rhone River,7,Palearctic,PA12,EU7,4.79950224,43.95139099,4.800097105,43.95085561,4.800572997,43.95024885,33,9,2968.4883,19,19.032,2566953.5,14.795834,10.291667,35.4811,674.7574,30.9,1.9,29,15.15,23.416666,23.416666,6.7833333,754,121,28,35.49338,267,123,123,181,1843.4731,915.46484,114.54047,96.425,12,0.667359,48.75,10,9,439.115641651052
D005,NR006,S018,NR006_S018,EU,France,Rhone River,7,Palearctic,PA12,EU7,4.69243556,43.8949235,4.693550507,43.89362499,4.69534802,43.89202532,16,10,93382.18,20.5,1686.562,93118390,14.664583,9.875,35.160408,656.3013,30.3,2.2,28.099998,15.066667,23.066666,23.066666,6.9083333,755.5,126,27,37.21781,269,121,121,184.5,29504.021,37362.54,19306.227,2908.9001,22,0.643936,30.3122,9,7,439.115641651052
D005,NR006,S019,NR006_S019,EU,France,Rhone River,7,Palearctic,PA12,EU7,4.8351705,45.0683753,4.835420343,45.06891068,4.835189536,45.06885119,31,10,54371.562,135,1149.468,54418388,12.5125,9.166667,33.856087,651.8312,27.849998,0.8,27.099998,12.808333,4.775,20.775,4.775,844.5,108,49,26.033995,278,162,182,162,18142.512,19897.79,11413.23,2190.147,22,0.821624,36,10,8,439.115641651052
D005,NR006,S020,NR006_S020,EU,France,Rhone River,7,Palearctic,PA12,EU7,4.83500997,45.06809438,4.835259813,45.06862976,4.835029006,45.06857027,28,11,54371.562,135,1149.468,54418388,12.5125,9.166667,33.856087,651.8312,27.849998,0.8,27.099998,12.808333,4.775,20.775,4.775,844.5,108,49,26.033995,278,162,182,162,18142.512,19897.79,11413.23,2190.147,22,0.821624,36,10,8,439.115641651052
D005,NR006,S021,NR006_S021,EU,France,Rhone River,7,Palearctic,PA12,EU7,5.34739226,45.88277599,5.34739226,45.88317574,5.347329953,45.88305533,31,9,15340.132,222,454.985,15597371,11.325,8.883333,33.146767,663.3128,26.1,-0.6,26.7,11.566667,4.616667,19.583332,3.25,999,107,69,16.948233,303,210,229,216,2684.0774,6410.6035,3136.9104,629.6429,23,0.687334,37.75,9,7,439.115641651052
D005,NR006,S022,NR006_S022,EU,France,Rhone River,7,Palearctic,PA12,EU7,5.34739746,45.88229678,5.34739746,45.88269653,5.34739226,45.88277599,31,10,15340.132,222,454.985,15597371,11.325,8.883333,33.146767,663.3128,26.1,-0.6,26.7,11.566667,4.616667,19.583332,3.25,999,107,69,16.948233,303,210,229,216,2684.0774,6410.6035,3136.9104,629.6429,23,0.687334,37.75,9,7,439.115641651052
D005,NR006,S023,NR006_S023,EU,France,Rhone River,7,Palearctic,PA12,EU7,5.8134087,45.87800293,5.813194549,45.87728909,5.812665118,45.87847882,6,11,12675.804,242.5,200.791,12665094,11.029167,9.241667,33.54507,672.82526,26.349998,-1.2,27.55,11.175,4.1916666,19.433334,2.8083334,996.5,102,69,13.977449,294.5,220.5,234,232,1811.6063,5126.5625,2777.7446,530.2249,32,0.454301,15.3795,5,5,439.115641651052
D005,NR006,S024,NR006_S024,EU,France,Rhone River,7,Palearctic,PA12,EU7,5.96390167,46.14423585,5.964644062,46.14435006,5.96535909,46.14438457,22,9,10316.95,396,327.816,9883642,10.004167,9.3,34.25415,658.84106,25.3,-1.8499999,27.1,10.241667,5.866667,18.241667,2.0583334,1011,103,70,13.746214,298,222,239,250,1321.5127,3858.2517,2316.303,448.66138,23,0.507393,21.3395,8,7,439.115641651052
D005,NR006,S025,NR006_S025,EU,France,Rhone River,7,Palearctic,PA12,EU7,5.96405935,46.14421803,5.964801742,46.14433224,5.96551677,46.14436675,22,9,10316.95,396,327.816,9883642,10.004167,9.3,34.25415,658.84106,25.3,-1.8499999,27.1,10.241667,5.866667,18.241667,2.0583334,1011,103,70,13.746214,298,222,239,250,1321.5127,3858.2517,2316.303,448.66138,23,0.507393,21.3395,8,7,439.115641651052
D005,NR006,S026,NR006_S026,EU,France,Rhone River,7,Palearctic,PA12,EU7,5.9385958,46.1319176,5.935087795,46.13168985,5.938548211,46.13039474,20,8,10377.194,358,164.97499,9958704,10.120833,9.108334,33.73457,659.1621,25.2,-1.7,26.900002,10.35,5.983333,18.35,2.1166668,1017,104,70,13.673192,300,225,239,249,1343.8802,3897.602,2328.1848,450.71442,23,0.481182,18.6295,6,6,439.115641651052
D005,NR006,S027,NR006_S027,EU,France,Rhone River,7,Palearctic,PA12,EU7,5.94797924,46.13017822,5.947897658,46.1320546,5.947998276,46.1305399,NA,NA,10373.19,404,1.4715,9955065,9.9625,9.183333,33.917587,659.61194,25.1,-1.9,27,10.183333,5.8166666,18.233334,1.9666666,1022,104,70,13.67495,300,225,239,252,1341.3386,3884.2334,2319.7295,450.77786,23,0.483985,19.6295,7,6,439.115641651052
D005,NR006,S028,NR006_S028,EU,France,Rhone River,7,Palearctic,PA12,EU7,5.90425486,46.1203055,5.903642999,46.12037348,5.904292931,46.12118114,24,8,10402.827,424.5,337.8,9986762,9.86875,8.779167,33.079815,656.12463,24.75,-1.8499999,26.55,10.141666,5.7833333,18.058334,1.9,1052,106.5,72,13.252575,309,235.5,244.5,258,1352.8069,3908.1814,2331.9404,451.83777,32,0.455454,34,7,6,439.115641651052
D005,NR006,S029,NR006_S029,EU,France,Rhone River,7,Palearctic,PA12,EU7,5.90437953,46.12026417,5.903767669,46.12033215,5.904417601,46.12113981,24,12,10402.827,424.5,337.8,9986762,9.86875,8.779167,33.079815,656.12463,24.75,-1.8499999,26.55,10.141666,5.7833333,18.058334,1.9,1052,106.5,72,13.252575,309,235.5,244.5,258,1352.8069,3908.1814,2331.9404,451.83777,32,0.455454,34,7,6,439.115641651052
D005,NR006,S030,NR006_S030,EU,France,Rhone River,7,Palearctic,PA12,EU7,5.82971461,46.10729527,5.82971461,46.10729527,5.829643226,46.10793772,8,11,10807.278,459,12.149,10509122,9.85625,9.079166,33.642548,662.2749,24.9,-2,27,10.108334,5.7333336,18.133333,1.8333334,1077.5,107,74,12.491081,311,241,252,266,1371.3007,4227.56,2389.0393,454.351,23,0.851965,47.75,10,8,439.115641651052
D005,NR006,S031,NR006_S031,EU,France,Rhone River,7,Palearctic,PA12,EU7,5.80770183,46.06394894,5.80770183,46.06394894,5.80770183,46.06394894,22,11,10850.956,421,355.215,10559202,10.016666,9.116667,33.828995,663.0742,25,-1.9,27,10.283333,5.883333,18.266666,1.9333333,1064,107,73,13.040685,309,236,250,259,1378.6437,4251.242,2397.6404,458.055,32,0.615019,18.8525,7,6,439.115641651052
D005,NR006,S032,NR006_S032,EU,France,Rhone River,7,Palearctic,PA12,EU7,5.81048376,46.07380964,5.81048376,46.07380964,5.811078625,46.07383938,25,11,10848.631,426,177.428,10556891,9.995833,9.108334,33.825363,662.8677,25,-1.95,26.95,10.258333,5.8583336,18.258333,1.9083333,1067.5,107,73,12.922447,309.5,237.5,251,260,1377.7832,4250.911,2396.5151,458.055,32,0.507073,30.3395,8,7,439.115641651052
D005,NR006,S033,NR006_S033,EU,France,Rhone River,7,Palearctic,PA12,EU7,5.81555367,45.98425739,5.816029562,45.984581,5.815582224,45.98458576,24,13,10941.983,407,0.514,10666716,10.058333,9,33.45725,663.0645,25.1,-1.8,26.9,10.316667,5.7833333,18.333334,2,1065,108,73,13.472431,312,237,248,257,1390.6841,4302.585,2424.107,458.71472,32,0.494885,27,5,5,439.115641651052
D005,NR006,S034,NR006_S034,EU,France,Rhone River,7,Palearctic,PA12,EU7,5.82988218,45.97642604,5.830415179,45.97694,5.830239099,45.97651527,24,10,10945.18,334,0.514,10669641,10.479166,9.145833,33.53401,667.47455,25.650002,-1.6,27.25,10.683332,5.575,18.8,2.3166666,1036,105,71.5,13.648663,304.5,231.5,242.5,246,1392.1426,4303.381,2424.6372,458.71472,32,0.597188,27.6295,8,5,439.115641651052
D005,NR006,S035,NR006_S035,EU,France,Rhone River,7,Palearctic,PA12,EU7,5.83760483,45.97668809,5.837700008,45.97636448,5.83778329,45.97627168,9,11,306.46445,341,4.4435,334804.84,10.495833,9.366667,34.060608,669.23914,25.8,-1.6,27.599998,10.683333,6.383333,18.883333,2.3333333,1022,104,70,13.657143,302,226,240,245,155.67612,77.75226,70.85382,4.041101,32,0.597188,18.7575,7,6,439.115641651052
D005,NR006,S036,NR006_S036,EU,France,Rhone River,7,Palearctic,PA12,EU7,5.83611505,45.93238839,5.836329201,45.93292377,5.835924693,45.9336733,15,10,1375.6826,577,29.812,1623843.8,9.660417,8.945833,33.472305,656.43713,24.7,-2.05,26.75,9.933334,6.1,17.908333,1.7916666,1096.5,107.5,74.5,13.24747,319.5,245,253.5,275,253.71683,742.8604,283.22668,66.798004,32,0.579677,18.8525,7,6,439.115641651052
D005,NR006,S037,NR006_S037,EU,France,Rhone River,7,Palearctic,PA12,EU7,5.82731209,45.93412266,5.824635196,45.93508634,5.825432316,45.93331364,13,10,12659.119,316,29.812,12647548,10.627083,9.216667,33.63747,670.1522,25.9,-1.5,27.4,10.825,6.333333,18.991667,2.4583335,1018,104,70,13.512325,299.5,228,239,242.5,1807.8041,5153.2803,2778.9465,530.3516,32,0.537659,33.6295,7,6,439.115641651052
D005,NR006,S038,NR006_S038,EU,France,Rhone River,7,Palearctic,PA12,EU7,5.80447898,45.85289391,5.802872844,45.85212059,5.802951366,45.85299385,22,9,12711.962,261,402.775,12707892,10.914583,9.266666,33.67035,671.5029,26.15,-1.3,27.45,11.091667,4.25,19.3,2.6916666,1016.5,105,70,14.125292,302,226,237.5,234.5,1818.5115,5149.669,2783.321,530.557,32,0.560652,23,5,6,439.115641651052
D005,NR006,S039,NR006_S039,EU,France,Rhone River,7,Palearctic,PA12,EU7,5.82001474,45.87034953,5.808652814,45.87165823,5.82001474,45.87034953,25,9,12703.091,243.5,200.791,12698172,10.983334,9.195833,33.454327,671.25146,26.25,-1.2,27.45,11.166667,4.1916666,19.358334,2.775,1005.5,104,70,13.946461,297.5,222,236,232,1811.2231,5222.072,2785.7017,529.6891,32,0.537787,25,3,6,439.115641651052
D005,NR006,S040,NR006_S040,EU,France,Rhone River,7,Palearctic,PA12,EU7,5.8138019,45.88483269,5.813593865,45.88487006,5.81525932,45.8843568,22,8,25.92987,311.5,0.155,30817.229,10.604166,9.0875,33.379345,668.89624,25.75,-1.5,27.25,10.825,4.1666665,18.941668,2.4250002,1033,105.5,71.5,13.860788,305,229.5,241.5,240.5,5.0449214,16.530252,4.380584,0.066376,32,0.489043,15.6295,5,5,439.115641651052
D005,NR006,S041,NR006_S041,EU,France,Rhone River,7,Palearctic,PA12,EU7,5.81421797,45.88475796,5.814009935,45.88479533,5.81567539,45.88428207,26,12,25.92987,311.5,0.155,30817.229,10.604166,9.0875,33.379345,668.89624,25.75,-1.5,27.25,10.825,4.1666665,18.941668,2.4250002,1033,105.5,71.5,13.860788,305,229.5,241.5,240.5,5.0449214,16.530252,4.380584,0.066376,32,0.489043,15.6295,5,5,439.115641651052
D005,NR006,S042,NR006_S042,EU,France,Rhone River,7,Palearctic,PA12,EU7,5.75086801,45.70614443,5.753901823,45.70688801,5.751439081,45.70685827,0,9,66.36675,373,1.131,74810.96,10.76875,9.595833,34.074768,681.141,26.55,-1.7,28.2,10.916666,4.016667,19.308334,2.4583335,1057.5,110,72,14.574419,317,237,244,243.5,19.736704,37.742767,8.203714,0.4663831,32,0.679999,32,7,6,439.115641651052
D005,NR006,S043,NR006_S043,EU,France,Rhone River,7,Palearctic,PA12,EU7,5.75085218,45.70579199,5.753885993,45.70653557,5.751423251,45.70650583,20,10,66.13292,373,1.131,74569.24,10.76875,9.595833,34.074768,681.141,26.55,-1.7,28.2,10.916666,4.016667,19.308334,2.4583335,1057.5,110,72,14.574419,317,237,244,243.5,19.736706,37.542915,8.203714,0.4663831,32,0.679999,32,7,6,439.115641651052
D005,NR006,S044,NR006_S044,EU,France,Rhone River,7,Palearctic,PA12,EU7,5.70170296,45.72537703,5.699660363,45.72554427,5.699689936,45.72515574,6,8,13826.759,262,0.693,13924627,11.220834,9.675,34.338062,682.8199,26.9,-1.4,28.199999,11.35,4.3166666,19.75,2.8833332,1041,109,71,15.313731,313,228,240,234,2081.3625,5737.285,2965.259,598.31305,32,0.616274,33.75,7,7,439.115641651052
D005,NR006,S045,NR006_S045,EU,France,Rhone River,7,Palearctic,PA12,EU7,5.70752071,45.75440856,5.70752071,45.75440856,5.70765158,45.75471789,25,9,13810.277,268,0.195,13908199,11.166667,9.6,34.10439,682.56976,26.9,-1.3,28.199999,11.3,4.3,19.7,2.8333333,1034,108,71,14.779625,310,228,240,235,2072.1104,5734.423,2964.5266,595.71704,23,0.734565,33,9,7,439.115641651052
D005,NR006,S046,NR006_S046,EU,France,Rhone River,7,Palearctic,PA12,EU7,5.70766974,45.75411414,5.70766974,45.75411414,5.70780061,45.75442347,23,12,13810.294,270,0.195,13908217,11.160417,9.591667,34.09765,682.6427,26.849998,-1.3,28.15,11.283333,4.3,19.708332,2.8333333,1037,108,71,14.824026,310.5,229,240,235.5,2072.1104,5734.423,2964.5266,595.71704,23,0.734565,33,9,7,439.115641651052
D005,NR006,S047,NR006_S047,EU,France,Rhone River,7,Palearctic,PA12,EU7,5.72627812,45.70884961,5.710240553,45.71032488,5.726230531,45.70965863,29,8,6.035836,323.5,425.333,6346.203,10.854166,9.533333,34.064598,678.6154,26.45,-1.55,28,11.008333,4.383333,19.35,2.5916667,1062.5,110,72.5,14.584988,318,237,246,244,3.1300387,0.066585004,1.132061,0.332925,32,0.603152,31,5,7,439.115641651052
D005,NR006,S048,NR006_S048,EU,France,Rhone River,7,Palearctic,PA12,EU7,5.71258296,45.70921355,5.700495298,45.71287792,5.712535371,45.71059364,28,12,13828.479,268,0.693,13926370,11.206249,9.675,34.323288,682.85364,26.849998,-1.3499999,28.199999,11.341666,4.3,19.733334,2.8583333,1041.5,109.5,71,15.307251,313,228,241,234,2079.376,5801.105,2953.1914,598.17865,32,0.606362,33,6,7,439.115641651052
D005,NR006,S049,NR006_S049,EU,France,Rhone River,7,Palearctic,PA12,EU7,5.61547212,45.62467591,5.61547212,45.62467591,5.61608434,45.62487026,32,12,14679.472,213.5,11.268,14898236,11.55625,9.95,34.8949,682.8814,27.3,-1.2,28.5,11.716666,4.6666665,20.1,3.2166667,1035.5,111,70,16.748089,315,225,234.5,225,2295.1553,6186.6187,3114.4124,609.467,23,0.559252,25.7282,6,6,439.115641651052
D005,NR006,S050,NR006_S050,EU,France,Rhone River,7,Palearctic,PA12,EU7,5.61608434,45.62487026,5.615594851,45.62497904,5.616375333,45.62504082,28,15,14679.472,213.5,11.268,14898236,11.55625,9.95,34.8949,682.8814,27.3,-1.2,28.5,11.716666,4.6666665,20.1,3.2166667,1035.5,111,70,16.748089,315,225,234.5,225,2295.1553,6186.6187,3114.4124,609.467,23,0.553032,25.7282,6,6,439.115641651052
D005,NR006,S051,NR006_S051,EU,France,Rhone River,7,Palearctic,PA12,EU7,5.57483504,45.68669816,5.575299035,45.69532371,5.572788704,45.69060524,8,10,4.7067614,278.5,200.791,5161.715,11.077084,9.3125,34.129494,665.8463,26.2,-1.1,27.3,11.283333,4.325,19.408333,2.975,1090,116.5,73,16.342422,330,236,248.5,239.5,1.5987852,2.997276,0,0,32,0.635958,17.8983,2,5,439.115641651052
D005,NR006,S052,NR006_S052,EU,France,Rhone River,7,Palearctic,PA12,EU7,5.60649915,45.65023262,5.602843278,45.6507731,5.607064272,45.65050031,23,10,14748.203,213,444.313,14971208,11.518749,9.745833,34.66549,676.651,27,-1.1,28.1,11.691667,4.65,19.975,3.2583332,1039,112,70,16.704556,317,225.5,236,226,2348.704,6212.6543,3113.9177,611.67206,23,0.496033,15.1465,4,6,439.115641651052
D005,NR006,S053,NR006_S053,EU,France,Rhone River,7,Palearctic,PA12,EU7,5.61215871,45.64116204,5.611920764,45.64038872,5.61215871,45.64116204,23,9,7.917341,239.5,430.83,7805.306,11.41875,9.625,34.32861,675.14343,26.9,-1.1,28,11.583334,4.5833335,19.891666,3.1833334,1050.5,113,71,16.479973,320,229,239,230,4.2684174,2.3339834,0.20010912,0,23,0.600318,30.277,5,6,439.115641651052
D005,NR006,S054,NR006_S054,EU,France,Rhone River,7,Palearctic,PA12,EU7,5.5540626,45.68658718,5.558202862,45.68937115,5.557336739,45.68871918,15,10,14910.452,207,0.757,15148286,11.491667,9.575,34.48748,672.01605,26.8,-1,27.8,11.683333,4.6833334,19.891666,3.2916665,1041,113,70,17.249079,318,223,237,225,2430.0698,6268.0156,3131.5054,614.93353,32,0.415059,18.0021,2,5,439.115641651052
D005,NR006,S055,NR006_S055,EU,France,Rhone River,7,Palearctic,PA12,EU7,5.58604884,45.65668535,5.587714463,45.65894584,5.586572321,45.65958829,28,10,14749.306,211.5,444.313,14972299,11.527082,9.629167,34.48526,675.0397,26.95,-1,27.95,11.7,4.708333,19.975,3.3,1038,112.5,70,16.972773,317,224.5,236,225,2351.8384,6212.152,3122.0916,611.7978,23,0.431254,12.2669,2,6,439.115641651052
D005,NR006,S056,NR006_S056,EU,France,Rhone River,7,Palearctic,PA12,EU7,5.42586141,45.80543824,5.426296511,45.80538385,5.426206432,45.80622346,25,10,15216.465,216.5,0.794,15472465,11.366667,9.291667,33.913208,669.41705,26.45,-0.9,27.4,11.583333,4.5916667,19.725,3.2333333,1019.5,109.5,70,17.170673,310,216.5,231,221,2615.8943,6358.3193,3136.6248,621.59766,23,0.770209,28.8525,8,6,439.115641651052
D005,NR006,S057,NR006_S057,EU,France,Rhone River,7,Palearctic,PA12,EU7,5.43389971,45.79936676,5.434681533,45.79959111,5.433792634,45.80033044,27,9,15215.192,217.5,0.794,15471466,11.3625,9.316668,34.002434,669.58545,26.5,-0.9,27.4,11.566667,4.5833335,19.741667,3.225,1022,110,70.5,17.004995,311,217,232,221,2615.0295,6358.3193,3136.6248,621.33167,23,0.623184,28.7575,8,6,439.115641651052
D005,NR006,S058,NR006_S058,EU,France,Rhone River,7,Palearctic,PA12,EU7,5.41388582,45.85008581,5.412963779,45.84886634,5.415368224,45.85048318,32,8,15302.571,232,454.134,15560328,11.222917,8.7875,32.78923,664.631,26,-0.8,26.75,11.466667,4.4666667,19.55,3.1333334,1023.5,110.5,71,16.790142,310.5,217,233,222,2671.0996,6385.1562,3136.423,625.6008,23,0.676923,36,7,6,439.115641651052
D005,NR006,S059,NR006_S059,EU,France,Rhone River,7,Palearctic,PA12,EU7,5.41393548,45.84998892,5.413013439,45.84876945,5.415417884,45.85038629,31,9,15302.571,232,454.134,15560328,11.222917,8.7875,32.78923,664.631,26,-0.8,26.75,11.466667,4.4666667,19.55,3.1333334,1023.5,110.5,71,16.790142,310.5,217,233,222,2671.0996,6385.1562,3136.423,625.6008,23,0.676923,36,7,6,439.115641651052
D005,NR006,S060,NR006_S060,EU,France,Rhone River,7,Palearctic,PA12,EU7,5.40818114,45.85434942,5.407259099,45.85312995,5.408167035,45.85464976,32,12,15302.813,224,454.5595,15560576,11.25,8.758333,32.77571,664.9076,26,-0.7,26.7,11.483334,4.5166664,19.566668,3.1666667,1012,110,70,16.851704,308,215,231,220,2671.2324,6385.2227,3136.423,625.6008,23,0.500901,35,6,6,439.115641651052
D005,NR006,S061,NR006_S061,EU,France,Rhone River,7,Palearctic,PA12,EU7,5.40794285,45.85424366,5.407020809,45.85302419,5.407928745,45.854544,32,9,15302.813,224,454.5595,15560576,11.25,8.758333,32.77571,664.9076,26,-0.7,26.7,11.483334,4.5166664,19.566668,3.1666667,1012,110,70,16.851704,308,215,231,220,2671.2324,6385.2227,3136.423,625.6008,23,0.500901,35,6,6,439.115641651052
D005,NR006,S062,NR006_S062,EU,France,Rhone River,7,Palearctic,PA12,EU7,5.20547428,45.77193944,5.20547428,45.77193944,5.205469095,45.77202296,30,9,15531.312,197,457.657,15784857,11.58125,9.258333,34.16201,662.41736,26.6,-0.6,27.1,11.816667,4.866667,19.866667,3.575,951.5,105,64,18.932446,291,194,219,196,2808.8633,6445.1533,3151.203,641.7463,23,0.804179,31.2503,9,8,439.115641651052
D005,NR006,S063,NR006_S063,EU,France,Rhone River,7,Palearctic,PA12,EU7,5.20548465,45.7717724,5.20548465,45.7717724,5.205479465,45.77185592,29,10,15531.312,197,457.657,15784857,11.58125,9.258333,34.16201,662.41736,26.6,-0.6,27.1,11.816667,4.866667,19.866667,3.575,951.5,105,64,18.932446,291,194,219,196,2808.8633,6445.1533,3151.203,641.7463,23,0.804179,31.2503,9,8,439.115641651052
D005,NR006,S064,NR006_S064,EU,France,Rhone River,7,Palearctic,PA12,EU7,4.94751425,45.81957818,4.947450165,45.81966985,4.947127588,45.81975664,34,8,11.038603,181,591.353,9608.396,11.558333,8.633333,32.98077,650.5142,26.1,0,26.1,11.85,4.9833336,19.716667,3.75,857,95,55,19.834082,261,166,209,170,4.9853845,0.9308542,0.13292466,5.1851892,12,0.757851,37,10,9,439.115641651052
D005,NR006,S065,NR006_S065,EU,France,Rhone River,7,Palearctic,PA12,EU7,4.94764242,45.81939484,4.947578335,45.81948651,4.947255758,45.8195733,34,8,10.051367,180,591.353,8732.963,11.6375,8.633333,32.951656,653.04474,26.3,0,26.199999,11.883333,5.0333333,19.85,3.8166666,857,95,55,19.884737,260,166,209,170,4.5865006,0.864362,0.13292466,5.052228,12,0.757851,37,10,9,439.115641651052
D005,NR006,S066,NR006_S066,EU,France,Rhone River,7,Palearctic,PA12,EU7,4.98443825,45.78853859,4.989200571,45.80361927,4.984818964,45.79548662,11,10,20290.287,179,1.549,21267672,11.8125,8.85,33.146767,659.2401,26.7,0.1,26.6,12.016666,5.1833334,20.133333,3.95,858,97,55,20.079838,264,167,207,170,4012.1873,8873.234,4110.9995,803.88086,12,0.591341,33.027,10,9,439.115641651052
D005,NR006,S067,NR006_S067,EU,France,Rhone River,7,Palearctic,PA12,EU7,4.96864018,45.77999712,4.968045315,45.78047301,4.965404113,45.78372812,11,10,14.680203,191,1.549,11328.621,11.84375,8.841667,32.990654,662.78394,26.9,0.1,26.8,12.05,5.1833334,20.25,3.975,853,97,54,20.130533,261,165.5,208,168,5.457512,0.3326002,0,6.920728,12,0.766789,41.2814,10,10,439.115641651052
D005,NR006,S068,NR006_S068,EU,France,Rhone River,7,Palearctic,PA12,EU7,4.81414949,45.73348143,4.815449695,45.73302593,4.814477856,45.73335294,23,12,29317.34,194,508.31,28843400,11.970833,8.466666,32.31552,654.104,26.8,0.6,26.199999,12.133333,5.45,20.283333,4.2333336,818,91,50,20.978718,247,155,207,156,11511.058,9905.376,6851.822,958.0547,11,0.923274,46,10,10,439.115641651052
D005,NR006,S069,NR006_S069,EU,France,Rhone River,7,Palearctic,PA12,EU7,4.81352396,45.74294196,4.813880879,45.74297765,4.81449478,45.74305617,22,10,29315.74,181,508.31,28842266,12.1125,8.408334,32.151978,655.67224,26.9,0.7,26.1,12.25,5.55,20.45,4.35,827,91,50,20.708284,248,157,209,158,11504.073,9870.127,6844.9204,952.3358,11,0.795611,46,10,10,439.115641651052
D005,NR006,S070,NR006_S070,EU,France,Rhone River,7,Palearctic,PA12,EU7,4.80518933,45.61203188,4.805417758,45.61222224,4.80518933,45.61203188,24,13,50194.652,168,554.3655,50574384,12.05,8.7,33.016476,648.8012,26.9,0.5,26.4,12.266666,4.383333,20.283333,4.383333,809,92,48,21.80865,249,151,202,151,15804.739,18742.877,10946.8955,2003.7626,12,0.766184,45,10,9,439.115641651052
D005,NR006,S071,NR006_S071,EU,France,Rhone River,7,Palearctic,PA12,EU7,4.80573122,45.6117801,4.805617006,45.61202484,4.80573122,45.6117801,25,8,50194.652,168,554.3655,50574384,12.05,8.7,33.016476,648.8012,26.9,0.5,26.4,12.266666,4.383333,20.283333,4.383333,809,92,48,21.80865,249,151,202,151,15804.739,18742.877,10946.8955,2003.7626,12,0.766184,45,10,9,439.115641651052
D005,NR006,S072,NR006_S072,EU,France,Rhone River,7,Palearctic,PA12,EU7,5.44582566,45.79094591,5.44463593,45.79027966,5.44458834,45.78970859,9,11,15174.34,220.5,0.794,15423004,11.370833,9.375,34.044083,670.4507,26.6,-0.95,27.5,11.575,4.575,19.766666,3.225,1022,110,70,17.008526,311,217.5,232.5,221,2611.183,6330.5107,3130.508,620.74695,23,0.587131,24.4151,7,6,439.115641651052
D005,NR006,S073,NR006_S073,EU,France,Rhone River,7,Palearctic,PA12,EU7,5.62209845,45.61177806,5.62209845,45.61177806,5.62395443,45.61349127,23,11,618.36865,218,11.150499,722611.06,11.5625,10.025,34.948097,685.8107,27.4,-1.3,28.699999,11.716666,4.633333,20.116667,3.1833334,1038,111,70,16.780346,316,225,235,225,143.76392,331.7575,124.818954,8.493237,23,0.593158,33,8,7,439.115641651052
D005,NR006,S074,NR006_S074,EU,France,Rhone River,7,Palearctic,PA12,EU7,5.77196967,45.78458604,5.77104168,45.78455035,5.770494404,45.78377702,11,10,296.268,233,6.494,355508.12,11.275,9.441667,33.898808,678.6935,26.8,-1.1,27.9,11.416667,4.4166665,19.75,2.9833333,1010,105,69,14.760411,303,223,235,230,71.76332,162.46509,61.093895,1.7272303,51,0.520682,16.75,4,5,439.115641651052
D005,NR006,S075,NR006_S075,EU,France,Rhone River,7,Palearctic,PA12,EU7,4.76826556,45.45712758,4.768215105,45.4568722,4.768215105,45.4568722,NA,NA,51444.145,155,1120.197,51678250,12.1375,8.858334,33.554295,644.7696,27,0.6,26.4,12.416667,4.516667,20.3,4.516667,805,94,47,23.386318,252,149,196,149,16569.334,18942.621,11108.718,2115.343,23,0.795367,42.75,9,8,439.115641651052
D005,NR006,S076,NR006_S076,EU,France,Rhone River,7,Palearctic,PA12,EU7,4.76836647,45.45763835,4.768316015,45.45738297,4.768316015,45.45738297,NA,NA,51444.145,155,1120.197,51678250,12.1375,8.858334,33.554295,644.7696,27,0.6,26.4,12.416667,4.516667,20.3,4.516667,805,94,47,23.386318,252,149,196,149,16569.334,18942.621,11108.718,2115.343,23,0.795367,42.75,9,8,439.115641651052
D005,NR006,S077,NR006_S077,EU,France,Rhone River,7,Palearctic,PA12,EU7,4.75368517,45.37466709,4.755505458,45.37441725,4.752914225,45.37403891,27,9,51726.69,142.5,1123.466,51924864,12.322916,9.05,33.926342,647.13586,27.4,0.7,26.699999,12.575,4.6666665,20.525,4.6666665,805.5,95,46,23.96423,253.5,148,193.5,148,16753.268,19025.404,11132.303,2126.18,12,0.591026,40.3795,9,8,439.115641651052
D005,NR006,S078,NR006_S078,EU,France,Rhone River,7,Palearctic,PA12,EU7,4.76054426,45.3403972,4.761939984,45.34091184,4.761927602,45.34029666,31,10,51783.63,183,0.589,51975810,12.145833,9.066667,33.92413,646.0052,27.3,0.5,26.7,12.416667,4.5,20.35,4.5,813,97,47,23.877474,257,152,193,152,16782.768,19041.895,11142.561,2126.5151,12,0.501954,42.441,9,8,439.115641651052
D005,NR006,S079,NR006_S079,EU,France,Rhone River,7,Palearctic,PA12,EU7,4.76182616,45.34032937,4.762251064,45.34060131,4.762352896,45.3402669,31,11,51783.637,183,0.589,51975812,12.145833,9.066667,33.92413,646.0052,27.3,0.5,26.7,12.416667,4.5,20.35,4.5,813,97,47,23.877474,257,152,193,152,16782.768,19041.895,11142.561,2126.5151,12,0.501954,40.276,9,8,439.115641651052
D005,NR006,S080,NR006_S080,EU,France,Rhone River,7,Palearctic,PA12,EU7,4.79503702,45.30282396,4.79614177,45.30277977,4.795155993,45.30358539,28,10,51831.61,202,0.4755,52015772,12.175,9.025,33.79975,646.7078,27.2,0.5,26.699999,12.466667,4.5166664,20.383333,4.5166664,824,98,47,23.865088,262,155,191,155,16820.35,19059.244,11146.379,2128.3965,23,0.568623,42,9,7,439.115641651052
D005,NR006,S081,NR006_S081,EU,France,Rhone River,7,Palearctic,PA12,EU7,4.80614118,45.29379822,4.80614118,45.29379822,4.807806803,45.29398858,30,10,51833.56,143.5,1.109,52017052,12.360416,9.058333,33.79975,647.7197,27.4,0.6,26.8,12.65,4.6833334,20.541666,4.6833334,814,98,47,24.002766,259.5,153,189,153,16819.729,19044.875,11141.53,2128.2048,23,0.785088,42,9,7,439.115641651052
D005,NR006,S082,NR006_S082,EU,France,Rhone River,7,Palearctic,PA12,EU7,4.78983586,45.31619864,4.791096125,45.31706884,4.790311752,45.31622243,32,11,36.13942,142,1124.167,28528.941,12.383333,9.070833,34.021385,646.254,27.349998,0.7,26.649998,12.666667,4.725,20.558332,4.725,812.5,97.5,47,24.03505,258,151,191,151,21.574406,1.0722781,0,13.53792,23,0.591015,38,9,7,439.115641651052
D005,NR006,S083,NR006_S083,EU,France,Rhone River,7,Palearctic,PA12,EU7,4.79013969,45.31619378,4.791399955,45.31706398,4.790615582,45.31621757,32,11,36.13942,142,1124.167,28528.941,12.383333,9.070833,34.021385,646.254,27.349998,0.7,26.649998,12.666667,4.725,20.558332,4.725,812.5,97.5,47,24.03505,258,151,191,151,21.574406,1.0722781,0,13.53792,23,0.591015,47,10,7,439.115641651052
D005,NR006,S084,NR006_S084,EU,France,Rhone River,7,Palearctic,PA12,EU7,4.79656007,45.20522842,4.79655111,45.20526431,4.796574905,45.20551415,17,9,381.55948,280,4.317,371306.34,11.695833,9.158333,34.01487,645.73236,26.9,0.1,26.9,12.05,4.0833335,19.883333,4.0833335,859,102,50,23.538635,273,164,196,164,111.16054,198.1733,62.912666,10.477506,23,0.517115,44.75,8,7,439.115641651052
D005,NR006,S085,NR006_S085,EU,France,Rhone River,7,Palearctic,PA12,EU7,4.81164255,45.11833994,4.809293002,45.11799526,4.810000722,45.11695985,33,8,53708.934,268,1148.96,53782476,11.825,9.15,33.95291,644.8168,27.1,0.2,26.9,12.183333,4.5666666,20,4.233333,860,105,50,24.401852,277,167,190,167,18023.943,19541.514,11266.996,2187.5107,23,0.554547,35,6,6,439.115641651052
D005,NR006,S086,NR006_S086,EU,France,Rhone River,7,Palearctic,PA12,EU7,4.81292333,45.11891486,4.80956829,45.11822482,4.810615253,45.11713026,32,8,53708.934,268,1148.96,53782476,11.825,9.15,33.95291,644.8168,27.1,0.2,26.9,12.183333,4.5666666,20,4.233333,860,105,50,24.401852,277,167,190,167,18042.072,19553.654,11283.1875,2188.3225,23,0.554547,35,6,6,439.115641651052
D005,NR006,S087,NR006_S087,EU,France,Rhone River,7,Palearctic,PA12,EU7,4.81861004,45.10697662,4.81975898,45.10781011,4.822012669,45.10940367,31,8,53710.24,155.5,1148.96,53783180,12.329166,9.175,33.954067,647.71246,27.6,0.6,27,12.658333,4.675,20.541668,4.6499996,838,105,49,25.513617,273,161,183,161,18017.486,19548.605,11254.7295,2186.8333,23,0.519543,35.7282,7,7,439.115641651052
D005,NR006,S088,NR006_S088,EU,France,Rhone River,7,Palearctic,PA12,EU7,4.81946828,45.10749878,4.820290894,45.10799507,4.822418812,45.10983065,34,9,53714.516,163,1149.214,53786730,12.295834,9.15,33.95062,647.48975,27.5,0.6,26.900002,12.616667,4.6666665,20.5,4.633333,840,105,49,25.412376,274,161,184,161,18020.312,19549.75,11254.864,2187.17,23,0.519543,35.7282,7,7,439.115641651052
D005,NR006,S089,NR006_S089,EU,France,Rhone River,7,Palearctic,PA12,EU7,4.81684736,45.07502459,4.81684736,45.07502459,4.81695696,45.07483962,13,9,627.22424,215.5,7.757,603028.06,12.089583,9.179167,33.919647,648.2194,27.45,0.45,27,12.441668,4.4416666,20.3,4.4416666,860,109,50,25.693932,282.5,167,186.5,167,104.04155,355.19897,161.57515,1.8197855,23,0.582349,42.75,9,8,439.115641651052
D005,NR006,S090,NR006_S090,EU,France,Rhone River,7,Palearctic,PA12,EU7,4.81706656,45.07465464,4.81706656,45.07465464,4.81717616,45.07446967,17,8,627.2121,215.5,7.757,603017.8,12.089583,9.179167,33.919647,648.2194,27.45,0.45,27,12.441668,4.4416666,20.3,4.4416666,860,109,50,25.693932,282.5,167,186.5,167,104.04155,355.19897,161.57515,1.8197855,23,0.582349,42.75,9,8,439.115641651052
D005,NR006,S091,NR006_S091,EU,France,Rhone River,7,Palearctic,PA12,EU7,4.7856922,45.47620886,4.786149057,45.47466697,4.786287065,45.4747217,7,9,51422.375,235,1120.197,51660540,11.833333,8.758333,33.333332,642.4503,26.6,0.4,26.2,12.116667,4.2666664,19.983334,4.2666664,827,95,49,22.20346,257,156,200,156,16543.385,18959.408,11111.868,2114.4165,23,0.536505,41.75,9,7,439.115641651052
D005,NR006,S092,NR006_S092,EU,France,Rhone River,7,Palearctic,PA12,EU7,4.8264553,45.49669588,4.827165059,45.49548032,4.827169138,45.49520872,22,9,51397.582,241.5,1119.696,51640540,11.664583,8.5375,32.773544,641.8471,26.3,0.3,26,11.975,4.2666664,19.783333,4.0666666,838,96,50,21.87584,260.5,159.5,202,159.5,16541.344,18975.465,11116.494,2113.0654,23,0.705187,45.75,9,7,439.115641651052
D005,NR006,S093,NR006_S093,EU,France,Rhone River,7,Palearctic,PA12,EU7,4.80098189,45.30780209,4.802022904,45.30792106,4.80098189,45.30780209,13,9,210.68079,154,0.732,185516.5,12.383333,9.2,34.169765,650.03784,27.5,0.5,27,12.65,4.6833334,20.583334,4.6833334,817,98,47,23.938585,260,153,190,153,180.09824,24.654568,1.0720114,4.8956146,23,0.568623,42,9,7,439.115641651052
D005,NR006,S094,NR006_S094,EU,France,Rhone River,7,Palearctic,PA12,EU7,4.80047393,45.18108317,4.812836467,45.18304308,4.800438238,45.18290346,7,10,53394.27,164,4.317,53493788,12.233334,9.158334,33.95062,648.7101,27.5,0.5,27,12.55,4.5333333,20.45,4.5333333,834,102,48,24.766068,269,158,188,158,17796.104,19503.111,11210.235,2183.244,23,0.612092,39.6025,9,8,439.115641651052
D005,NR006,S095,NR006_S095,EU,France,Rhone River,7,Palearctic,PA12,EU7,4.80947463,45.14224583,4.80947463,45.14275979,4.809427041,45.14300726,19,10,34.13928,330,0.403,30646.62,11.4875,9.133333,33.95291,642.77924,26.8,-0.1,26.9,11.866667,3.9499998,19.65,3.9499998,875,105,51,23.357876,280,171,195,171,26.847992,4.2394023,1.9514998,0.06727388,23,0.506404,34,5,6,439.115641651052
D005,NR006,S096,NR006_S096,EU,France,Rhone River,7,Palearctic,PA12,EU7,4.84269064,45.53942267,4.844832155,45.54189731,4.844832155,45.54195085,26,8,50902.566,249,1113.573,51187016,11.595834,8.45,32.548077,642.7402,26.150002,0.2,26,11.908334,4,19.708334,4,838,95.5,50,21.379385,259,159,205,159,16134.561,18918.715,11116.478,2093.613,23,0.721092,45,10,9,439.115641651052
D005,NR006,S097,NR006_S097,EU,France,Rhone River,7,Palearctic,PA12,EU7,4.87923751,44.9467776,4.879808581,44.94692037,4.882021479,44.94795543,30,8,66278.14,116,1342.127,67991070,12.783334,9.383333,34.239132,656.8393,28.4,0.9,27.4,13.083333,5.016667,21.133333,5.016667,867,113,50,27.348112,289,171,179,171,19852.795,25094.834,15138.588,2451.9946,23,0.705935,37,10,9,439.115641651052
D005,NR006,S098,NR006_S098,EU,France,Rhone River,7,Palearctic,PA12,EU7,4.85840877,44.96880001,4.858884662,44.96877027,4.85840877,44.96880001,31,10,66268.28,190,1159.046,67983980,12.333333,9.237499,33.975536,652.1466,27.849998,0.65,27.199999,12.666667,4.6499996,20.625,4.6499996,879,113,51.5,26.675241,292.5,173,184,173,19847.328,25094.227,15138.386,2449.8345,23,0.608803,40.6295,9,8,439.115641651052
D005,NR006,S099,NR006_S099,EU,France,Rhone River,7,Palearctic,PA12,EU7,4.8533726,45.01444504,4.84516346,45.0190493,4.853705725,45.01451642,30,8,54455.055,126,1158.16,54488492,12.637501,9.270833,34.036697,653.97034,28.1,0.9,27.2,12.941667,4.9083333,20.95,4.9083333,857,109,50,26.494366,283,165,182,165,18239.88,19901.072,11476.4375,2199.6968,22,0.722572,31.6295,9,7,439.115641651052
D005,NR006,S100,NR006_S100,EU,France,Rhone River,7,Palearctic,PA12,EU7,4.85430777,45.0147869,4.845622737,45.01934017,4.853879467,45.01490587,32,10,54454.766,127,1158.16,54488296,12.650001,9.275,34.035408,653.9882,28.1,0.9,27.2,12.95,4.9333334,20.95,4.9333334,858,109,50,26.4652,283,165,182,165,18239.746,19901.072,11476.303,2199.6968,22,0.722572,31.6295,9,7,439.115641651052
D005,NR006,S101,NR006_S101,EU,France,Rhone River,7,Palearctic,PA12,EU7,4.86954479,44.99455959,4.869639968,44.99400212,4.870139655,44.99399447,22,9,11779.021,118.5,181.698,13442881,12.758333,9.470833,34.439396,656.14197,28.3,0.8,27.5,13.05,5.025,21.083334,5.025,862.5,111,50,27.062866,286,168,180.5,168,1622.3175,5154.9985,3715.3809,250.66476,23,0.567674,43,9,8,439.115641651052
D005,NR006,S102,NR006_S102,EU,France,Rhone River,7,Palearctic,PA12,EU7,4.87010763,44.9943178,4.87010763,44.9943178,4.870702495,44.99375268,21,11,11778.973,118.5,181.698,13442855,12.758333,9.470833,34.439396,656.14197,28.3,0.8,27.5,13.05,5.025,21.083334,5.025,862.5,111,50,27.062866,286,168,180.5,168,1617.8065,5155.1216,3702.1536,250.25925,23,0.567674,43,9,8,439.115641651052
D005,NR006,S103,NR006_S103,EU,France,Rhone River,7,Palearctic,PA12,EU7,4.81565073,44.80996609,4.814646258,44.81053206,4.815543654,44.81046578,30,8,382.0712,95,5.287,355301.62,12.908334,9.425,34.458637,652.9773,28.5,1.1,27.4,13.25,21.216667,21.216667,5.1833334,876,121,48,29.50605,300,173,173,177,305.1489,58.22135,4.598454,12.84688,23,0.632767,33,8,7,439.115641651052
D005,NR006,S104,NR006_S104,EU,France,Rhone River,7,Palearctic,PA12,EU7,4.81967754,44.81183011,4.819493982,44.81215644,4.819463389,44.81222272,31,8,376.9833,96,5.287,351260.78,12.9,9.4,34.424244,652.9774,28.4,1.1,27.3,13.233334,21.199999,21.199999,5.1666665,875,120,48,29.452518,299,172,172,177,303.25812,60.725777,4.666107,10.343556,23,0.566083,33,8,7,439.115641651052
D005,NR006,S105,NR006_S105,EU,France,Rhone River,7,Palearctic,PA12,EU7,4.81523349,44.83212936,4.814662419,44.83210896,4.81523349,44.83212936,29,7,66554.38,165,1347.373,68239510,12.5125,9.091666,33.73756,647.0368,27.8,0.9,27,12.866667,20.616667,20.733334,4.883333,884,120,50,28.760408,301,176,176,179,20007.066,25182.72,15158.121,2494.6853,23,0.617262,42,9,7,439.115641651052
D005,NR006,S106,NR006_S106,EU,France,Rhone River,7,Palearctic,PA12,EU7,4.81905174,44.83960349,4.818603042,44.83970547,4.819527632,44.83957375,29,7,66551.52,145,673.62946,68237160,12.520833,9.091666,33.73606,648.10254,27.9,0.9,27,12.900001,20.733334,20.75,4.883333,884,120,50,28.760408,301,176,176,178,20006.39,25181.438,15157.512,2494.4824,32,0.516092,41,8,7,439.115641651052
D005,NR006,S107,NR006_S107,EU,France,Rhone River,7,Palearctic,PA12,EU7,4.79753805,44.82516679,4.798098923,44.82544723,4.796378063,44.82394732,19,11,853.50397,182,12.457,841051.75,12.354167,9.091666,33.803257,644.68616,27.7,0.8,26.800001,12.733334,5.9666667,20.55,4.766667,894,122,51,28.905216,306,178,179,181,33.051296,650.01,166.47754,1.8242283,23,0.589406,45.75,9,7,439.115641651052
D005,NR006,S108,NR006_S108,EU,France,Rhone River,7,Palearctic,PA12,EU7,4.76850795,44.77202273,4.768317593,44.77230827,4.770720849,44.77730513,20,11,3.4440136,94,22.29,3067.2324,12.947916,9.420834,34.445435,652.05176,28.5,1.1500001,27.349998,13.308333,21.233334,21.233334,5.25,890,125,48,30.862207,309,172,172,181,3.2508535,0,0,0,23,0.58716,30.3795,8,7,439.115641651052
D005,NR006,S109,NR006_S109,EU,France,Rhone River,7,Palearctic,PA12,EU7,4.76847289,44.77143953,4.768282533,44.77193446,4.770571575,44.77699319,18,8,3.4440136,94,22.29,3067.2324,12.947916,9.420834,34.445435,652.05176,28.5,1.1500001,27.349998,13.308333,21.233334,21.233334,5.25,890,125,48,30.862207,309,172,172,181,3.2508535,0,0,0,23,0.58716,30.3795,8,7,439.115641651052
D005,NR006,S110,NR006_S110,EU,France,Rhone River,7,Palearctic,PA12,EU7,4.78138096,44.67593193,4.782009138,44.67530375,4.781428549,44.67640782,27,8,69760.69,136,0.116,71452470,12.766666,9.291667,34.16054,651.07764,28.2,1.1,27.199999,13.15,21.033333,21.033333,5.0666666,914,131,47,32.16778,322,168,168,191,20928.879,27065.535,15493.317,2525.5552,31,0.496809,45,9,6,439.115641651052
D005,NR006,S111,NR006_S111,EU,France,Rhone River,7,Palearctic,PA12,EU7,4.77341558,44.69869463,4.773823488,44.69880341,4.773939061,44.69869463,29,10,69749.125,93,1396.582,71442410,12.941667,9.516667,34.60606,653.9222,28.6,1.1,27.5,13.283334,21.233334,21.233334,5.2166667,901,129,47,31.559288,315,170,170,186,20945.203,27060.6,15502.943,2526.6333,31,0.452746,40,8,6,439.115641651052
D005,NR006,S112,NR006_S112,EU,France,Rhone River,7,Palearctic,PA12,EU7,4.78682382,44.68635147,4.788692037,44.68634603,4.786966588,44.6862087,28,8,29.176384,87,698.36804,26902.412,12.945833,9.416667,34.424244,651.4824,28.4,1.2,27.3,13.316667,21.2,21.2,5.2333336,906,131,47,32.199364,319,168,168,188,8.137061,19.261032,1.2205273,0.13561594,31,0.725277,41,9,6,439.115641651052
D005,NR006,S113,NR006_S113,EU,France,Rhone River,7,Palearctic,PA12,EU7,4.78312374,44.69818127,4.784665631,44.69726756,4.7837424,44.69832404,29,10,2.1116235,88.5,0.154,1601.1511,12.94375,9.420834,34.417046,652.51025,28.5,1.1500001,27.349998,13.316667,21.216667,21.216667,5.225,904,130.5,47,32.18357,318.5,168,168,188,1.6274109,0.06781611,0.20342556,0.13561594,31,0.527491,40,8,6,439.115641651052
D005,NR006,S114,NR006_S114,EU,France,Rhone River,7,Palearctic,PA12,EU7,4.72615103,44.53458494,4.725958145,44.53454031,4.72615103,44.53458494,29,9,604.5916,77.5,7.514,586061.56,13.2625,9.7,34.892086,657.59937,29.1,1.3,27.800001,13.650001,21.616667,21.616667,5.5,916,139,44,34.589375,330,163,163,196,325.86517,240.72458,29.225761,9.311544,12,0.678605,48,10,8,439.115641651052
D005,NR006,S115,NR006_S115,EU,France,Rhone River,7,Palearctic,PA12,EU7,4.7265368,44.53467421,4.726343915,44.53462958,4.7265368,44.53467421,28,9,604.5916,77.5,7.514,586061.56,13.2625,9.7,34.892086,657.59937,29.1,1.3,27.800001,13.650001,21.616667,21.616667,5.5,916,139,44,34.589375,330,163,163,196,325.86517,240.72458,29.225761,9.311544,12,0.678605,48,10,8,439.115641651052
D005,NR006,S116,NR006_S116,EU,France,Rhone River,7,Palearctic,PA12,EU7,4.69899957,44.48741242,4.698295929,44.48471853,4.700332068,44.48767417,29,7,70818.54,75,2.336,72421400,13.2,9.241667,34.040592,650.26917,28.7,1.5,27.2,13.6,21.466667,21.466667,5.5333333,894,137,42,34.387333,321,158,158,193,21422.965,27477.055,15591.018,2556.0076,23,0.535849,41,9,6,439.115641651052
D005,NR006,S117,NR006_S117,EU,France,Rhone River,7,Palearctic,PA12,EU7,4.70055071,44.48742187,4.698436389,44.48514439,4.70055071,44.48742187,28,10,70818.54,75,2.336,72421400,13.2,9.241667,34.040592,650.26917,28.7,1.5,27.2,13.6,21.466667,21.466667,5.5333333,894,137,42,34.387333,321,158,158,193,21422.965,27477.055,15591.018,2556.0076,23,0.535849,41,9,6,439.115641651052
D005,NR006,S118,NR006_S118,EU,France,Rhone River,7,Palearctic,PA12,EU7,4.69069522,44.51344798,4.691087831,44.5129126,4.691266291,44.51301968,29,10,70638.19,67,0.855,72280120,13.245833,9.308333,34.225094,651.3791,28.7,1.5,27.2,13.633333,21.533333,21.533333,5.55,904,138,43,34.60794,325,159,159,193,21376.83,27417.693,15561.365,2555.7195,12,0.739633,41.441,9,7,439.115641651052
D005,NR006,S119,NR006_S119,EU,France,Rhone River,7,Palearctic,PA12,EU7,4.68993705,44.4908866,4.691031602,44.49120613,4.690460531,44.49112455,28,8,70647.92,69,2.336,72287300,13.2375,9.241667,34.071342,650.0944,28.7,1.5,27.2,13.633333,21.516666,21.516666,5.5333333,896,137,43,34.586395,323,159,159,193,21366.084,27414.361,15551.673,2554.5735,23,0.544595,43.75,8,6,439.115641651052
D005,NR006,S120,NR006_S120,EU,France,Rhone River,7,Palearctic,PA12,EU7,4.74558264,44.55282327,4.746005844,44.553119,4.745254215,44.55297737,15,8,599.25555,94,4.979,581256.4,13.210417,9.8125,34.991123,663.79663,29.2,1.1500001,28.05,13.583334,21.641666,21.641666,5.366667,921,138,45,33.95662,330,164,164,196,323.48575,240.04562,29.157753,6.18413,12,0.856903,48.5,10,9,439.115641651052
D005,NR006,S121,NR006_S121,EU,France,Rhone River,7,Palearctic,PA12,EU7,4.74623949,44.55251507,4.746540322,44.5528312,4.745649324,44.55293091,15,10,599.25555,94,4.979,581256.4,13.210417,9.8125,34.991123,663.79663,29.2,1.1500001,28.05,13.583334,21.641666,21.641666,5.366667,921,138,45,33.95662,330,164,164,196,324.5733,241.13174,29.021767,6.659987,12,0.856903,48.5,10,9,439.115641651052
D005,NR006,S122,NR006_S122,EU,France,Rhone River,7,Palearctic,PA12,EU7,4.69706867,44.21587942,4.697041476,44.21528116,4.697032978,44.21637911,33,9,73498.08,39,1460.633,74932540,14.004167,10.0375,35.361507,662.2201,29.9,1.5,28.4,14.4,22.433332,22.433332,6.1499996,818,131,34,35.343616,292,137.5,137.5,188,22021.883,29125.191,16006.869,2586.4475,23,0.510848,28,7,6,439.115641651052
D005,NR006,S123,NR006_S123,EU,France,Rhone River,7,Palearctic,PA12,EU7,4.67337386,44.21598829,4.673849752,44.21620244,4.673766471,44.21598829,31,9,73493.29,40,1460.633,74948740,13.997917,10.120833,35.52624,662.9939,30,1.45,28.5,14.391666,22.425,22.425,6.133333,820.5,131,34.5,35.16669,292,139.5,139.5,188,22014.918,29126.053,16008.346,2587.509,23,0.4433,23.5075,5,7,439.115641651052
D005,NR006,S124,NR006_S124,EU,France,Rhone River,7,Palearctic,PA12,EU7,4.69681243,44.22980418,4.697050376,44.22982797,4.697012305,44.22981846,32,10,763.4077,40,8.513,686361.94,13.947916,10.258333,35.776623,665.2901,30.05,1.3,28.75,14.366667,22.416668,22.416668,6.0333333,825.5,131,35,35.00596,293.5,140,140,188,509.39377,190.7184,26.361584,29.135612,23,0.587109,36.5,8,7,439.115641651052
D005,NR006,S125,NR006_S125,EU,France,Rhone River,7,Palearctic,PA12,EU7,4.69724131,44.2259767,4.697788586,44.2259767,4.697812381,44.2259767,32,10,763.5431,40,8.513,686593.25,13.966666,10.175,35.576923,664.5231,30,1.4,28.6,14.383333,22.416666,22.416666,6.0666666,824,131,35,35.07658,293,140,140,188,511.7176,190.04044,26.361584,29.067589,23,0.574207,26.75,6,6,439.115641651052
D005,NR006,S126,NR006_S126,EU,France,Rhone River,7,Palearctic,PA12,EU7,4.73677506,44.32299819,4.738726218,44.32318855,4.737738742,44.32355736,28,9,201.23082,56,2.438,179482.3,13.933333,10.341666,35.66092,672.608,30.3,1.3,29,14.3,22.5,22.5,5.9666667,853,133,38,34.370697,304,147,147,191,106.58733,71.36723,13.965975,7.2304487,22,0.637196,46.25,10,8,439.115641651052
D005,NR006,S127,NR006_S127,EU,France,Rhone River,7,Palearctic,PA12,EU7,4.73704316,44.32302969,4.738994318,44.32322005,4.738006842,44.32358886,29,9,201.23082,56,2.438,179482.3,13.933333,10.341666,35.66092,672.608,30.3,1.3,29,14.3,22.5,22.5,5.9666667,853,133,38,34.370697,304,147,147,191,106.58733,71.36723,13.965975,7.2304487,22,0.637196,46.25,10,8,439.115641651052
D005,NR006,S128,NR006_S128,EU,France,Rhone River,7,Palearctic,PA12,EU7,4.62007556,44.27981443,4.619361722,44.27974305,4.620111252,44.28049258,27,9,2367.192,56.5,20.1795,2201557.8,13.775001,10.191668,35.847954,658.7258,29.7,1.3,28.400002,14.150001,22.15,22.15,5.9666667,838,133,36,34.81441,297,145,145,190,407.98828,1544.8584,403.37167,14.752913,23,0.556628,34.5,5,7,439.115641651052
D005,NR006,S129,NR006_S129,EU,France,Rhone River,7,Palearctic,PA12,EU7,4.6205241,44.27949814,4.619810262,44.27942676,4.620428922,44.28036665,26,10,2367.192,56.5,20.1795,2201557.8,13.775001,10.191668,35.847954,658.7258,29.7,1.3,28.400002,14.150001,22.15,22.15,5.9666667,838,133,36,34.81441,297,145,145,190,407.98828,1544.8584,403.37167,14.752913,23,0.556628,34.5,5,7,439.115641651052
D005,NR006,S130,NR006_S130,EU,France,Rhone River,7,Palearctic,PA12,EU7,4.73847858,44.08407354,4.738668937,44.08374721,4.73865704,44.08453753,31,10,75782.76,37,0.386,76905736,14.4,10.241667,35.474537,669.6724,30.5,1.6,28.8,14.75,22.95,22.95,6.4333334,793,127,31,35.396397,281,131,131,187,23130.162,30119.61,16099.029,2638.914,23,0.459629,29.3187,8,7,439.115641651052
D005,NR006,S131,NR006_S131,EU,France,Rhone River,7,Palearctic,PA12,EU7,4.72176049,44.0801145,4.721950847,44.08041363,4.722188793,44.08059039,30,8,75761.69,35.5,0.386,76878800,14.416667,10.270833,35.571907,669.4111,30.5,1.7,28.8,14.783334,22.958334,22.958334,6.483333,794.5,127,31,35.125534,281,132.5,132.5,187,23122.143,30111.592,16099.111,2637.68,23,0.522243,36.9133,8,7,439.115641651052
D005,NR006,S132,NR006_S132,EU,France,Rhone River,7,Palearctic,PA12,EU7,4.71589805,44.15470879,4.717910394,44.15455243,4.718693917,44.15470879,30,9,74381.06,35.5,1469.422,75735670,14.2,10.120833,35.31816,666.4265,30.25,1.6,28.6,14.583333,22.708334,22.708334,6.3,808.5,129,33,35.218323,287.5,135,135,187,22592.021,29327.805,16020.397,2620.4368,23,0.552438,32.7282,9,7,439.115641651052
D005,NR006,S133,NR006_S133,EU,France,Rhone River,7,Palearctic,PA12,EU7,4.71804537,44.15941774,4.71804537,44.15941774,4.718759208,44.15935825,30,9,74380.04,38,740.7425,75735120,14.191667,10.091667,35.299297,665.71606,30.2,1.6,28.6,14.566667,22.683334,22.683334,6.3,810,129,34,35.112305,288,136,136,187,22603.775,29337.15,16030.965,2621.0435,23,0.552438,32.7282,9,7,439.115641651052
D005,NR006,S134,NR006_S134,EU,France,Rhone River,7,Palearctic,PA12,EU7,4.68716632,44.12203826,4.687023552,44.1227521,4.688736764,44.1236087,23,9,1168.1992,35.5,19.294,984844.8,14.333334,10.108334,35.34735,666.48083,30.349998,1.8,28.6,14.683333,22.85,22.85,6.4333334,807.5,129,33,35.035152,285,136,136,188,397.25653,701.36835,63.80951,8.617316,23,0.558556,28.7856,9,6,439.115641651052
D005,NR006,S135,NR006_S135,EU,France,Rhone River,7,Palearctic,PA12,EU7,4.68739806,44.12227051,4.687255292,44.12298435,4.688968504,44.12384095,23,12,1168.1992,35.5,19.294,984844.8,14.333334,10.108334,35.34735,666.48083,30.349998,1.8,28.6,14.683333,22.85,22.85,6.4333334,807.5,129,33,35.035152,285,136,136,188,397.25653,701.36835,63.80951,8.617316,23,0.558556,28.7856,9,6,439.115641651052
D005,NR006,S136,NR006_S136,EU,France,Rhone River,7,Palearctic,PA12,EU7,4.80876764,43.91511153,4.80885687,43.91573614,4.808873884,43.91564697,23,10,13238.6455,24.5,162.851,12372700,14.670834,10.462501,35.750854,674.0082,30.849998,1.6,29.25,15.033334,23.266666,23.266666,6.633333,747,121,27.5,35.799324,265.5,120.5,120.5,180,3801.0093,5873.766,2957.1636,120.13794,22,0.684765,41,10,9,439.115641651052
D005,NR006,S137,NR006_S137,EU,France,Rhone River,7,Palearctic,PA12,EU7,4.80861226,43.91478304,4.80870149,43.91540765,4.808718504,43.91531848,23,13,13238.6455,24.5,162.851,12372700,14.670834,10.462501,35.750854,674.0082,30.849998,1.6,29.25,15.033334,23.266666,23.266666,6.633333,747,121,27.5,35.799324,265.5,120.5,120.5,180,3801.0093,5873.766,2957.1636,120.13794,22,0.684765,41,10,9,439.115641651052
D005,NR006,S138,NR006_S138,EU,France,Rhone River,7,Palearctic,PA12,EU7,4.61338863,43.8501255,4.616064504,43.8509046,4.615292199,43.84994704,27,11,2094.8733,20,0.46,1669842,14.820833,9.825,35.33453,649.8687,30.3,2.5,27.8,15.183333,23.133333,23.133333,7.1833334,752,128,26,38.49191,268,118,118,189,796.65894,1174.4481,72.86436,46.83156,23,0.514317,19.6815,8,7,439.115641651052
D005,NR006,S139,NR006_S139,EU,France,Rhone River,7,Palearctic,PA12,EU7,4.61338683,43.85046966,4.616062704,43.85124876,4.615290399,43.8502912,28,10,2094.8733,20,0.46,1669842,14.820833,9.825,35.33453,649.8687,30.3,2.5,27.8,15.183333,23.133333,23.133333,7.1833334,752,128,26,38.49191,268,118,118,189,796.65894,1174.4481,72.86436,46.83156,23,0.514317,19.6815,8,7,439.115641651052
D005,NR006,S140,NR006_S140,EU,France,Rhone River,7,Palearctic,PA12,EU7,4.70057574,43.89903974,4.70057574,43.89903974,4.700603104,43.89791069,31,8,93381.27,22,1686.562,93118020,14.65,9.866667,35.112694,656.4263,30.3,2.2,28.099998,15.066667,23.05,23.05,6.9,756,126,27,37.13369,269,121,121,185,29522.74,37367.84,19297.53,2909.0352,22,0.622763,30.3187,9,7,439.115641651052
D005,NR006,S141,NR006_S141,EU,France,Rhone River,7,Palearctic,PA12,EU7,4.70122882,43.89829721,4.701160835,43.89862354,4.701137211,43.89797123,31,7,93381.234,22,1686.562,93118020,14.65,9.866667,35.112694,656.4263,30.3,2.2,28.099998,15.066667,23.05,23.05,6.9,756,126,27,37.13369,269,121,121,185,29522.74,37367.84,19297.53,2909.0352,22,0.622763,30.3187,9,7,439.115641651052
D005,NR006,S142,NR006_S142,EU,France,Rhone River,7,Palearctic,PA12,EU7,4.65027217,43.8044571,4.650157956,43.80379085,4.6501413,43.80727676,35,11,95522.46,11,1724.198,94785510,14.981251,9.729167,34.999977,651.5696,30.4,2.6,27.8,15.35,23.333334,23.333334,7.333333,741.5,126,25,38.234066,263,115.5,115.5,186,30344.814,38537.76,19373.383,2958.346,23,0.686244,47,10,7,439.115641651052
D005,NR006,S143,NR006_S143,EU,France,Rhone River,7,Palearctic,PA12,EU7,4.65084298,43.80446751,4.650473824,43.80375027,4.65071211,43.80728717,35,7,95522.46,11,1724.198,94785510,14.981251,9.729167,34.999977,651.5696,30.4,2.6,27.8,15.35,23.333334,23.333334,7.333333,741.5,126,25,38.234066,263,115.5,115.5,186,30344.814,38537.76,19373.383,2958.346,23,0.686244,47,10,7,439.115641651052
D005,NR006,S144,NR006_S144,EU,France,Rhone River,7,Palearctic,PA12,EU7,4.60496858,43.66809579,4.605784395,43.66884634,4.606063132,43.66704883,26,7,95551.92,6,1725.466,94802410,15.120833,9.508333,34.82906,641.10156,30.2,2.9,27.300001,15.533334,23.316668,23.316668,7.6,714,121,22,39.29128,253,106,106,184,30341.186,38529.17,19391.158,2962.0542,22,0.555167,42,10,6,439.115641651052
D005,NR006,S145,NR006_S145,EU,France,Rhone River,7,Palearctic,PA12,EU7,4.60951183,43.66896924,4.607404307,43.66977146,4.608797992,43.66963549,24,8,95551.84,6,1725.466,94802390,15.120833,9.508333,34.82906,641.10156,30.2,2.9,27.300001,15.533334,23.316668,23.316668,7.6,714,121,22,39.29128,253,106,106,184,30361.896,38545.2,19387.703,2962.9243,22,0.555167,42,10,6,439.115641651052
D005,NR006,S146,NR006_S146,EU,France,Rhone River,7,Palearctic,PA12,EU7,4.34955201,43.54655879,4.350378023,43.54640243,4.34955201,43.54655879,25,9,21.625053,1,4.047,13253.842,15.025,8.866667,34.59302,610.05585,29,3.3,25.7,11.483334,22.8,22.8,7.8166666,679,114,19,39.896755,240,95,95,187,15.142355,0,4.287005,0,31,0.527873,14.1815,0,5,439.115641651052
D005,NR006,S147,NR006_S147,EU,France,Rhone River,7,Palearctic,PA12,EU7,4.35030014,43.54601022,4.35060947,43.54601022,4.349586302,43.54597453,24,9,21.625053,1,4.047,13253.842,15.025,8.866667,34.59302,610.05585,29,3.3,25.7,11.483334,22.8,22.8,7.8166666,679,114,19,39.896755,240,95,95,187,15.142355,0,4.287005,0,31,0.527873,14.1815,0,5,439.115641651052
D005,NR006,S148,NR006_S148,EU,France,Rhone River,7,Palearctic,PA12,EU7,4.80727008,43.38278129,4.791286221,43.38213476,4.805009592,43.38260283,27,12,96276.88,0,1726.83,95311130,15.108334,7.7833333,31.768707,607.10565,28.3,3.8,24.5,15.766666,22.766666,22.766666,7.9,635,105,17,39.340267,226,88,88,169,30917.996,38680.21,19520.81,3021.0486,12,-9999,30.3395,9,6,439.115641651052
D005,NR006,S149,NR006_S149,EU,France,Rhone River,7,Palearctic,PA12,EU7,4.80737478,43.38271109,4.791390921,43.38206456,4.805114292,43.38253263,22,7,96276.88,0,1726.83,95311130,15.108334,7.7833333,31.768707,607.10565,28.3,3.8,24.5,15.766666,22.766666,22.766666,7.9,635,105,17,39.340267,226,88,88,169,30917.996,38680.21,19520.81,3021.0486,12,-9999,30.3395,9,6,439.115641651052
D005,NR006,S150,NR006_S150,EU,France,Rhone River,7,Palearctic,PA12,EU7,4.74707552,43.41985768,4.745742852,43.42043062,4.746123736,43.41871554,27,9,96266.48,1,1726.83,95313260,15.1625,8.541666,33.562542,614.33154,29,3.5,25.5,15.733334,22.966667,22.966667,7.9,653,108,18,39.388523,233,91,91,172,30779.928,38630.98,19545.45,3007.3005,32,0.652169,32,8,6,439.115641651052
D005,NR006,S151,NR006_S151,EU,France,Rhone River,7,Palearctic,PA12,EU7,4.747366,43.41995775,4.746033332,43.42053069,4.746414216,43.41881561,25,7,96266.54,1,1726.83,95313290,15.1625,8.541666,33.562542,614.33154,29,3.5,25.5,15.733334,22.966667,22.966667,7.9,653,108,18,39.388523,233,91,91,172,30779.928,38630.98,19545.52,3007.3005,32,0.652169,32,8,6,439.115641651052
D005,NR006,S152,NR006_S152,EU,France,Rhone River,7,Palearctic,PA12,EU7,4.66578326,43.58370684,4.667539982,43.58581708,4.667210937,43.5852059,24,8,96232.84,3.5,1726.206,95290296,14.970834,9.1875,34.73533,624.75574,29.349998,2.9,26.45,15.441667,22.916666,22.916666,7.5833335,690,116.5,21,39.484665,246.5,100,100,180,30757.59,38630.707,19554.205,3005.3237,31,0.500058,19.7282,0,6,439.115641651052
D005,NR006,S153,NR006_S153,EU,France,Rhone River,7,Palearctic,PA12,EU7,4.66710901,43.58649624,4.666769087,43.58656151,4.666216712,43.58631778,25,9,96232.79,3.5,1726.206,95290280,14.970834,9.1875,34.73533,624.75574,29.349998,2.9,26.45,15.441667,22.916666,22.916666,7.5833335,690,116.5,21,39.484665,246.5,100,100,180,30758.45,38616.04,19530.836,3006.3115,31,0.500058,19.7282,0,6,439.115641651052
D005,NR006,S154,NR006_S154,EU,France,Rhone River,7,Palearctic,PA12,EU7,4.3943579,43.470996,4.393705248,43.47113197,4.38460211,43.46466663,27,7,38.29183,0,4.047,23332.188,15.1125,8.608334,33.891075,606.5518,29,3.6,25.4,11.65,22.85,22.85,7.983333,662,110,18,40.306465,234,91,91,183,24.413399,0,9.824782,0,54,0.509917,24.5,7,3,439.115641651052
D005,NR006,S155,NR006_S155,EU,France,Rhone River,7,Palearctic,PA12,EU7,4.39441948,43.47083927,4.393766828,43.47097524,4.38466369,43.4645099,23,7,38.29183,0,4.047,23332.188,15.1125,8.608334,33.891075,606.5518,29,3.6,25.4,11.65,22.85,22.85,7.983333,662,110,18,40.306465,234,91,91,183,24.413399,0,9.824782,0,54,0.509917,24.5,7,3,439.115641651052
D005,NR006,S156,NR006_S156,EU,France,Rhone River,7,Palearctic,PA12,EU7,4.61548721,43.71109553,4.616262234,43.71125869,4.61548721,43.71109553,23,9,95543.8,6,1725.343,94797880,14.964583,9.679167,35.261063,641.0245,30.1,2.65,27.45,15.383333,23.158333,23.158333,7.4166665,719,123.5,23,39.501076,257.5,108,108,184,30354.95,38550.11,19390.63,2961.9746,22,0.708352,42,10,6,439.115641651052
D005,NR006,S157,NR006_S157,EU,France,Rhone River,7,Palearctic,PA12,EU7,4.87148967,44.01367186,4.871251724,44.01381463,4.871275519,44.01467123,29,7,2891.9514,35,18.595,2511443,14.554167,10.791667,36.14827,683.91077,31,1.2,29.8,14.933333,23.25,23.25,6.35,772,121,30,34.364227,273,129,129,181,1796.8179,900.7472,109.25368,67.17084,23,0.798931,44,10,9,439.115641651052
D005,NR006,S158,NR006_S158,EU,France,Rhone River,7,Palearctic,PA12,EU7,4.8029029,43.96032852,4.802843413,43.95878187,4.807043162,43.95725902,11,11,77102.73,20,1505.694,78129480,14.733334,10.275,35.431034,673.0809,30.8,1.9,29,15.116667,23.333334,23.333334,6.75,759,122,28,35.645668,269,123,123,182,23827.627,30543.816,16222.926,2672.3542,12,0.640818,37,10,9,439.115641651052
D005,NR006,S159,NR006_S159,EU,France,Rhone River,7,Palearctic,PA12,EU7,4.82414886,43.98613086,4.812917804,43.98874827,4.819568398,43.98624983,7,12,77089.06,23,1505.694,78120130,14.608334,10.325,35.57086,672.8143,30.8,1.7,29.05,14.983334,23.2,23.2,6.6,764,122,29,35.450253,271,125,125,182,23884.43,30612.955,16288.592,2674.065,12,0.660279,32.527,9,9,439.115641651052
D005,NR006,S160,NR006_S160,EU,France,Rhone River,7,Palearctic,PA12,EU7,4.82470455,44.01654671,4.820625474,44.01732173,4.820373931,44.01621359,11,8,76994,23,9.454499,78040300,14.608334,10.383333,35.66092,672.96985,30.7,1.6,29.1,14.983334,23.183334,23.183334,6.5833335,766,122,29,35.198044,272,126,126,182,23791.201,30568.512,16250.697,2665.2595,23,0.530311,28.8525,8,8,439.115641651052
D005,NR006,S161,NR006_S161,EU,France,Rhone River,7,Palearctic,PA12,EU7,4.79879396,44.04469306,4.800319534,44.04621048,4.799698155,44.04616833,30,10,76930.95,28.5,1504.713,77994344,14.422916,10.579166,35.912697,678.42163,30.8,1.3499999,29.45,14.791667,23.066666,23.066666,6.3333335,779.5,124,30,35.23551,277,129,129,184,23727.674,30537.6,16215.232,2659.3687,23,0.530655,37,8,7,439.115641651052
D005,NR006,S162,NR006_S162,EU,France,Rhone River,7,Palearctic,PA12,EU7,4.7909893,44.05168094,4.791152463,44.05207253,4.791256989,44.05114556,32,7,76929.23,34,1504.713,77993384,14.379167,10.583333,35.89527,679.3751,30.7,1.3,29.5,14.733334,22.983334,22.983334,6.2833333,784,124,31,34.750748,277,131,131,185,23716.504,30532.693,16218.702,2659.8496,23,0.530655,37,8,7,439.115641651052
D005,NR006,S163,NR006_S163,EU,France,Rhone River,7,Palearctic,PA12,EU7,4.75516867,44.76438063,4.754475227,44.76466617,4.75516867,44.76438063,31,7,67831.555,153.5,22.29,69455144,12.670834,9.304167,34.11889,651.0724,28.3,1,27.3,13.025,20.966667,20.966667,5.008333,903.5,125,49,30.222275,311.5,175,175,184,20367.54,25895.504,15330.697,2511.7937,23,0.552012,31.7282,8,7,439.115641651052
D005,NR006,S164,NR006_S164,EU,France,Rhone River,7,Palearctic,PA12,EU7,4.75244062,44.75668494,4.75486767,44.75704186,4.754724903,44.75454343,31,9,67834.95,153.5,1390.51,69457860,12.670834,9.358334,34.21856,651.06134,28.3,1,27.3,13.025,20.966667,20.966667,5.008333,903.5,125,49,30.379467,311.5,175,175,184,20354.871,25889.316,15319.996,2510.7136,23,0.75206,30.0895,8,7,439.115641651052
D005,NR006,S165,NR006_S165,EU,France,Rhone River,7,Palearctic,PA12,EU7,4.85446138,44.90886625,4.864574089,44.9062191,4.859458248,44.90363144,5,10,66474.41,112,672.23505,68170380,12.808333,9.458334,34.39394,659.2884,28.5,0.9,27.5,13.116667,5.05,21.2,5.05,875,115,51,27.766394,293,173,179,173,19918.35,25101.877,15127.17,2481.7253,22,0.694604,45,10,9,439.115641651052
D005,NR006,S166,NR006_S166,EU,France,Rhone River,7,Palearctic,PA12,EU7,4.85479872,45.53966754,4.854893898,45.54038138,4.854828463,45.54035164,27,10,50905.055,231.5,1113.573,51188908,11.64375,8.458333,32.578705,642.76086,26.2,0.25,25.95,11.958334,4.041667,19.775002,4.041667,835.5,96,50,21.72098,259,158.5,204,158.5,16119.938,18885.51,11103.303,2093.6228,23,0.844742,45,10,9,439.115641651052
D005,NR006,S167,NR006_S167,EU,France,Rhone River,7,Palearctic,PA12,EU7,4.84154997,45.54265948,4.841169256,45.54327814,4.841906889,45.54292717,26,12,50902.035,249,1113.573,51186610,11.595834,8.45,32.548077,642.7402,26.150002,0.2,26,11.908334,4,19.708334,4,838,95.5,50,21.379385,259,159,205,159,16118,18885.04,11103.235,2093.4224,23,0.619582,47.75,10,8,439.115641651052
D005,NR006,S168,NR006_S168,EU,France,Rhone River,7,Palearctic,PA12,EU7,5.79486989,45.81070397,5.79469143,45.81138212,5.78449544,45.81127504,12,10,630.77576,235,11.942,650315.8,11.216667,9.379167,33.813652,675.6965,26.6,-1.1500001,27.7,11.358334,4.366667,19.658333,2.95,996.5,103,69,14.4107485,297.5,221.5,232,230,121.1167,306.62305,93.27243,60.511356,51,0.431472,13.4989,4,5,439.115641651052
D005,NR006,S169,NR006_S169,EU,France,Rhone River,7,Palearctic,PA12,EU7,4.64846866,44.36823703,4.648492455,44.36802798,4.64846866,44.36823703,30,11,71008.56,54,1418.107,72611290,13.679167,9.866667,35.231316,658.3604,29.5,1.5,28,14.05,22.083334,22.083334,5.9166665,857,133,39,34.08496,306,150,150,190,21533.928,27558.398,15602.374,2562.8022,23,0.607018,42,9,7,439.115641651052
D005,NR006,S170,NR006_S170,EU,France,Rhone River,7,Palearctic,PA12,EU7,4.6489078,44.36820663,4.648931595,44.36799758,4.6489078,44.36820663,28,11,71008.56,54,1418.107,72611290,13.679167,9.866667,35.231316,658.3604,29.5,1.5,28,14.05,22.083334,22.083334,5.9166665,857,133,39,34.08496,306,150,150,190,21533.928,27558.398,15602.374,2562.8022,23,0.607018,42,9,7,439.115641651052
D005,NR006,S171,NR006_S171,EU,France,Rhone River,7,Palearctic,PA12,EU7,4.65386103,43.80450512,4.651330643,43.80484708,4.65386103,43.80450512,32,9,95522.414,11,1724.198,94785480,14.981251,9.729167,34.999977,651.5696,30.4,2.6,27.8,15.35,23.333334,23.333334,7.333333,741.5,126,25,38.234066,263,115.5,115.5,186,30362.117,38566.2,19385.424,2960.0923,23,0.686244,47,10,7,439.115641651052
D005,NR006,S172,NR006_S172,EU,France,Rhone River,7,Palearctic,PA12,EU7,4.65356224,43.80452037,4.651031853,43.80486233,4.65356224,43.80452037,33,7,95522.414,11,1724.198,94785480,14.981251,9.729167,34.999977,651.5696,30.4,2.6,27.8,15.35,23.333334,23.333334,7.333333,741.5,126,25,38.234066,263,115.5,115.5,186,30362.117,38566.2,19385.424,2960.0923,23,0.686244,47,10,7,439.115641651052
D005,NR006,S173,NR006_S173,EU,France,Rhone River,7,Palearctic,PA12,EU7,4.45258173,43.66580061,4.464696586,43.6627481,4.453474028,43.66478934,29,9,4.8249426,4.5,2.1,3162.5457,15.016666,9.333333,35.074627,626.6644,29.6,2.9,26.6,15.4,23.033333,23.033333,7.6333337,708,122,21,40.160393,252,103,103,188,4.1397758,0.069005646,0.34504098,0,31,0.578459,19.777,5,6,439.115641651052
D005,NR006,S174,NR006_S174,EU,France,Rhone River,7,Palearctic,PA12,EU7,4.45311272,43.66536353,4.46529556,43.66193711,4.453856302,43.66476866,27,13,4.8994803,4,2.1,3180.932,15.0125,9.316667,35.062893,625.3538,29.5,2.9,26.6,15.4,22.983334,22.983334,7.6333337,708,122,21,40.160393,252,103,103,188,4.6228538,0.069005646,0.20702651,0,31,0.578459,19.777,5,6,439.115641651052
D005,NR006,S175,NR006_S175,EU,France,Rhone River,7,Palearctic,PA12,EU7,5.82988943,46.10727899,5.82988943,46.10727899,5.829818046,46.10792144,8,13,10807.278,459,12.149,10509122,9.85625,9.079166,33.642548,662.2749,24.9,-2,27,10.108334,5.7333336,18.133333,1.8333334,1077.5,107,74,12.491081,311,241,252,266,1371.3007,4227.56,2389.0393,454.351,23,0.851965,47.75,10,8,439.115641651052
D005,NR006,S176,NR006_S176,EU,France,Rhone River,7,Palearctic,PA12,EU7,5.83791214,45.97654688,5.838007318,45.97622327,5.8380906,45.97613047,9,10,306.46445,341,4.4435,334804.84,10.495833,9.366667,34.060608,669.23914,25.8,-1.6,27.599998,10.683333,6.383333,18.883333,2.3333333,1022,104,70,13.657143,302,226,240,245,155.67612,77.75226,70.85382,4.041101,32,0.597188,18.7575,7,6,439.115641651052
D005,NR006,S177,NR006_S177,EU,France,Rhone River,7,Palearctic,PA12,EU7,5.83618897,45.93262972,5.836403121,45.9331651,5.835998613,45.93391463,18,11,1375.6826,577,29.812,1623843.8,9.660417,8.945833,33.472305,656.43713,24.7,-2.05,26.75,9.933334,6.1,17.908333,1.7916666,1096.5,107.5,74.5,13.24747,319.5,245,253.5,275,253.71683,742.8604,283.22668,66.798004,32,0.579677,18.8525,7,6,439.115641651052
D005,NR006,S178,NR006_S178,EU,France,Rhone River,7,Palearctic,PA12,EU7,5.58881019,45.6557637,5.590475813,45.65802419,5.589333671,45.65866664,29,10,14749.227,211.5,444.313,14972274,11.527082,9.629167,34.48526,675.0397,26.95,-1,27.95,11.7,4.708333,19.975,3.3,1038,112.5,70,16.972773,317,224.5,236,225,2351.8384,6212.152,3122.025,611.7978,23,0.431254,16.3187,5,6,439.115641651052
D005,NR006,S179,NR006_S179,EU,France,Rhone River,7,Palearctic,PA12,EU7,4.8442987,43.99103295,4.8442987,43.99103295,4.847986865,43.99287703,7,14,6.4867487,20,200.791,4788.073,14.706249,10.3125,35.492233,673.1458,30.849998,1.8,29.099998,15.083334,23.308334,23.308334,6.7,758,121,29,35.289585,269,125,125,181,6.1089134,0.20592788,0,0,12,0.907693,34.0895,10,9,439.115641651052
D005,NR006,S180,NR006_S180,EU,France,Rhone River,7,Palearctic,PA12,EU7,4.84443439,44.02241846,4.845519424,44.0227611,4.84443439,44.02241846,14,13,19.638643,27,0.123,15320.659,14.581249,10.470833,35.763214,675.19653,30.75,1.5,29.25,14.941668,23.166668,23.166668,6.516667,773,122,30,34.409836,272.5,128,128,182,17.69191,0,0.13719422,1.3030123,23,0.673348,31.3525,9,8,439.115641651052
D005,NR006,S181,NR006_S181,EU,France,Rhone River,7,Palearctic,PA12,EU7,4.87155191,44.01359743,4.871313964,44.0137402,4.871337759,44.0145968,29,7,2891.9514,35,18.595,2511443,14.554167,10.791667,36.14827,683.91077,31,1.2,29.8,14.933333,23.25,23.25,6.35,772,121,30,34.364227,273,129,129,181,1796.8179,900.7472,109.25368,67.17084,23,0.798931,44,10,9,439.115641651052
D005,NR006,S182,NR006_S182,EU,France,Rhone River,7,Palearctic,PA12,EU7,4.8094918,45.14227701,4.8094918,45.14279097,4.809444211,45.14303844,18,8,34.13928,330,0.403,30646.62,11.4875,9.133333,33.95291,642.77924,26.8,-0.1,26.9,11.866667,3.9499998,19.65,3.9499998,875,105,51,23.357876,280,171,195,171,26.847992,4.2394023,1.9514998,0.06727388,23,0.506404,34,5,6,439.115641651052
D005,NR006,S183,NR006_S183,EU,France,Rhone River,7,Palearctic,PA12,EU7,4.79724857,44.82490938,4.797809443,44.82518982,4.796088583,44.82368991,15,8,853.50397,182,12.457,841051.75,12.354167,9.091666,33.803257,644.68616,27.7,0.8,26.800001,12.733334,5.9666667,20.55,4.766667,894,122,51,28.905216,306,178,179,181,33.051296,650.01,166.47754,1.8242283,23,0.589406,45.75,9,7,439.115641651052
D005,NR006,S184,NR006_S184,EU,France,Rhone River,7,Palearctic,PA12,EU7,4.80104154,45.30780875,4.802082554,45.30792772,4.80104154,45.30780875,14,10,210.68079,154,0.732,185516.5,12.383333,9.2,34.169765,650.03784,27.5,0.5,27,12.65,4.6833334,20.583334,4.6833334,817,98,47,23.938585,260,153,190,153,180.09824,24.654568,1.0720114,4.8956146,23,0.568623,42,9,7,439.115641651052
D005,NR006,S185,NR006_S185,EU,France,Rhone River,7,Palearctic,PA12,EU7,4.79657799,45.20515664,4.79656903,45.20519253,4.796592825,45.20544237,18,8,381.55948,280,4.317,371306.34,11.695833,9.158333,34.01487,645.73236,26.9,0.1,26.9,12.05,4.0833335,19.883333,4.0833335,859,102,50,23.538635,273,164,196,164,111.16054,198.1733,62.912666,10.477506,23,0.517115,44.75,8,7,439.115641651052
D005,NR006,S186,NR006_S186,EU,France,Rhone River,7,Palearctic,PA12,EU7,4.80048449,45.18106584,4.812847027,45.18302575,4.800448798,45.18288613,6,9,53394.27,164,4.317,53493788,12.233334,9.158334,33.95062,648.7101,27.5,0.5,27,12.55,4.5333333,20.45,4.5333333,834,102,48,24.766068,269,158,188,158,17796.104,19503.111,11210.235,2183.244,23,0.612092,39.6025,9,8,439.115641651052
D005,NR006,S187,NR006_S187,EU,France,Rhone River,7,Palearctic,PA12,EU7,5.44585503,45.79091667,5.4446653,45.79025042,5.44461771,45.78967935,10,9,15174.34,220.5,0.794,15423004,11.370833,9.375,34.044083,670.4507,26.6,-0.95,27.5,11.575,4.575,19.766666,3.225,1022,110,70,17.008526,311,217.5,232.5,221,2611.183,6330.5107,3130.508,620.74695,23,0.587131,24.4151,7,6,439.115641651052
D005,NR006,S188,NR006_S188,EU,France,Rhone River,7,Palearctic,PA12,EU7,5.5725147,45.68507299,5.572978695,45.69369854,5.573561663,45.68905145,9,8,4.80272,242,200.791,5269.636,11.25,9.366667,34.184917,667.90717,26.4,-1,27.4,11.45,4.483333,19.6,3.1,1071,115,72,16.751768,325,230,244,233,1.5987619,2.7308002,0,0,32,0.635958,17.8983,2,5,439.115641651052
D005,NR006,S189,NR006_S189,EU,France,Rhone River,7,Palearctic,PA12,EU7,5.62210127,45.61183759,5.62210127,45.61183759,5.62395725,45.6135508,22,10,618.36865,218,11.150499,722611.06,11.5625,10.025,34.948097,685.8107,27.4,-1.3,28.699999,11.716666,4.633333,20.116667,3.1833334,1038,111,70,16.780346,316,225,235,225,143.76392,331.7575,124.818954,8.493237,23,0.593158,33,8,7,439.115641651052
D005,NR006,S190,NR006_S190,EU,France,Rhone River,7,Palearctic,PA12,EU7,5.79493343,45.81054505,5.79475497,45.8112232,5.78455898,45.81111612,12,10,630.77576,235,11.942,650315.8,11.216667,9.379167,33.813652,675.6965,26.6,-1.1500001,27.7,11.358334,4.366667,19.658333,2.95,996.5,103,69,14.4107485,297.5,221.5,232,230,121.1167,306.62305,93.27243,60.511356,51,0.431472,13.4989,4,5,439.115641651052
D005,NR006,S191,NR006_S191,EU,France,Rhone River,7,Palearctic,PA12,EU7,4.61431784,43.71433241,4.6153784,43.71453636,4.61431784,43.71433241,24,9,95543.35,6,1725.3301,94797740,14.95,9.7,35.272728,641.1637,30.1,2.6,27.5,15.366667,23.166668,23.166668,7.383333,720,123,23,39.49458,257,108,108,184,30354.81,38550.11,19390.56,2961.9746,22,0.708352,24.3795,6,6,439.115641651052
D005,NR006,S192,NR006_S192,EU,France,Rhone River,7,Palearctic,PA12,EU7,5.82627457,45.93261649,5.823597676,45.93358017,5.824394796,45.93180747,24,11,12659.233,288,29.812,12647610,10.733334,9.216667,33.60606,670.4069,26,-1.4,27.4,10.933333,6.516667,19.1,2.5333333,1017,103,70,13.621454,299,227,238,239,1807.8041,5153.2803,2779.0793,530.3516,32,0.537659,33.6295,7,6,439.115641651052
D005,NR006,S193,NR006_S193,EU,France,Rhone River,7,Palearctic,PA12,EU7,5.81300267,45.87759993,5.812788519,45.87688609,5.812259088,45.87807582,5,12,12675.804,242.5,200.791,12665094,11.029167,9.241667,33.54507,672.82526,26.349998,-1.2,27.55,11.175,4.1916666,19.433334,2.8083334,996.5,102,69,13.977449,294.5,220.5,234,232,1811.6063,5126.5625,2777.7446,530.2249,32,0.454301,15.3795,5,5,439.115641651052
D005,NR006,S194,NR006_S194,EU,France,Rhone River,7,Palearctic,PA12,EU7,5.70103491,45.72541839,5.699286006,45.72556116,5.699521573,45.7252899,6,10,13826.759,262,0.693,13924627,11.220834,9.675,34.338062,682.8199,26.9,-1.4,28.199999,11.35,4.3166666,19.75,2.8833332,1041,109,71,15.313731,313,228,240,234,2081.3625,5737.285,2965.259,598.31305,32,0.616274,33.75,7,7,439.115641651052
D005,NR006,S195,NR006_S195,EU,France,Rhone River,7,Palearctic,PA12,EU7,4.75353977,45.37445794,4.755360058,45.3742081,4.752768825,45.37382976,27,10,51726.69,142.5,1123.466,51924864,12.322916,9.05,33.926342,647.13586,27.4,0.7,26.699999,12.575,4.6666665,20.525,4.6666665,805.5,95,46,23.96423,253.5,148,193.5,148,16753.268,19025.404,11132.303,2126.18,12,0.591026,40.3795,9,8,439.115641651052
D005,NR006,S196,NR006_S196,EU,France,Rhone River,7,Palearctic,PA12,EU7,4.7534211,45.3744897,4.755241388,45.37423986,4.752650155,45.37386152,25,8,51726.69,142.5,1123.466,51924864,12.322916,9.05,33.926342,647.13586,27.4,0.7,26.699999,12.575,4.6666665,20.525,4.6666665,805.5,95,46,23.96423,253.5,148,193.5,148,16753.268,19025.404,11132.303,2126.18,12,0.591026,40.3795,9,8,439.115641651052
D006,NR007,S001,NR007_S001,AS,Japan,Hazuki River,2,Palearctic,PA04,AS2,130.1150055,33.3479004,130.1145653,33.34801937,130.115,33.3479,6,2,27.620672,573,0.656,64732.414,12.833333,6.491667,23.102016,790.1103,27,-1.1,28.1,22.083334,5.4666667,22.533333,3.0833333,2293,426,68,60.950676,1043,242,896,254,0.2389833,27.247215,0,0,51,0.520982,17,3,6,5886.72797564609
D006,NR007,S002,NR007_S002,AS,Japan,Hazuki River,2,Palearctic,PA04,AS2,130.072998,33.3146019,130.0731122,33.31290296,130.073,33.3134,15,1,39.73082,171,1.375,89329.766,15.214584,6.866667,24.26384,781.69147,29.650002,1.3,28.300001,24.383333,7.875,24.858334,5.6416664,1908,323,65,57.02339,835.5,217.5,736,218.5,2.152261,38.32717,0,0,51,0.676946,37,7,7,5886.72797564609
D006,NR007,S003,NR007_S003,AS,Japan,Hazuki River,2,Palearctic,PA04,AS2,130.0149994,33.3479004,130.0162129,33.34950654,130.016,33.3496,22,4,91.931625,55,2.721,192844.94,15.708334,6.8875,24.410027,777.6605,30.1,1.8,28.2,24.833334,6.233333,25.341667,6.1583333,1840,306,67,55.103897,787,217,707,217,16.34049,73.47893,0,0.71728057,51,0.750297,36.6646,7,6,5886.72797564609
D006,NR008,S001,NR008_S001,AS,Japan,Koishiwara River,2,Palearctic,PA04,AS2,130.8099976,33.4645996,130.8104259,33.46452822,130.81,33.4646,11,1,8.436882,530,1.435,18191.818,12.679167,7.1708336,24.684452,808.15137,27.45,-1.6,29,22.2,5.2,22.575,2.7916665,2157,412.5,62.5,62.630623,1001,221.5,840,238,1.4324526,7.320955,0,0,51,0.414359,16.4505,0,7,10825.0269212769
D006,NR008,S002,NR008_S002,AS,Japan,Koishiwara River,2,Palearctic,PA04,AS2,130.6940002,33.4603996,130.6940002,33.45965602,130.694,33.4596,21,1,44.78879,175,1.435,93353.11,14.583333,8.016666,26.992144,802.86456,29.8,0.1,29.699999,24.133333,7.1,24.483334,4.8333335,1851,333,58,60.061337,836,204,698,214,5.253108,39.47326,0,0,51,0.561461,26.8675,4,7,10825.0269212769
D006,NR008,S003,NR008_S003,AS,Japan,Koishiwara River,2,Palearctic,PA04,AS2,130.6399994,33.3754005,130.6338114,33.37639987,130.639,33.3747,29,2,2.6810544,15,3.599,4765.048,16.1,9.474999,30.591398,808.07007,31.8,0.8,31,25.833332,8.45,26.016666,6.2999997,1769,323,58,62.036278,808,190,673,196,2.389454,0,0,0.15927723,22,0.888421,47.0986,9,9,10825.0269212769
D006,NR009,S001,NR009_S001,AS,Japan,Kyuragi River,2,Palearctic,PA04,AS2,132.2400055,34.8978996,132.2403029,34.89706679,132.241,34.8963,8,1,42.313946,245.5,0.726,79500.1,13.925,7.920833,26.987513,801.84717,29.4,0,29.3,23.591667,4.3500004,23.958334,4.3500004,1837.5,261.5,97,35.876785,655,319.5,631.5,319.5,3.9134693,38.670433,0,0,51,0.466384,16,2,4,5613.23743382495
D006,NR009,S002,NR009_S002,AS,Japan,Kyuragi River,2,Palearctic,PA04,AS2,132.2940063,34.9188004,132.2954136,34.91959174,132.295,34.9196,15,2,239.06007,208,5.238,453691.44,14.066667,7.8166666,26.587301,807.18964,29.6,0.2,29.4,23.733334,4.4666667,24.116667,4.4666667,1823,254,97,34.990913,640,323,625,323,8.53185,228.7575,0,0.15653062,51,0.265849,12,0,5,5613.23743382495
D006,NR009,S003,NR009_S003,AS,Japan,Kyuragi River,2,Palearctic,PA04,AS2,132.3399963,34.9561996,132.3396156,34.95460536,132.341,34.9573,28,3,295.51154,138.5,4.8840003,556757.3,14.295834,7.7166667,26.261337,807.7141,29.849998,0.45,29.4,23.991665,11.133333,24.383333,4.6499996,1811,244,100,32.82405,615.5,336,606.5,344,12.990273,284.06537,0,0.15653062,51,0.457518,31.75,0,5,5613.23743382495
D006,NR010,S001,NR010_S001,AS,Japan,Oze River,2,Palearctic,PA04,AS2,130.5559998,32.1228981,130.5570706,32.12232703,130.557,32.1222,16,1,11.538258,500,0.459,31186.797,13.716666,7.866667,27.033218,775.83777,28,-1.1,29.1,22.45,6.2833333,23.166666,4.0333333,2668,494,73,64.307594,1255,258,1001,282,0.80787045,10.663186,0,0,51,0.414016,15.0845,0,6,4299.99864665199
D006,NR010,S002,NR010_S002,AS,Japan,Oze River,2,Palearctic,PA04,AS2,130.5809937,32.0895996,130.5796374,32.08624456,130.582,32.0902,19,2,73.200516,228,1.077,192934.42,15.108334,8.65,29.026846,774.88745,29.7,-0.1,29.800001,21.466667,7.616667,24.55,5.45,2354,441,68,63.430775,1102,237,854,254,8.161619,66.57266,0,0,51,0.752305,34.4911,5,6,4299.99864665199
D006,NR010,S003,NR010_S003,AS,Japan,Oze River,2,Palearctic,PA04,AS2,130.5980072,32.0521011,130.5980072,32.0521011,130.599,32.0522,15,2,133.3308,185,6.278,347486.12,15.572916,9.1625,30.289225,776.9823,30.2,0,30.2,22,7.9666667,25.016666,5.858333,2332.5,438,67,63.204937,1087,233,844,249,21.175636,109.64266,0,0.32336003,22,0.762847,41,9,6,4299.99864665199
D006,NR011,S001,NR011_S001,AS,Japan,Yato River,2,Palearctic,PA04,AS2,132.125,34.3853989,132.1254283,34.38372138,132.126,34.3839,20,1,36.91954,622.5,1.231,76577.39,12.070833,7.3166666,25.229885,814.41254,27,-2.05,29,21.508335,4.5916667,22.116667,2.1916666,2022,328.5,65,52.093636,840.5,231.5,744.5,236,0.4721378,36.369392,0,0,51,0.408778,14,0,6,8611.63559517889
D006,NR011,S002,NR011_S002,AS,Japan,Yato River,2,Palearctic,PA04,AS2,132.1309967,34.3353996,132.1309075,34.33367449,132.131,34.3338,24,3,126.028305,308,3.15,254055.97,13.445833,7.5666666,25.827625,813.2659,28.5,-0.8,29.300001,20.166666,3.7833333,23.533333,3.5833333,1923,308,58,51.22829,786,214,680,214,5.748569,117.38605,0,0.39374042,51,0.382647,15,0,7,8611.63559517889
D006,NR011,S003,NR011_S003,AS,Japan,Yato River,2,Palearctic,PA04,AS2,132.197998,34.2145996,132.1987118,34.21462339,132.199,34.2145,23,2,327.8593,98,8.663,638216.25,15.345833,7.7666664,26.781609,792.53284,30.2,1.3,29,21.716667,5.8333335,25.166666,5.8333335,1797,297,48,51.500385,734,190,607,190,25.048138,300.60254,0,1.1025782,12,0.621682,38.5,9,8,8611.63559517889
D007,NR012,S001,NR012_S001,SA,French Guiana,Maroni River,1,Neotropic,NO01,SA1,-54.0869,5.3432,-54.08632893,5.346269505,-54.0853,5.34559,4,NA,6.0442257,51,0.3405,14952.079,26.139584,8.375,79.009445,57.85791,32.25,21.650002,10.599998,25.991667,26.9,26.908333,25.491667,2474,343,86.5,40.293304,943.5,320.5,360,602,0,5.6993656,0,0.09499019,53,0.121434,5.2597,0,3,9698.54368495249
D007,NR012,S002,NR012_S002,SA,French Guiana,Maroni River,1,Neotropic,NO01,SA1,-54.1053,5.3476,-54.10540198,5.347260077,-54.1053,5.3476,2,NA,8.455193,76.5,0.207,20858.31,26.08125,8.358334,78.852196,58.73831,32.2,21.6,10.6,25.941668,26.85,26.858334,25.416666,2453.5,346,86.5,39.596794,927.5,319.5,353,607.5,0,8.549196,0,0,53,0.140192,6.02992,0,3,9698.54368495249
D007,NR012,S003,NR012_S003,SA,French Guiana,Maroni River,1,Neotropic,NO01,SA1,-54.23433,5.27003,-54.23375893,5.271743212,-54.23288121,5.270459643,4,NA,14.808953,64,0.189,37022.516,26.208334,8.358334,79.22583,58.97322,32.3,21.75,10.55,26.041666,27,27,25.55,2499,352.5,86,40.284813,953.5,320,320,605.5,0,15.105291,0,0,52,0.131585,5.64645,0,2,9698.54368495249
D007,NR012,S004,NR012_S004,SA,French Guiana,Maroni River,1,Neotropic,NO01,SA1,-54.28227,5.21758,-54.2813998,5.217865535,-54.2823,5.21758,5,NA,20.428879,59,0.821,50213.6,26.258333,8.45,79.71698,59.233585,32.4,21.8,10.600002,26.091667,27.066668,27.066668,25.591667,2460.5,354.5,87,41.73604,942.5,310.5,310.5,603,0,20.427834,0,0,51,0.0833033,5.20943,0,2,9698.54368495249
D007,NR012,S005,NR012_S005,SA,French Guiana,Maroni River,1,Neotropic,NO01,SA1,-54.16561,3.80456,-54.16589554,3.804539605,-54.1656,3.80456,0,NA,28566.518,118.5,0.814,68677304,25.55625,9.141666,78.77155,52.14254,32.1,20.5,11.6,25.349998,26.316666,26.316666,25.066666,2483.5,376,66.5,44.39401,954.5,257,257,691,0,28452.432,58.759407,5.7125397,51,0.0243826,4.25502,0,0,9698.54368495249
D007,NR012,S006,NR012_S006,SA,French Guiana,Maroni River,1,Neotropic,NO01,SA1,-53.95992,3.66042,-53.96201393,3.660991071,-53.9627,3.66246,0,NA,4413.688,133,67.089,11477323,25.395832,9.3,79.48718,49.05159,31.9,20.2,11.699999,25.25,26.1,26.1,24.9,2577,408,77,45.622643,1003,269,269,722,0,4405.621,2.4754803,0.09521276,53,0.0199624,4.25126,0,0,9698.54368495249
D007,NR012,S007,NR012_S007,SA,French Guiana,Maroni River,1,Neotropic,NO01,SA1,-54.05492,3.35922,-54.05554002,3.35922,-54.05554277,3.360431741,2,NA,14977.925,140,436.615,34470390,25.8375,9.441668,80.698,48.889175,32.4,20.7,11.700001,25.75,26.5,26.5,25.25,2504,380,57,48.154884,985,229,229,760,0,14949.154,22.480461,0.19049062,53,0.0156018,4,0,0,9698.54368495249
D007,NR012,S008,NR012_S008,SA,French Guiana,Maroni River,1,Neotropic,NO01,SA1,-54.08319,3.23267,-54.08461768,3.233098303,-54.0844,3.23408,3,NA,5023.4854,162,73.3915,11697009,25.7375,9.466666,80.36724,49.701756,32.3,20.6,11.799999,25.65,26.416666,26.416666,25.116667,2464,376,55,48.846313,963,218,218,777,0,5020.665,0,0,53,0.0199481,4,0,0,9698.54368495249
D007,NR012,S009,NR012_S009,SA,French Guiana,Maroni River,1,Neotropic,NO01,SA1,-54.174,2.93669,-54.17382324,2.936893954,-54.1746,2.93702,17,NA,3018.8823,178.5,1.221,6707405.5,25.74375,9.45,81.39369,51.056015,32.3,20.7,11.600001,25.6,26.425,26.425,25.108334,2393.5,352,51,50.569115,955,198.5,198.5,740.5,0,3025.1982,0,0,53,0.0187816,4,0,0,9698.54368495249
D007,NR012,S010,NR012_S010,SA,French Guiana,Maroni River,1,Neotropic,NO01,SA1,-53.16569,3.62707,-53.16629676,3.627141384,-53.1653,3.62913,3,NA,10.222767,340,0.58,27853.443,24.495834,9.025,77.83765,50.9507,31,19.4,11.6,24.458334,25.116667,25.116667,23.85,2723.5,390.5,75.5,45.800884,1047.5,282.5,299.5,852.5,0,9.806674,0,0,61,0.00138749,8,0,0,9698.54368495249
D007,NR012,S011,NR012_S011,SA,French Guiana,Maroni River,1,Neotropic,NO01,SA1,-53.16692,3.62707,-53.16713415,3.626356162,-53.1672,3.62883,8,NA,10.5055485,336,0.58,28637.38,24.5125,9.025,77.83765,50.9507,31,19.4,11.6,24.483334,25.125,25.125,23.866667,2729.5,390.5,75.5,45.800884,1047.5,282.5,299.5,854.5,0,11.044428,0,0,53,0.00138749,8,0,0,9698.54368495249
D007,NR012,S012,NR012_S012,SA,French Guiana,Maroni River,1,Neotropic,NO01,SA1,-53.16884,3.61284,-53.16787632,3.612804308,-53.1688,3.61284,7,NA,15.432807,284,0.58,42007.688,24.825,9.058333,78.08909,50.563107,31.3,19.7,11.6,24.733334,25.433334,25.433334,24.166666,2706,390,79,45.12829,1034,294,297,852,0,14.757728,0,0,53,0.00138749,8,0,0,9698.54368495249
D007,NR012,S013,NR012_S013,SA,French Guiana,Maroni River,1,Neotropic,NO01,SA1,-53.17847,3.59726,-53.17841051,3.597973838,-53.1788,3.59808,8,NA,25.947262,235,0.58,70415.12,25.008333,9.091666,78.16091,50.339752,31.5,19.9,11.6,24.983334,25.633333,25.633333,24.333334,2723,390,75,45.899086,1041,286,292,830,0,26.849777,0,0,53,0.00138749,4,0,0,9698.54368495249
D007,NR012,S014,NR012_S014,SA,French Guiana,Maroni River,1,Neotropic,NO01,SA1,-53.19268,3.57697,-53.19202565,3.57714846,-53.1921,3.57704,9,NA,32.10013,221,1.234,86856.78,25.079166,9.125,77.99145,50.337864,31.6,19.9,11.700001,25.05,25.7,25.7,24.45,2642,369,68,46.360912,1006,264,264,833,0,30.944172,0,0,53,0.00138749,0.852498,0,0,9698.54368495249
D007,NR012,S015,NR012_S015,SA,French Guiana,Maroni River,1,Neotropic,NO01,SA1,-53.1975,3.56573,-53.19717163,3.565715723,-53.1971,3.5657,6,NA,35.159477,213,1.234,94897.016,25.116667,9.125,77.99145,50.337864,31.6,20,11.700001,25.083334,25.733334,25.733334,24.483334,2659,369,68,44.995487,1012,271,271,821,0,35.13369,0,0,53,0.00138749,0.436702,0,0,9698.54368495249
D007,NR013,S001,NR013_S001,SA,French Guiana,Mana River,1,Neotropic,NO01,SA1,-53.663,5.37639,-53.67297013,5.382921743,-53.6754,5.38199,1,NA,10379.282,35.5,430.373,27662130,26.091667,8.120833,78.125015,55.011192,32.1,21.7,10.399998,26.041666,26.766666,26.8,25.425,2628.5,406.5,79,45.628838,1041.5,308.5,328,704,0,10348.455,7.603079,1.7112758,53,0.0441814,8.75,0,1,42346.5648783182
D007,NR013,S002,NR013_S002,SA,French Guiana,Mana River,1,Neotropic,NO01,SA1,-53.66336,5.35789,-53.6677425,5.35789,-53.668,5.35711,0,NA,10348.409,40,214.9235,27582440,26.066668,8.108334,78.04489,54.765312,32,21.7,10.399998,26.016666,26.75,26.766666,25.4,2622,414,72,46.651703,1070,290,317,675,0,10336.3125,7.3181243,1.7112758,53,0.0436179,5.6025,0,1,42346.5648783182
D007,NR013,S003,NR013_S003,SA,French Guiana,Mana River,1,Neotropic,NO01,SA1,-53.66158,5.3427,-53.66375866,5.340478535,-53.6652,5.34063,1,NA,10337.449,47,427.921,27553552,26.0375,8.091667,78.23625,54.94312,32,21.7,10.299999,25.983334,26.683332,26.733334,25.383333,2662,408,81,44.726818,1066,320,343,669,0,10325.523,7.033163,1.7112758,53,0.0429844,5.36644,0,1,42346.5648783182
D007,NR013,S004,NR013_S004,SA,French Guiana,Mana River,1,Neotropic,NO01,SA1,-53.58121,5.40887,-53.57871981,5.432820866,-53.5812,5.40887,5,NA,49.762207,61.5,0.9975,130941.984,25.94375,7.991667,78.14543,55.388832,31.9,21.6,10.199999,25.916666,26.616667,26.650002,25.25,2615.5,405,58.5,47.134964,1037.5,282.5,308.5,725,0,49.485626,0,0,52,0.0444768,4.3657,0,1,42346.5648783182
D007,NR013,S005,NR013_S005,SA,French Guiana,Mana River,1,Neotropic,NO01,SA1,-53.22197,3.66264,-53.22123237,3.663044508,-53.221,3.66315,7,NA,7.026499,257.5,0.284,18931.285,24.868752,9.045834,78.16093,50.164497,31.3,19.75,11.599998,24.833332,25.475,25.475,24.225,2708.5,426,69,48.535828,1090,262.5,269.5,812,0,7.04552,0,0,53,0.00155425,0.852498,0,0,42346.5648783182
D007,NR014,S001,NR014_S001,SA,French Guiana,Approuague River,1,Neotropic,NO01,SA1,-52.16586,4.15347,-52.15872162,4.147188223,-52.1664,4.14465,4,NA,6.234448,79.5,0.494,20470.217,25.604166,8.433333,75.297615,47.456135,32,20.8,11.200001,25.483334,26.216667,26.266666,25.066666,3306,529,91,50.548237,1282,332,335,1023,0,5.42377,0,0,61,0.00385899,0.948361,0,0,7308.7231802658
D007,NR014,S002,NR014_S002,SA,French Guiana,Approuague River,1,Neotropic,NO01,SA1,-52.17138,4.13208,-52.18537123,4.12051582,-52.16714339,4.127845805,3,NA,175.36789,66,10.359,571948,25.65,8.483334,75.595245,48.23394,32.1,20.8,11.200001,25.516666,26.3,26.3,25.116667,3264,527,70,51.69272,1290,297,300,1048,0,174.35535,0,0,61,0.00343429,0.359945,0,0,7308.7231802658
D007,NR014,S003,NR014_S003,SA,French Guiana,Approuague River,1,Neotropic,NO01,SA1,-52.08655,4.10373,-52.08547924,4.105086293,-52.0864,4.10516,5,NA,37.333794,69.5,1.1795,122158.914,25.641666,8.529166,75.58997,49.14193,32.1,20.8,11.299999,25.516666,26.324999,26.324999,25.1,3227.5,523,78,52.494057,1271.5,301.5,306.5,1073,0,38.92196,0,0,61,0.00360796,0,0,0,7308.7231802658
D007,NR014,S004,NR014_S004,SA,French Guiana,Approuague River,1,Neotropic,NO01,SA1,-52.35567,4.17772,-52.35567,4.17772,-52.3558,4.17882,1,NA,7573.5273,46,365.733,22048280,25.733334,8.366667,75.675674,44.99791,32,20.9,11,25.65,26.316666,26.35,25.216667,3219,481,79,50.21291,1266,312,320,992,0.47576913,7562.4165,6.0910435,0,53,0.00302503,3.75,0,0,7308.7231802658
D007,NR014,S005,NR014_S005,SA,French Guiana,Approuague River,1,Neotropic,NO01,SA1,-52.58253,3.89741,-52.58253,3.89741,-52.5821,3.89882,0,NA,4016.6982,74,83.4905,11373772,25.679167,8.775001,76.15943,47.21605,32.1,20.6,11.5,25.6,26.283333,26.283333,25.116667,3093,454,67,49.46342,1200,291,301,962,0,4010.1394,2.5702577,0,61,0.00356353,4,0,0,7308.7231802658
D007,NR014,S006,NR014_S006,SA,French Guiana,Approuague River,1,Neotropic,NO01,SA1,-52.67697,4.03861,-52.67453105,4.034862349,-52.6765,4.03802,1,NA,1773.7772,85,0.194,5145174.5,25.61875,8.645833,76.58555,45.981144,31.95,20.650002,11.299999,25.575,26.216667,26.216667,25.05,3075.5,414,74.5,47.025246,1153.5,292.5,302,958,0,1770.6543,0,0,61,0.00301235,4,0,0,7308.7231802658
D007,NR014,S007,NR014_S007,SA,French Guiana,Approuague River,1,Neotropic,NO01,SA1,-52.68746,4.04399,-52.68460465,4.037327509,-52.6863,4.04383,2,NA,6.055352,114,0.1815,18755.875,25.4625,8.633333,76.401184,46.58003,31.8,20.5,11.299999,25.416666,26.05,26.05,24.9,3108,416,75,46.519962,1171,296,322,954,0,5.995431,0,0,61,0.00301235,4,0,0,7308.7231802658
D007,NR014,S008,NR014_S008,SA,French Guiana,Approuague River,1,Neotropic,NO01,SA1,-52.69214,4.04848,-52.68619135,4.042471861,-52.68712054,4.047065805,0,NA,5.5328875,128,0.1815,17049.791,25.395834,8.608334,76.25368,46.634865,31.7,20.5,11.299999,25.333334,26,26,24.85,3069,455,73,47.992985,1199,291,322,952,0,5.329262,0,0,61,0.00301235,4,0,0,7308.7231802658
D007,NR015,S001,NR015_S001,SA,French Guiana,Oyapock River,1,Neotropic,NO01,SA1,-51.87103,3.8587,-51.87103,3.8587,-51.871,3.8587,1,NA,9.175188,60,0.21900001,30363.387,25.75,8.741667,75.43104,53.489937,32.4,20.9,11.6,25.566668,26.45,26.483334,25.166668,3300,528,80,53.631645,1305,305,307,1070,0,8.662095,0,0,51,0.133353,4.51369,0,1,3402.98702633198
D007,NR015,S002,NR015_S002,SA,French Guiana,Oyapock River,1,Neotropic,NO01,SA1,-51.85653,3.87064,-51.84522756,3.871234865,-51.8463,3.87324,3,NA,7.9070463,54,0.296,26418.8,25.770834,8.758333,75.50287,53.724876,32.5,20.9,11.6,25.566666,26.483334,26.516666,25.183334,3352,507,71,51.467834,1292,290,329,1099,0,7.424431,0,0,51,0.291037,7.40395,2,1,3402.98702633198
D007,NR015,S003,NR015_S003,SA,French Guiana,Oyapock River,1,Neotropic,NO01,SA1,-51.89595,3.80605,-51.90294562,3.804622323,-51.89931572,3.798891691,2,NA,16.971498,68,421.4765,56448.99,25.725,8.741667,75.50286,53.603115,32.4,20.8,11.600002,25.516666,26.466667,26.466667,25.116667,3317,529,71,53.412586,1313,283,295,1089,0,16.658321,0,0,52,0.0496192,4.00753,0,0,3402.98702633198
D007,NR015,S004,NR015_S004,SA,French Guiana,Oyapock River,1,Neotropic,NO01,SA1,-51.875,3.82033,-51.875,3.821329374,-51.8745,3.82041,1,NA,8.275879,66,0.252,27873.246,25.729168,8.733334,75.39511,53.76013,32.4,20.849998,11.600001,25.566668,26.433334,26.475,25.125,3388.5,541,82,53.53295,1337.5,310.5,317,1074.5,0,8.471945,0,0,52,0.207531,5.27698,0,1,3402.98702633198
D008,NR016,S001,NR016_S001,EU,France,Tier River,2,Palearctic,PA04,EU2,5.774083333,45.54375,5.774499739,45.54383923,5.77408,45.5438,16,13,59.88951,420,0.747,61512.547,10.579166,9.666667,34.24941,676.30054,26.3,-1.9,28.2,10.833333,3.7,19.066666,2.3333333,1082,112,73,14.938486,326,242,245,246,8.746302,26.583267,19.029087,0.4006182,51,0.503161,20.6416,5,6,661.634381256433
D008,NR016,S002,NR016_S002,EU,France,Tier River,2,Palearctic,PA04,EU2,5.761222222,45.54266667,5.761103249,45.54305333,5.7612,45.5439,14,13,62.006393,419,1.13,63820.75,10.604167,9.816667,34.59064,678.1771,26.4,-2,28.4,10.833333,3.7,19.1,2.3666668,1083,112,74,15.164418,327,242,246,245,9.548119,27.184664,19.83089,0.4006182,51,0.559673,20.7441,5,6,661.634381256433
D008,NR016,S003,NR016_S003,EU,France,Tier River,2,Palearctic,PA04,EU2,5.755055556,45.54302778,5.754579664,45.54296829,5.75524,45.5427,20,14,62.469425,421,1.13,64328.164,10.579166,9.891666,34.707603,678.1771,26.4,-2.1,28.5,10.833333,3.7,19.066666,2.3333333,1087,113,74,14.939588,328,243,246,247,9.815296,25.247593,20.29848,0.4006182,51,0.559673,20.7441,5,6,661.634381256433
D008,NR016,S004,NR016_S004,EU,France,Tier River,2,Palearctic,PA04,EU2,5.743083333,45.53286111,5.743083333,45.53286111,5.74308,45.5329,14,13,69.81675,438.5,1.904,72465.48,10.564583,9.95,34.88306,676.93463,26.4,-2.1,28.5,10.825,3.7416668,19.041666,2.3416667,1094,113.5,74,14.921593,330.5,245,246.5,249,11.418872,28.65459,24.372986,0.4006182,23,0.553211,22.8187,7,6,661.634381256433
D008,NR016,S005,NR016_S005,EU,France,Tier River,2,Palearctic,PA04,EU2,5.734805556,45.53094444,5.73544801,45.53126567,5.73703,45.533,14,13,85.604034,438,1.904,90116.34,10.564583,9.9375,34.82566,676.93463,26.4,-2.1,28.5,10.825,4.133333,19.041666,2.3416667,1094,113,74,14.953596,330.5,245,246.5,249,13.758171,36.877007,29.453074,0.6679799,23,0.553211,21.5711,6,6,661.634381256433
D009,NR017,S001,NR017_S001,NA,US,Mississippi River,2,Nearctic,NE04,NA2,-89.61327943,46.00175969,-89.61363635,46.00286614,-89.617,46.002,8,13,11.656866,517.5,0.371,9022.26,4.01875,11.820833,27.356125,1138.1755,24.8,-18.5,43.3,16.391666,-10.691667,17.416666,-10.691667,807,110,24.5,43.051636,304.5,94.5,300,94.5,0,11.0690975,0,0,53,0.0176362,3.27326,0,3,38287.9350422212
D009,NR017,S002,NR017_S002,NA,US,Mississippi River,2,Nearctic,NE04,NA2,-90.16040969,46.00274176,-90.16997512,45.99046374,-90.1835,46.0821,15,13,8.559465,487,0.651,6616.193,4.25,11.666666,27.018456,1136.2775,24.9,-18.3,43.199997,16.441666,-10.491667,17.583334,-10.491667,832.5,109,24,42.662003,308,97.5,306,97.5,0,8.418581,0.13258913,0,53,0.100704,5,0,1,38287.9350422212
D009,NR017,S003,NR017_S003,NA,US,Mississippi River,2,Nearctic,NE04,NA2,-89.41993194,43.10502934,-89.41892067,43.10539816,-89.4197,43.0997,24,10,94.11973,258,1.138,66844.83,7.852083,11.1125,26.992302,1071.9247,27.9,-13.2,41.1,20.466667,-5.9416666,20.466667,-5.9416666,816,103,29,38.890594,298,100,298,100,32.798687,13.299801,3.9695559,28.21742,12,-9999,26.4151,9,7,38287.9350422212
D009,NR017,S004,NR017_S004,NA,US,Mississippi River,2,Nearctic,NE04,NA2,-89.69962313,46.0083023,-89.67963566,46.02015202,-89.6988,46.0167,10,8,18.97343,501,0.268,12984.898,4.1666665,11.733334,27.22351,1135.1475,24.9,-18.3,43.1,16.533333,-10.483334,17.516666,-10.483334,812,112,24,44.16785,309,94,304,94,0,12.059506,0.19873229,0,52,0.230019,6,0,2,38287.9350422212
D009,NR017,S005,NR017_S005,NA,US,Mississippi River,2,Nearctic,NE04,NA2,-89.6861045,46.04121621,-89.6869849,46.03707595,-89.68515241,46.03453857,4,1,48.19112,494,0.846,31408.164,4.1,11.783334,27.436195,1130.3519,24.7,-18.2,43,16.4,-10.483334,17.383333,-10.483334,817,111,24,43.36212,306,95,303,95,0,37.99042,0.33078527,0,52,0.192165,6,0,2,38287.9350422212
D009,NR017,S006,NR017_S006,NA,US,Mississippi River,2,Nearctic,NE04,NA2,-89.672095,46.04320137,-89.67466482,46.04384382,-89.6736,46.0443,31,7,42.31465,495,0.522,29305.602,4.0750003,11.85,27.661228,1128.2831,24.6,-18.2,42.9,16.316668,-10.483334,17.3,-10.483334,817,110,25,43.304836,306,96,304,96,0,35.007206,0.9261128,0.13227278,52,-9999,2.75751,0,2,38287.9350422212
D009,NR017,S007,NR017_S007,NA,US,Mississippi River,2,Nearctic,NE04,NA2,-90.40341164,42.24492278,-90.40379235,42.24444689,-90.40548585,42.24215742,NA,8,214639.9,185,0.78,155624400,8.845833,11.191667,27.033012,1093.6625,29,-12.5,41.4,21.733334,-5.4166665,21.733334,-5.4166665,862,109,28,39.757374,306,99,306,99,91162.07,92774.305,19290.047,2854.4739,33,0.306591,26,7,3,38287.9350422212
D009,NR017,S008,NR017_S008,NA,US,Mississippi River,2,Nearctic,NE04,NA2,-91.05762928,40.85522524,-91.05386021,40.85299806,-91.05278359,40.85298923,NA,15,295419.1,161,2196.776,226164880,10.720834,11.166667,27.770885,1058.3617,30.4,-9.8,40.2,22.1,-3.0333333,23.233334,-3.0333333,902,103,31,35.310894,300,115,296,115,157790.4,99981.945,23790.336,4476.584,33,0.279309,10.527,3,3,38287.9350422212
D009,NR017,S009,NR017_S009,NA,US,Mississippi River,2,Nearctic,NE04,NA2,-89.42035224,43.0532448,-89.41204792,43.05289978,-89.4203,43.0539,16,15,16.873047,274.5,0.297,12977.121,7.9125004,11.729166,27.7613,1097.2234,28.55,-13.7,42.25,20.8,-6.3333335,20.8,-6.3333335,828,104,29,38.68785,302,102,302,102,1.1155572,2.997913,1.8126893,9.132851,11,0.580404,34,10,10,38287.9350422212
D010,NR018,S001,NR018_S001,EU,UK,Lugg River,2,Palearctic,PA04,EU2,-2.8041101,52.2528992,-2.803892549,52.25292639,-2.80443,52.2505,10,5,255.67178,103.5,6.165,284245.3,9.341667,7.7916665,38.382717,453.38104,21.05,0.7,20.349998,5.075,13.608334,15.175,4.133333,724,78.5,43,18.014095,223,149,159,209,34.034355,36.71041,183.23189,0.46707553,32,0.61335,18,3,6,131.315955518355
D010,NR018,S002,NR018_S002,EU,UK,Lugg River,2,Palearctic,PA04,EU2,-2.80354,52.2518997,-2.802180308,52.25211725,-2.80288,52.2504,10,5,255.70857,101,6.165,284326.06,9.341667,7.7916665,38.382717,453.38104,21.05,0.7,20.349998,5.075,13.608334,15.175,4.133333,724,78.5,43,18.014095,223,149,159,209,33.74241,36.360535,181.77284,0.46707553,32,0.61335,18,3,6,131.315955518355
D010,NR018,S003,NR018_S003,EU,UK,Lugg River,2,Palearctic,PA04,EU2,-2.7992201,52.2509995,-2.7992201,52.2509995,-2.79865,52.2497,10,5,256.06598,101,6.165,285047.53,9.35,7.833333,38.39869,453.48627,21.1,0.7,20.4,5.0833335,13.608334,15.191667,4.1583333,718,78,43,17.856056,221,149,159,207,34.034607,36.360046,182.88174,0.46707553,32,0.610627,18,3,6,131.315955518355
D010,NR018,S004,NR018_S004,EU,UK,Lugg River,2,Palearctic,PA04,EU2,-2.8044901,52.2535019,-2.8044901,52.2535019,-2.80548,52.2514,10,5,255.61397,108.5,6.165,283965.75,9.345834,7.825,38.407593,453.4086,21.1,0.7,20.4,5.0833335,13.6,15.183333,4.15,719,78,43,17.953676,221,149,159,207,33.684124,36.88524,183.34866,0.46707553,32,0.61335,18,3,6,131.315955518355
D010,NR018,S005,NR018_S005,EU,UK,Lugg River,2,Palearctic,PA04,EU2,-2.8048799,52.2541008,-2.8048799,52.2541008,-2.805902536,52.25273832,10,5,255.61397,108.5,6.165,283965.75,9.345834,7.825,38.407593,453.4086,21.1,0.7,20.4,5.0833335,13.6,15.183333,4.15,719,78,43,17.953676,221,149,159,207,33.684124,36.88524,183.34866,0.46707553,32,0.61335,18,3,6,131.315955518355
D010,NR018,S006,NR018_S006,EU,UK,Lugg River,2,Palearctic,PA04,EU2,-2.8074999,52.2545013,-2.8074999,52.2545013,-2.80727429,52.25302893,10,5,255.54037,106,6.165,284689.88,9.345833,7.7916665,38.288116,453.4587,21.05,0.7,20.349998,5.075,13.616667,15.183333,4.1416664,724,78.5,43,17.916475,223,149,159,209,33.625816,36.30165,182.88174,0.46707553,32,0.61335,18,3,6,131.315955518355
D011,NR019,S001,NR019_S001,EU,UK,Fens River,2,Palearctic,PA04,EU2,0.05625,52.6063004,0.05625,52.6063004,0.0558421,52.6071,5,4,47.693996,1,17.894,27169.41,9.829166,7.725,37.867645,475.34784,21.5,1.1,20.4,9.508333,6.15,15.825,4.35,566,53,34,11.011061,152,122,148.5,133,43.962143,0.52095044,0.46310014,2.7203646,31,0.711597,20,5,7,4570.61775372276
D011,NR019,S002,NR019_S002,EU,UK,Fens River,2,Palearctic,PA04,EU2,0.0229167,52.5937996,0.022107683,52.59460862,0.0230799,52.5921,7,5,2264.3777,-1,17.0425,1379575.6,9.833333,7.725,38.054188,473.39902,21.4,1.1,20.3,5.2833333,6.1666665,15.816667,4.35,557,52,34,10.770672,149,121,146,131,1705.5857,116.895836,214.54584,215.06845,31,0.715702,14,3,7,4570.61775372276
D011,NR019,S003,NR019_S003,EU,UK,Fens River,2,Palearctic,PA04,EU2,-0.110417,52.5312996,-0.121957386,52.52047305,-0.110588429,52.53215711,8,5,22.85849,1,0.774,12810.247,9.883333,7.795833,38.403122,471.09583,21.4,1.1,20.3,13.7,6.266667,15.85,4.4333334,556.5,53,35,10.7721,148,121,146.5,132,21.70639,0,0,0.40609488,23,0.727618,24,2,7,4570.61775372276
D011,NR019,S004,NR019_S004,EU,UK,Fens River,2,Palearctic,PA04,EU2,-0.210417,52.4687996,-0.189212603,52.47226172,-0.210417,52.4688,11,6,85.193,0,0.737,49565.875,9.88125,7.820833,38.337418,469.4806,21.4,1,20.4,5.35,6.25,15.833334,4.425,554,52,35.5,10.841834,149,119,145,134.5,77.039696,4.3040075,0.52323073,1.9187144,32,0.648753,13,2,7,4570.61775372276
D011,NR019,S005,NR019_S005,EU,UK,Fens River,2,Palearctic,PA04,EU2,-0.0472278,52.5360985,-0.030333627,52.52910288,-0.039582918,52.53459693,14,10,7.0734086,1,2.126,3887.8508,9.908334,7.75,38.17734,472.4571,21.4,1.1,20.3,13.766666,6.2833333,15.866667,4.4333334,551,52,33,10.847644,146,120,144,128,6.85015,0,0,0,31,0.739425,24,2,7,4570.61775372276
D011,NR019,S006,NR019_S006,EU,UK,Fens River,2,Palearctic,PA04,EU2,-0.135417,52.5686989,-0.135417,52.57517103,-0.135281,52.5704,15,9,1684.3418,3,16.3035,1045093.4,9.966666,7.7666664,37.886177,474.01254,21.7,1.2,20.5,5.383333,6.35,16.016666,4.5,566,54,36,10.69056,152,123,149,136,1154.9302,115.07943,209.32314,188.7482,23,0.588507,23,7,8,4570.61775372276
D011,NR019,S007,NR019_S007,EU,UK,Fens River,2,Palearctic,PA04,EU2,0.01875,52.5396004,0.011320643,52.5442016,0.0179016,52.5405,12,6,2287.976,0,1.11,1392728.1,9.895833,7.75,37.990196,474.63495,21.5,1.1,20.4,13.783334,6.233333,15.883333,4.4083333,554.5,52,33,11.328514,148,120,146,128,1719.5988,117.92728,221.62778,216.6847,22,0.715366,29,7,7,4570.61775372276
D011,NR019,S008,NR019_S008,EU,UK,Fens River,2,Palearctic,PA04,EU2,-0.0104167,52.5728989,-0.01469973,52.59371918,-0.0111319,52.57383832,18,11,1746.33,0.5,16.664,1080522.8,9.841666,7.7,37.931034,473.33563,21.4,1.1,20.3,5.3083334,6.1666665,15.841667,4.375,559.5,52,34.5,10.542722,150,121.5,146.5,132.5,1201.482,116.88844,222.86858,195.45589,32,0.38326,19,3,8,4570.61775372276
D011,NR019,S009,NR019_S009,EU,UK,Fens River,2,Palearctic,PA04,EU2,0.135417,52.4229012,0.132085755,52.4229012,0.134601,52.4238,12,6,5953.3145,1,0.912,3616910.5,9.9875,7.9333334,38.285027,480.5117,21.8,1.1,20.699999,10.650001,6.2833333,16.05,4.4333334,549,52,33,11.605769,150,119,143,127,4581.9004,276.34576,575.0816,471.5784,31,0.548137,13,2,7,4570.61775372276
D011,NR019,S010,NR019_S010,EU,UK,Fens River,2,Palearctic,PA04,EU2,0.0270833,52.4771004,0.012806534,52.48319182,0.0269745,52.4779,12,5,2639.1775,0,3.305,1589598.1,10.004167,7.85,38.26861,474.5067,21.6,1.1,20.5,13.833333,6.3333335,15.983334,4.5,543,51,32,11.267829,145,116,143,125,2026.7332,125.87233,231.79504,233.0986,22,0.72367,28,6,7,4570.61775372276
D011,NR019,S011,NR019_S011,EU,UK,Fens River,2,Palearctic,PA04,EU2,0.18125,52.4561996,0.18125,52.4561996,0.18091,52.4571,12,8,6167.821,-1,0.317,3737758.8,10.025001,7.891667,38.455288,474.5213,21.8,1.3,20.5,10.683333,6.366667,16.016666,4.55,555,53,33,11.653671,152,119,144,129,4791.3975,275.58664,576.2332,480.58887,31,0.384455,12,1,7,4570.61775372276
D011,NR019,S012,NR019_S012,EU,UK,Fens River,2,Palearctic,PA04,EU2,0.247917,52.5103989,0.251367218,52.50528306,0.248801,52.5096,10,7,6238.236,1,2.126,3777969.2,9.966666,7.8166666,37.944984,475.29477,21.8,1.2,20.599998,10.633333,6.2833333,15.966666,4.483333,572,55,35,11.513508,157,124,148,135,4867.497,275.56732,584.8298,484.66003,32,0.454698,14,0,6,4570.61775372276
D011,NR019,S013,NR019_S013,EU,UK,Fens River,2,Palearctic,PA04,EU2,0.26478,52.5231018,0.268706111,52.51864031,0.26478,52.5231,11,6,6239.6978,0.5,2.126,3778810,9.95,7.8166666,37.904533,476.39984,21.8,1.2,20.599998,10.633333,6.258333,15.966666,4.4333334,574,55,35,11.5299835,157,124,148.5,135,4857.1553,275.2024,582.15454,483.42334,32,0.70636,22,1,6,4570.61775372276
D011,NR019,S014,NR019_S014,EU,UK,Fens River,2,Palearctic,PA04,EU2,0.202083,52.5937996,0.180132472,52.59860611,0.201757,52.5943,12,5,16.796362,1,1.11,9732.886,9.8125,7.820833,37.96521,481.37085,21.6,1,20.6,10.516666,6.1,15.883333,4.241667,578,55,35,11.110236,156.5,124,151,136,15.926731,0,0,0.7526604,23,0.721323,27,5,7,4570.61775372276
D011,NR019,S015,NR019_S015,EU,UK,Fens River,2,Palearctic,PA04,EU2,0.352083,52.5895996,0.351250189,52.5904919,0.349521176,52.59294615,21,11,10082.534,1,2.126,6093976,9.8875,7.8583336,38.14725,477.00833,21.7,1.1,20.6,10.583333,6.2166667,15.916667,4.366667,595,58,36,12.373508,165,126,155,140,7912.496,577.47876,918.40857,630.9655,23,0.583984,40,8,6,4570.61775372276
D011,NR019,S016,NR019_S016,EU,UK,Fens River,2,Palearctic,PA04,EU2,0.296394,52.6506004,0.297179222,52.65035056,0.29626075,52.65119011,11,6,140.53017,0,4.997,83313.72,9.741667,7.8166666,37.580128,479.56577,21.8,0.9,20.800001,10.483334,6.0333333,15.8,4.2,592,57,37,12.123574,162,125,154,142,134.61835,0.4628317,1.0991479,5.550915,32,0.728098,24,3,6,4570.61775372276
D011,NR019,S017,NR019_S017,EU,UK,Fens River,2,Palearctic,PA04,EU2,-0.03125,52.4978981,-0.030298216,52.49894506,-0.03125,52.4996,15,7,245.06079,1,1.11,138655.92,9.914583,7.758333,38.19787,471.89764,21.4,1.1,20.3,13.766666,6.2833333,15.866667,4.45,544,51,33,10.882388,145,117,144,126,224.73221,7.5572815,1.9166929,10.217148,32,0.759133,25,3,7,4570.61775372276
D013,NR020,S001,NR020_S001,SA,multiple,Maroni River,1,Neotropic,NO01,SA1,-54.34368,2.54171,-54.34311488,2.541858716,-54.3471,2.5418,85,33,1873.4044,193,1.226,4044535.2,25.804167,9.366667,81.87896,52.374485,32.3,20.8,11.450001,25.683334,26.491667,26.491667,25.158333,2255.5,367,50.5,52.60179,933.5,194.5,194.5,662.5,0,1879.2656,0,0,53,0.0255465,0,0,0,10218.8599442321
D013,NR020,S002,NR020_S002,SA,multiple,Maroni River,1,Neotropic,NO01,SA1,-54.15591,3.23059,-54.1563723,3.230399643,-54.15631879,3.230475786,67,31,9499.738,151,274,21669162,25.795834,9.475,80.9829,49.640736,32.4,20.7,11.700001,25.7,26.483334,26.483334,25.216667,2475,379,52,50.006218,972,214,214,771,0,9509.613,10.67,0,53,0.0172077,4,0,0,10218.8599442321
D013,NR020,S003,NR020_S003,SA,multiple,Maroni River,1,Neotropic,NO01,SA1,-54.12247,3.27109,-54.12306487,3.271327946,-54.12284308,3.272076562,56,33,9560.194,140,275.415,21816318,25.833334,9.466666,80.911674,49.374897,32.4,20.7,11.700001,25.733334,26.516666,26.516666,25.233334,2507,402,53,50.56529,996,213,213,775,0,9567.524,12.289248,0,53,0.0182297,4,0,0,10218.8599442321
D013,NR020,S004,NR020_S004,SA,multiple,Maroni River,1,Neotropic,NO01,SA1,-54.06881,3.31302,-54.06456266,3.311175918,-54.0647,3.31214,55,31,14808.97,121,214.81601,34054020,25.875,9.466666,80.22599,49.810253,32.5,20.7,11.799999,25.783333,26.55,26.55,25.283333,2496,372,55,49.170155,983,218,218,772,0,14785.649,18.480253,0.19049062,53,0.0184931,4,0,0,10218.8599442321
D013,NR020,S005,NR020_S005,SA,multiple,Maroni River,1,Neotropic,NO01,SA1,-54.06602,3.32994,-54.06543261,3.32994,-54.0655,3.32974,55,31,14947.809,122.5,217.205,34398428,25.904167,9.466666,80.22599,49.418953,32.5,20.75,11.799999,25.791666,26.575,26.575,25.308332,2515.5,372,55.5,48.227516,977,221.5,221.5,773,0,14921.344,20.766123,0.19049062,53,0.0143847,4,0,0,10218.8599442321
D013,NR020,S006,NR020_S006,SA,multiple,Maroni River,1,Neotropic,NO01,SA1,-54.0307,3.406882,-54.02799761,3.408726082,-54.0298,3.40612,52,31,15045.896,133.5,440.014,34639230,25.80625,9.45,80.190674,48.612366,32.45,20.650002,11.799999,25.716667,26.475,26.475,25.233334,2506.5,379,66,47.086037,987,243.5,243.5,753.5,0,15010.072,24.3852,0.28572634,53,0.0216043,4,0,0,10218.8599442321
D013,NR020,S007,NR020_S007,SA,multiple,Maroni River,1,Neotropic,NO01,SA1,-54.00459,3.46481,-54.00228192,3.460503176,-54.00547088,3.464510188,31,33,8036.051,118.5,235.9685,19933326,25.785416,9.445833,79.9435,47.710842,32.4,20.6,11.800001,25.675,26.458334,26.458334,25.225,2602,396.5,70,46.89914,1024,256,256,775,0,8034.2285,10.380968,0,53,0.0199742,4.25001,0,0,10218.8599442321
D013,NR020,S008,NR020_S008,SA,multiple,Maroni River,1,Neotropic,NO01,SA1,-54.00067,3.56773,-54.00043205,3.567984942,-54.0008,3.5705,38,32,23503.719,125,689.184,55604430,25.570833,9.375,80.128204,48.31048,32.2,20.4,11.700001,25.45,26.266666,26.266666,25.05,2492,344,62,44.90215,964,240,240,736,0,23412.445,39.622864,0.28572634,53,0.0144846,5.33947,0,0,10218.8599442321
D013,NR020,S009,NR020_S009,SA,multiple,Maroni River,1,Neotropic,NO01,SA1,-54.01612,3.65037,-54.01612,3.65037,-54.0161,3.65037,54,32,28050.445,116.5,134.006,67404490,25.4875,9.358334,79.16667,50.488117,32.1,20.3,11.799999,25.316666,26.2,26.2,25.008333,2572.5,389,77,44.98224,989.5,268,268,726.5,0,27968.13,46.097324,0.3809391,51,0.151801,4.25133,0,0,10218.8599442321
D013,NR020,S010,NR020_S010,SA,multiple,Maroni River,1,Neotropic,NO01,SA1,-54.09915,3.74339,-54.09899364,3.743471582,-54.0973,3.74382,44,34,28407.258,112,828.035,68289410,25.475,9.183333,78.56126,50.413086,32,20.3,11.700001,25.3,26.183334,26.183334,25.016666,2580,407,77,44.132824,991,282,282,729,0,28304.215,54.761208,5.1413846,52,0.241689,5.33947,0,0,10218.8599442321
D013,NR020,S011,NR020_S011,SA,multiple,Maroni River,1,Neotropic,NO01,SA1,-54.16561,3.80456,-54.16589554,3.804539605,-54.1656,3.80456,34,29,28566.518,118.5,0.814,68677304,25.55625,9.141666,78.77155,52.14254,32.1,20.5,11.6,25.349998,26.316666,26.316666,25.066666,2483.5,376,66.5,44.39401,954.5,257,257,691,0,28452.432,58.759407,5.7125397,51,0.0243826,4.25502,0,0,10218.8599442321
D013,NR020,S012,NR020_S012,SA,multiple,Maroni River,1,Neotropic,NO01,SA1,-54.32246,2.59686,-54.32215543,2.597107464,-54.32478103,2.601073381,85,33,1919.5437,185,48.99,4148824.2,25.829166,9.408333,81.81158,52.15614,32.3,20.8,11.5,25.633333,26.516666,26.516666,25.166668,2277,368,51,52.24139,936,196,196,686,0,1932.1621,0,0,53,0.0194608,0,0,0,10218.8599442321
D013,NR020,S013,NR020_S013,SA,multiple,Maroni River,1,Neotropic,NO01,SA1,-54.26276,3.91252,-54.26335487,3.914542542,-54.2639,3.90844,43,34,29897.34,98,870.878,71982370,25.808334,8.983334,78.874275,54.265083,32.2,20.8,11.4,25.566668,26.6,26.6,25.3,2513,375,78,44.980263,962,263,263,720,0,29795.557,68.75408,6.0932646,53,0.0514364,4,0,0,10218.8599442321
D013,NR020,S014,NR020_S014,SA,multiple,Maroni River,1,Neotropic,NO01,SA1,-54.30763,3.98768,-54.29216826,3.990392586,-54.2974,3.99164,47,33,30165.965,89,878.248,72656104,25.95,8.966667,79.35104,55.491905,32.3,21,11.299999,25.733334,26.75,26.75,25.4,2489,367,71,43.69749,964,264,264,669,0,30052.074,81.12713,6.1884446,52,0.0524315,4,0,0,10218.8599442321
D013,NR020,S015,NR020_S015,SA,multiple,Maroni River,1,Neotropic,NO01,SA1,-54.34394,4.0932,-54.34352359,4.095282028,-54.342,4.09303,43,34,30498.602,78,881.407,73473090,26.09375,8.870833,79.20386,56.20141,32.45,21.3,11.200001,25.875,26.891666,26.891666,25.525,2498,375,78.5,43.08443,964,270.5,270.5,653.5,0,30282.244,98.16225,6.2836123,52,0.0392722,4,0,0,10218.8599442321
D013,NR020,S016,NR020_S016,SA,multiple,Maroni River,1,Neotropic,NO01,SA1,-54.39624,4.2065,-54.39460315,4.20675845,-54.3977,4.20831,35,33,34122.816,63,974.53,82405720,26.23125,8.8125,79.5045,58.560684,32.55,21.5,11.099998,25.983334,27.066666,27.066666,25.641666,2500.5,401,71,46.608433,996.5,265.5,265.5,644,0,33941.297,109.20006,6.3787656,52,0.014679,4,0,0,10218.8599442321
D013,NR020,S017,NR020_S017,SA,multiple,Maroni River,1,Neotropic,NO01,SA1,-54.3934,4.29452,-54.3930628,4.294885757,-54.3912,4.29452,44,32,34294.35,65,0.81549996,82833990,26.289583,8.745833,79.54547,59.61365,32.6,21.6,10.999998,26.058332,27.133333,27.133333,25.666666,2492.5,376,73,43.577072,967,275,275,628,0,34090.242,119.094826,6.4739037,51,0.175034,5,0,1,10218.8599442321
D013,NR020,S018,NR020_S018,SA,multiple,Maroni River,1,Neotropic,NO01,SA1,-54.44302,4.44004,-54.43892393,4.442164519,-54.4401,4.44208,40,34,57509.53,74.5,1558.003,135440560,26.262499,8.691667,80.01544,59.815086,32.5,21.6,10.9,26.033333,27.116667,27.116667,25.633333,2462,372,80,44.233032,967,287,287,629,0,57119.836,224.64458,9.424631,53,0.0253092,3.75,0,0,10218.8599442321
D013,NR020,S019,NR020_S019,SA,multiple,Maroni River,1,Neotropic,NO01,SA1,-54.42579,4.67003,-54.43451072,4.668923551,-54.4262,4.6703,35,33,59791.18,43,0.484,141145890,26.4375,8.616667,79.78396,60.573822,32.6,21.8,10.8,26.225,27.283333,27.283333,25.8,2470,355.5,87.5,42.647636,968,297.5,297.5,611,0,59324.445,237.57838,9.614853,52,0.0137737,3.75,0,0,10218.8599442321
D013,NR020,S020,NR020_S020,SA,multiple,Maroni River,1,Neotropic,NO01,SA1,-54.46393,4.92136,-54.46132959,4.92122743,-54.4631,4.92091,30,33,62395.14,29,3.574,147405940,26.491667,8.65,80.09258,60.471622,32.7,21.9,10.799999,26.3,27.333332,27.333332,25.816666,2433,358,95,41.7973,959,311,311,588,0.19024634,61898.81,261.5384,9.70996,52,0.0596079,5,0,1,10218.8599442321
D013,NR020,S021,NR020_S021,SA,multiple,Maroni River,1,Neotropic,NO01,SA1,-54.36694,5.12722,-54.36628565,5.129658948,-54.37,5.12906,30,30,63070.4,25,0.199,149006880,26.485416,8.441666,79.638374,60.105648,32.6,22,10.599998,26.291668,27.308332,27.308332,25.825,2441.5,352,85,42.525757,952.5,307.5,310,587,0.19024634,62577.273,276.83936,9.70996,51,0.0712363,4.75,0,1,10218.8599442321
D013,NR020,S022,NR020_S022,SA,multiple,Maroni River,1,Neotropic,NO01,SA1,-54.29319,2.6567,-54.29301868,2.656414465,-54.29302154,2.657152098,87,33,2125.0378,192,54.279,4612933.5,25.75,9.441667,81.884056,52.11256,32.3,20.7,11.500002,25.633333,26.433332,26.433332,25.1,2299,360,53,52.04261,942,200,200,691,0,2138.2148,0,0,53,0.0196776,0,0,0,10218.8599442321
D013,NR020,S023,NR020_S023,SA,multiple,Maroni River,1,Neotropic,NO01,SA1,-54.26723,2.71349,-54.26642693,2.713549487,-54.2672,2.71349,82,33,2283.9155,182.5,59.317,4975091.5,25.808332,9.441667,81.39368,52.112556,32.3,20.8,11.599998,25.616667,26.483334,26.483334,25.15,2321,359,50,51.63799,956,200,200,712,0,2280.502,0,0,53,0.017862,0,0,0,10218.8599442321
D013,NR020,S024,NR020_S024,SA,multiple,Maroni River,1,Neotropic,NO01,SA1,-54.22343,2.75581,-54.22345974,2.756285892,-54.2238,2.75585,92,31,2412.9092,173.5,63.434,5274163.5,25.814583,9.433333,81.32182,51.756996,32.35,20.75,11.6,25.683334,26.491667,26.491667,25.166668,2322.5,358.5,55,51.32063,949.5,203.5,203.5,703,0,2411.532,0,0,53,0.0183514,0.175735,0,0,10218.8599442321
D013,NR020,S025,NR020_S025,SA,multiple,Maroni River,1,Neotropic,NO01,SA1,-54.18345,2.85437,-54.18287893,2.854512768,-54.1837712,2.854512768,75,30,2803.7405,174,37.549,6192348,25.7875,9.425,81.25001,51.835598,32.3,20.7,11.599998,25.6,26.466667,26.466667,25.15,2375,371,51,51.64683,972,206,206,714,0,2803.3765,0,0,53,0.0197771,2.88197,0,0,10218.8599442321
D013,NR020,S026,NR020_S026,SA,multiple,Maroni River,1,Neotropic,NO01,SA1,-54.174,2.93669,-54.17382324,2.936893954,-54.1746,2.93756,71,28,3018.8823,178.5,1.221,6707405.5,25.74375,9.45,81.39369,51.056015,32.3,20.7,11.600001,25.6,26.425,26.425,25.108334,2393.5,352,51,50.569115,955,198.5,198.5,740.5,0,3025.1982,0,0,53,0.0187816,4,0,0,10218.8599442321
D013,NR020,S027,NR020_S027,SA,multiple,Maroni River,1,Neotropic,NO01,SA1,-54.18219,3.04149,-54.18138098,3.04149,-54.1804,3.04231,79,31,3180.275,178,87.052,7098905.5,25.720833,9.483334,81.089745,50.18431,32.3,20.6,11.7,25.608334,26.4,26.4,25.091667,2411,373,50,50.181007,962.5,212.5,212.5,718,0,3182.2065,0,0,53,0.0208442,3.75,0,0,10218.8599442321
D013,NR020,S028,NR020_S028,SA,multiple,Maroni River,1,Neotropic,NO01,SA1,-54.20819,3.13747,-54.20883245,3.138112454,-54.2085119,3.1379798,76,30,4838.5454,168,136.418,10915040,25.754166,9.475,80.911674,50.55752,32.35,20.6,11.700001,25.566666,26.425,26.425,25.133333,2447.5,375,51,49.63257,957,209.5,209.5,775.5,0,4838.7217,0.19052656,0,53,0.0170905,4,0,0,10218.8599442321
D013,NR021,S001,NR021_S001,SA,multiple,Oyapock River,1,Neotropic,NO01,SA1,-52.98154,2.1682,-52.98154,2.169597933,-52.9814,2.16878,67,26,686.4715,158,10.0529995,1621382.5,25.733334,9.233334,80.289856,56.70231,32.3,20.8,11.5,25.466667,26.449999,26.449999,25,2393,347,59,48.888035,957,217,218,756,0,682.42267,0,0,53,0.00970003,0,0,0,7197.83707650273
D013,NR021,S002,NR021_S002,SA,multiple,Oyapock River,1,Neotropic,NO01,SA1,-52.67615,2.37013,-52.6762479,2.370554224,-52.676,2.37116,74,31,2261.6157,139,67.491,5415931,25.816668,9.175,78.4188,57.63654,32.4,20.8,11.700001,25.566666,26.533333,26.533333,25.066666,2450,348,58,49.71324,975,212,216,800,0,2263.4736,0,0,53,0.0104716,0,0,0,7197.83707650273
D013,NR021,S003,NR021_S003,SA,multiple,Oyapock River,1,Neotropic,NO01,SA1,-52.64384,2.43488,-52.64384,2.43488,-52.6438,2.43488,68,34,3007.695,137,45.956,7233216.5,25.8,9.175,78.34757,57.77438,32.45,20.7,11.700001,25.541666,26.516666,26.516666,25.05,2483,365.5,58,50.413185,994,216,236.5,804.5,0,3018.8853,0,0,53,0.011709,0,0,0,7197.83707650273
D013,NR021,S004,NR021_S004,SA,multiple,Oyapock River,1,Neotropic,NO01,SA1,-52.54309,2.56044,-52.54309,2.56044,-52.5431,2.56122,72,30,3355.2341,121,102.426,8102155,25.866667,9.183332,77.17088,57.918438,32.6,20.7,11.899998,25.616667,26.566666,26.583334,25.133333,2543,357,58,49.758377,1015,231,258,835,0,3370.116,0,0,53,0.00867387,0,0,0,7197.83707650273
D013,NR021,S005,NR021_S005,SA,multiple,Oyapock River,1,Neotropic,NO01,SA1,-52.52583,2.66685,-52.52533031,2.666207546,-52.5258,2.6675,69,30,5858.8687,120,179.938,14387183,25.816668,9.175,77.100845,57.833374,32.5,20.6,11.9,25.55,26.516666,26.516666,25.083332,2544,374,55,51.084217,1014,219,254,837,0,5852.302,0,0,53,0.00501731,0,0,0,7197.83707650273
D013,NR021,S006,NR021_S006,SA,multiple,Oyapock River,1,Neotropic,NO01,SA1,-52.50531,2.70728,-52.50465565,2.707220513,-52.5055,2.70788,67,31,5909.6777,123,0.29299998,14515083,25.806252,9.1875,76.66667,57.51812,32.5,20.6,11.999998,25.55,26.5,26.525,25.058332,2569,377,55,51.149582,1031,217,250,848,0,5911.7676,0,0,53,0.00509295,0,0,0,7197.83707650273
D013,NR021,S007,NR021_S007,SA,multiple,Oyapock River,1,Neotropic,NO01,SA1,-52.44481,2.84905,-52.44464684,2.84905,-52.4453,2.84995,64,28,7643.3086,108,234.531,18916460,25.854166,9.258333,75.99045,56.291645,32.6,20.5,12.199999,25.625,26.516666,26.55,25.133333,2626,386,59.5,51.01161,1052.5,223,255.5,873.5,0,7650.1406,0.3811897,0,53,0.0101246,0,0,0,7197.83707650273
D013,NR021,S008,NR021_S008,SA,multiple,Oyapock River,1,Neotropic,NO01,SA1,-52.40264,2.89808,-52.40290922,2.89949136,-52.4027,2.90053,73,30,7881.4277,110,241.72,19544380,25.816666,9.266666,75.956276,55.940647,32.6,20.4,12.200001,25.616667,26.466667,26.483334,25.1,2653,391,57,51.17106,1064,224,257,892,0,7875.372,1.1434046,0,53,0.0084193,0,0,0,7197.83707650273
D013,NR021,S009,NR021_S009,SA,multiple,Oyapock River,1,Neotropic,NO01,SA1,-52.36499,3.00389,-52.36308643,3.00389,-52.3646,3.00384,65,27,9610.426,110,303.317,24065160,25.787498,9.258333,75.33875,55.47146,32.6,20.3,12.299999,25.575,26.433332,26.466667,25.083332,2691.5,398.5,57,50.708305,1060.5,235,254,903,0,9617.05,1.1434046,0,53,0.00715377,0,0,0,7197.83707650273
D013,NR021,S010,NR021_S010,SA,multiple,Oyapock River,1,Neotropic,NO01,SA1,-52.34111,3.09277,-52.34111,3.09277,-52.3411,3.09277,54,33,10146.001,96,318.5455,25498004,25.829166,9.283333,75.33875,54.874172,32.7,20.3,12.300001,25.633333,26.466667,26.516666,25.15,2698,406,59,50.56636,1061,233,266,888,0,10172.216,1.3339462,0,52,0.0162736,1.93845,0,0,7197.83707650273
D013,NR021,S011,NR021_S011,SA,multiple,Oyapock River,1,Neotropic,NO01,SA1,-52.29388,3.21624,-52.29288063,3.216918146,-52.2939,3.21624,61,NA,16273.739,94.5,505.039,41295376,25.802082,9.258333,74.798386,54.799942,32.65,20.3,12.399999,25.591667,26.458332,26.5,25.1,2797.5,415.5,63.5,50.351997,1084,251,267.5,938.5,0,16243.771,2.0007524,0.38103005,52,0.00515423,3.75,0,0,7197.83707650273
D013,NR021,S012,NR021_S012,SA,multiple,Oyapock River,1,Neotropic,NO01,SA1,-52.94518,2.17712,-52.94541795,2.177923068,-52.9468,2.18008,73,29,703.68335,157.5,21.195,1662647,25.75,9.225,80.21739,57.441452,32.3,20.8,11.5,25.5,26.449999,26.449999,25.008333,2405.5,355,58,49.394886,965.5,217.5,218,755.5,0,706.5431,0,0,53,0.0102229,0,0,0,7197.83707650273
D013,NR021,S013,NR021_S013,SA,multiple,Oyapock River,1,Neotropic,NO01,SA1,-52.19512,3.31348,-52.18799589,3.317948628,-52.1888,3.31306,63,27,17773.887,82,5.3505,45457820,25.775,9.166666,74.729004,54.04124,32.6,20.3,12.299999,25.666666,26.433332,26.466667,25.099998,2868,429,63,51.096085,1120,255,267,956,0,17740.305,3.6200037,0.38103005,53,0.00553219,4,0,0,7197.83707650273
D013,NR021,S014,NR021_S014,SA,multiple,Oyapock River,1,Neotropic,NO01,SA1,-52.12796,3.41511,-52.12778154,3.414753081,-52.1287,3.41565,65,26,18065.953,96,281.872,46294036,25.704166,9.091667,74.52186,53.020508,32.5,20.3,12.200001,25.5,26.366667,26.366667,25.066666,2984,474,65,54.19842,1183,246,265,1002,0,18058.781,4.667647,0.38103005,53,0.00612708,4,0,0,7197.83707650273
D013,NR021,S015,NR021_S015,SA,multiple,Oyapock River,1,Neotropic,NO01,SA1,-52.0954,3.46216,-52.0954,3.46216,-52.0961,3.46314,54,26,18292.713,82,7.078,46972016,25.766666,9.016666,74.58677,53.214844,32.6,20.5,12.1,25.566668,26.449999,26.449999,25.116667,3000,477,62,53.44409,1198,257,279,1015,0,18288.385,5.1438065,0.38103005,53,0.00587517,4,0,0,7197.83707650273
D013,NR021,S016,NR021_S016,SA,multiple,Oyapock River,1,Neotropic,NO01,SA1,-52.04699,3.54306,-52.04699,3.54306,-52.0479,3.54379,65,25,20277.2,73,652.766,52456970,25.7375,9.008333,75.06944,53.27706,32.5,20.5,12,25.6,26.416666,26.416666,25.1,3070,457,70,51.52879,1199,270,280,1013,0,20266.49,6.5722165,0.38103005,53,0.00343251,3.75,0,0,7197.83707650273
D013,NR021,S017,NR021_S017,SA,multiple,Oyapock River,1,Neotropic,NO01,SA1,-51.99261,3.62081,-51.99309949,3.62081,-51.998,3.62342,70,28,21202.098,69,689.761,55245892,25.670834,8.966667,75.35014,54.01316,32.5,20.6,11.900002,25.483334,26.366667,26.366667,25.066666,3155,498,80,52.514095,1251,289,292,1048,0,21186.123,7.2387285,0.38103005,61,0.0110573,4,0,0,7197.83707650273
D013,NR021,S018,NR021_S018,SA,multiple,Oyapock River,1,Neotropic,NO01,SA1,-51.92474,3.7667,-51.9228881,3.764682897,-51.9221,3.77399,57,33,23974.965,63,0.391,63774620,25.7625,8.766666,75.14307,53.687847,32.5,20.8,11.650001,25.558334,26.458334,26.5,25.158333,3303.5,509,73,52.284874,1293,287,297.5,1068,0,23916.22,9.523629,0.38103005,53,0.0342117,4.00012,0,0,7197.83707650273
D013,NR021,S019,NR021_S019,SA,multiple,Oyapock River,1,Neotropic,NO01,SA1,-52.92847,2.19188,-52.92886159,2.192043163,-52.9279,2.19139,71,29,1087.3207,165,10.192,2575610.2,25.716667,9.225,79.59769,58.11429,32.3,20.8,11.599998,25.483334,26.449999,26.449999,24.966667,2401,349,56,49.256645,964,219,219,770,0,1097.2534,0,0,53,0.00461817,0,0,0,7197.83707650273
D013,NR021,S020,NR021_S020,SA,multiple,Oyapock River,1,Neotropic,NO01,SA1,-52.90239,2.19616,-52.90203308,2.196326562,-52.903,2.19676,78,31,1125.1853,160,32.476,2666645,25.741667,9.216666,79.59769,57.65621,32.3,20.8,11.599998,25.483334,26.449999,26.449999,25,2397,342,59,49.21448,956,214,217,778,0,1135.2925,0,0,53,0.00694848,0,0,0,7197.83707650273
D013,NR021,S021,NR021_S021,SA,multiple,Oyapock River,1,Neotropic,NO01,SA1,-52.87717,2.2389,-52.87717,2.2389,-52.8762,2.23897,77,31,1196.6396,159,0.192,2839137.2,25.741665,9.204166,79.27443,57.45056,32.35,20.7,11.6,25.483334,26.441666,26.441666,25,2431,343,60,48.79525,965,222,222.5,777,0,1208.2222,0,0,53,0.00370885,0,0,0,7197.83707650273
D013,NR021,S022,NR021_S022,SA,multiple,Oyapock River,1,Neotropic,NO01,SA1,-52.87167,2.25554,-52.8712417,2.25554,-52.8717,2.25554,61,31,1209.5261,158,0.244,2870359.8,25.743752,9.2,79.27443,57.45056,32.35,20.7,11.6,25.475,26.458332,26.458332,25,2423.5,343,60,48.56685,962,223.5,223.5,778,0,1214.4182,0,0,53,0.00331643,0,0,0,7197.83707650273
D013,NR021,S023,NR021_S023,SA,multiple,Oyapock River,1,Neotropic,NO01,SA1,-52.855,2.27672,-52.85458597,2.277048366,-52.8523,2.27645,79,30,1287.3291,143,26.23,3058327,25.8125,9.216667,78.88176,58.049088,32.4,20.8,11.700001,25.566666,26.516666,26.516666,25.1,2424,352,59,49.6119,971,210.5,210.5,783,0,1296.6906,0,0,53,0.00794378,0,0,0,7197.83707650273
D013,NR021,S024,NR021_S024,SA,multiple,Oyapock River,1,Neotropic,NO01,SA1,-52.83414,2.29278,-52.83301825,2.292881977,-52.8306,2.2902,70,33,1834.5792,146,0.692,4371502.5,25.795834,9.216667,78.88176,57.58245,32.4,20.75,11.700001,25.55,26.5,26.5,25.075,2462,352,60,49.190792,981.5,223.5,223.5,791,0,1832.9922,0,0,53,0.0149522,0,0,0,7197.83707650273
D013,NR021,S025,NR021_S025,SA,multiple,Oyapock River,1,Neotropic,NO01,SA1,-52.78435,2.31001,-52.78377213,2.310387315,-52.7851,2.31062,77,29,1980.6813,144,58.375,4726511,25.791666,9.183333,79.16666,57.108353,32.4,20.8,11.600002,25.55,26.5,26.5,25.066666,2454,353,60,49.68404,981,213,213,803,0,1980.6569,0,0,53,0.00250425,0,0,0,7197.83707650273
D020,NR022,S001,NR022_S001,NA,US,St. Regis River,2,Nearctic,NE04,NA2,-74.66116,44.97595,-74.66061034,44.97645445,-74.6606,44.9766,30,12,2179.965,53.5,44.015,2243051,6.439584,10.379167,25.17168,1107.3796,26.7,-14.5,41.2,18.558334,-6.7333336,19.533333,-7.8083334,961,94,58,15.452147,277,188,274,204,17.934902,2086.1252,44.455307,0.9489826,32,0.493562,35.2929,9,5,27.8957929011454
D020,NR022,S002,NR022_S002,NA,US,St. Regis River,2,Nearctic,NE04,NA2,-74.66288,44.97681,-74.66286096,44.97609616,-74.6623,44.9774,27,16,2175.2334,53,44.015,2239093,6.3875,10.491667,25.403551,1108.5747,26.7,-14.6,41.300003,18.483334,-6.7833333,19.483334,-7.9,958,94,58,15.8764105,278,186,276,202,17.126179,2079.4758,43.036682,0.8814992,32,0.493562,35.2929,9,5,27.8957929011454
D020,NR022,S003,NR022_S003,NA,US,St. Regis River,2,Nearctic,NE04,NA2,-74.66802,44.97152,-74.66770591,44.97149145,-74.668,44.9715,26,12,2174.863,53,43.285,2238219.2,6.4083333,10.466666,25.343018,1108.3577,26.7,-14.6,41.300003,18.5,-6.766667,19.516666,-7.8833337,960,94,59,15.648443,278,187,275,202,17.05869,2083.5288,43.442047,0.8140092,32,0.466982,35.2929,9,5,27.8957929011454
D020,NR022,S004,NR022_S004,NA,US,St. Regis River,2,Nearctic,NE04,NA2,-74.66894,44.97002,-74.66790731,44.97046496,-74.6686,44.97,25,9,2174.8208,53,43.285,2238178,6.4083333,10.466666,25.343018,1108.3577,26.7,-14.6,41.300003,18.5,-6.766667,19.516666,-7.8833337,960,94,59,15.648443,278,187,275,202,17.32806,2084.1677,43.915188,0.8814992,32,0.466982,35.2929,9,5,27.8957929011454
D020,NR022,S005,NR022_S005,NA,US,St. Regis River,2,Nearctic,NE04,NA2,-74.65464,44.98509,-74.65396899,44.98555399,-74.6546,44.9851,24,11,2181.228,51,44.015,2244097.8,6.454167,10.3625,25.1517,1106.9653,26.7,-14.5,41.2,18.575,-6.7333336,19.541666,-7.791667,960.5,93,58,15.342594,275.5,188,274,204,18.069862,2087.0024,44.455307,0.9489826,32,0.509869,31.2929,9,5,27.8957929011454
D020,NR022,S006,NR022_S006,NA,US,St. Regis River,2,Nearctic,NE04,NA2,-74.66165,44.97633,-74.66132877,44.97699625,-74.6611,44.977,20,13,2179.8862,53,44.015,2242975.5,6.4333334,10.4,25.201775,1107.7723,26.7,-14.5,41.2,18.55,-6.7333336,19.533333,-7.8166666,961,94,58,15.521915,277,188,274,204,18.273514,2091.901,44.319405,1.0164694,32,0.493562,35.2929,9,5,27.8957929011454
D020,NR022,S007,NR022_S007,NA,US,St. Regis River,2,Nearctic,NE04,NA2,-74.66875,44.97053,-74.66771731,44.97097496,-74.6684,44.9705,20,10,2174.863,53,43.285,2238219.2,6.4083333,10.466666,25.343018,1108.3577,26.7,-14.6,41.300003,18.5,-6.766667,19.516666,-7.8833337,960,94,59,15.648443,278,187,275,202,17.32806,2084.2354,43.915188,0.8814992,32,0.466982,35.2929,9,5,27.8957929011454
D020,NR022,S008,NR022_S008,NA,US,St. Regis River,2,Nearctic,NE04,NA2,-74.66991,44.96197,-74.66991,44.96197,-74.6697,44.9619,19,8,2173.599,53,42.555,2237503.2,6.3791666,10.541667,25.462963,1109.0996,26.7,-14.7,41.4,18.483334,-6.7833333,19.483334,-7.95,957,94,58,15.981226,279,185,276,201,17.193735,2084.409,43.644985,0.8140092,32,0.492509,35.0986,9,5,27.8957929011454
D020,NR022,S009,NR022_S009,NA,US,St. Regis River,2,Nearctic,NE04,NA2,-74.70798,44.93314,-74.70798,44.93352666,-74.7084,44.933,29,9,2126.268,58,33.291,2191301.2,6.3708334,10.558333,25.481926,1109.8638,26.7,-14.8,41.5,18.433332,-6.7833333,19.5,-7.95,956,95,58,16.346666,281,184,276,200,9.225617,2042.1248,42.293655,0.8140092,32,0.383337,19.4793,5,4,27.8957929011454
D020,NR022,S010,NR022_S010,NA,US,St. Regis River,2,Nearctic,NE04,NA2,-74.69936,44.94485,-74.6994281,44.94480239,-74.698,44.9439,24,10,2132.6,58,42.283,2197472.8,6.385417,10.520833,25.402092,1109.9365,26.7,-14.7,41.4,18.475,-6.766667,19.516666,-7.9333334,960.5,95,59,15.916409,280,186.5,276,202,9.833052,2051.9866,42.428608,0.8140092,32,0.353846,17.7252,7,4,27.8957929011454
D020,NR022,S011,NR022_S011,NA,US,St. Regis River,2,Nearctic,NE04,NA2,-74.68455,44.95965,-74.68426446,44.95960241,-74.6823,44.9569,19,7,2135.486,56,42.555,2200601,6.3875003,10.525,25.422705,1110.7009,26.7,-14.7,41.4,18.483334,-6.7833333,19.516666,-7.95,958,95,58,16.069817,280,186,276,202,10.1706295,2055.025,42.428608,0.8140092,32,0.492509,30.2094,8,5,27.8957929011454
D020,NR022,S012,NR022_S012,NA,US,St. Regis River,2,Nearctic,NE04,NA2,-74.7224,44.92468,-74.72198359,44.92435282,-74.7222,44.9244,23,10,2124.1646,61.5,33.291,2189978,6.3875,10.566667,25.50322,1106.761,26.7,-14.7,41.4,18.416666,-6.725,19.475,-7.883333,954.5,95,58,16.503899,281,183,277,198,9.158072,2038.5415,42.293655,0.8140092,32,0.449761,27.18,5,4,27.8957929011454
D020,NR022,S013,NR022_S013,NA,US,St. Regis River,2,Nearctic,NE04,NA2,-74.4273,44.67514,-74.42798528,44.67376943,-74.4334866,44.67272054,17,8,207.06984,484,4.201,221335.39,4.55,11.466667,28.04604,1066.8208,24.6,-16.3,40.9,16.15,-8.075,17.116667,-9.15,1115.5,125.5,65,18.730648,347,216,341.5,227,0.2038221,192.23322,5.9116793,0,53,0.0776145,2.4367,0,2,27.8957929011454
D020,NR022,S014,NR022_S014,NA,US,St. Regis River,2,Nearctic,NE04,NA2,-74.65462,44.98623,-74.65312808,44.98645843,-74.6541,44.9863,29,13,2181.5625,50,44.015,2244411.5,6.454167,10.366667,25.161812,1106.9868,26.7,-14.5,41.2,18.583334,-6.7333336,19.55,-7.7833333,960,93,58,15.338662,275,188,274,204,18.339262,2093.1145,44.455315,0.9489826,32,0.509869,31.2929,9,5,27.8957929011454
D020,NR022,S015,NR022_S015,NA,US,St. Regis River,2,Nearctic,NE04,NA2,-74.6621,44.97585,-74.66177877,44.97651625,-74.6616,44.9767,33,11,2175.2454,53,44.015,2239105.2,6.3875,10.491667,25.403551,1108.5747,26.7,-14.6,41.300003,18.483334,-6.7833333,19.483334,-7.9,958,94,58,15.8764105,278,186,276,202,17.328743,2088.3245,43.509247,0.8814992,32,0.493562,35.2929,9,5,27.8957929011454
D020,NR022,S016,NR022_S016,NA,US,St. Regis River,2,Nearctic,NE04,NA2,-74.72231,44.92522,-74.72189359,44.92489282,-74.7221,44.9249,26,9,2124.1646,61.5,33.291,2189978,6.3875,10.566667,25.50322,1106.761,26.7,-14.7,41.4,18.416666,-6.725,19.475,-7.883333,954.5,95,58,16.503899,281,183,277,198,9.158072,2038.5415,42.293655,0.8140092,32,0.449761,27.18,5,4,27.8957929011454
D020,NR022,S017,NR022_S017,NA,US,St. Regis River,2,Nearctic,NE04,NA2,-74.77501,44.87748,-74.77450436,44.87724205,-74.7746,44.8773,21,9,1579.9633,80,33.291,1642166.1,6.3875,10.675,25.785023,1101.7228,26.7,-14.7,41.4,18.366667,-6.65,19.416666,-7.8333335,951,96,57,17.655611,285,178,280,193,5.228925,1521.4309,22.719177,0.74632007,52,0.337259,3.9502,0,3,27.8957929011454
D020,NR022,S018,NR022_S018,NA,US,St. Regis River,2,Nearctic,NE04,NA2,-74.7841,44.81906,-74.78277702,44.82040202,-74.7829,44.8196,30,10,1551.6758,95,32.037,1615299.5,6.4,10.766666,25.966183,1099.1556,26.7,-14.7,41.4,18.333334,-6.5833335,19.4,-7.7833333,946,98,55,19.418915,290,173,283,187,5.500252,1496.8815,23.261892,0.74632007,51,0.307168,8.72822,3,3,27.8957929011454
D020,NR022,S019,NR022_S019,NA,US,St. Regis River,2,Nearctic,NE04,NA2,-74.71526,44.70581,-74.71515292,44.70634538,-74.7153,44.7062,16,12,789.4831,211.5,14.98,833194.7,5.94375,11.183333,27.012882,1087.616,26.2,-15.2,41.4,17.75,-6.8916664,18.791666,-8.125,973,108,54,22.066128,309.5,173,302.5,186,2.3756225,762.3032,9.243561,0.33976555,32,0.376965,3.62955,0,2,27.8957929011454
D020,NR022,S020,NR022_S020,NA,US,St. Regis River,2,Nearctic,NE04,NA2,-74.6694,44.97076,-74.66828165,44.9712692,-74.6689959,44.97072677,30,11,2174.863,53,43.285,2238219.2,6.4083333,10.466666,25.343018,1108.3577,26.7,-14.6,41.300003,18.5,-6.766667,19.516666,-7.8833337,960,94,59,15.648443,278,187,275,202,17.32806,2084.2354,43.915188,0.8814992,32,0.466982,35.2929,9,5,27.8957929011454
D020,NR022,S021,NR022_S021,NA,US,St. Regis River,2,Nearctic,NE04,NA2,-74.6703,44.96198,-74.6703,44.96198,-74.6701,44.9616,22,6,2173.581,53,42.555,2237485.8,6.3791666,10.541667,25.462963,1109.0996,26.7,-14.7,41.4,18.483334,-6.7833333,19.483334,-7.95,957,94,58,15.981226,279,185,276,201,17.193735,2084.409,43.644985,0.8140092,32,0.492509,35.0986,9,5,27.8957929011454
D020,NR022,S022,NR022_S022,NA,US,St. Regis River,2,Nearctic,NE04,NA2,-74.69939,44.94416,-74.69947,44.944505,-74.6985,44.9432,23,9,2132.6,58,42.283,2197472.8,6.385417,10.520833,25.402092,1109.9365,26.7,-14.7,41.4,18.475,-6.766667,19.516666,-7.9333334,960.5,95,59,15.916409,280,186.5,276,202,9.833052,2051.9866,42.428608,0.8140092,32,0.353846,17.7252,7,4,27.8957929011454
D020,NR022,S023,NR022_S023,NA,US,St. Regis River,2,Nearctic,NE04,NA2,-74.70796,44.93361,-74.70796,44.93399666,-74.708,44.9336,22,11,2126.268,58,33.291,2191301.2,6.3708334,10.558333,25.481926,1109.8638,26.7,-14.8,41.5,18.433332,-6.7833333,19.5,-7.95,956,95,58,16.346666,281,184,276,200,9.225617,2042.1248,42.293655,0.8140092,32,0.383337,19.4793,5,4,27.8957929011454
D020,NR022,S024,NR022_S024,NA,US,St. Regis River,2,Nearctic,NE04,NA2,-74.42733,44.67511,-74.42801528,44.67373943,-74.4334866,44.67272054,10,4,207.06984,484,4.201,221335.39,4.55,11.466667,28.04604,1066.8208,24.6,-16.3,40.9,16.15,-8.075,17.116667,-9.15,1115.5,125.5,65,18.730648,347,216,341.5,227,0.2038221,192.23322,5.9116793,0,53,0.0776145,2.4367,0,2,27.8957929011454
D020,NR022,S025,NR022_S025,NA,US,St. Regis River,2,Nearctic,NE04,NA2,-74.29954,44.43127,-74.29959949,44.43210281,-74.2997,44.432,26,13,78.07554,525,1.536,73241.195,4.4854164,11.775,28.931204,1048.6833,24.5,-16.3,40.7,15.941667,-7.9,16.883333,-8.958333,1087.5,121,62,18.815449,340,211,335,219,0.13625537,69.14281,0.06812121,0.13624242,51,0.106335,2.41508,0,2,27.8957929011454
D020,NR022,S026,NR022_S026,NA,US,St. Regis River,2,Nearctic,NE04,NA2,-74.68586,44.95969,-74.68551736,44.95901423,-74.68317639,44.95644771,23,10,2135.1882,54,42.555,2200261,6.3958335,10.475,25.363195,1109.0923,26.7,-14.6,41.300003,18.483334,-6.766667,19.516666,-7.8833337,958,95,58,15.981226,279,186,276,202,10.0355835,2051.379,42.428894,0.8140092,32,0.492509,30.2094,8,5,27.8957929011454
D020,NR022,S027,NR022_S027,NA,US,St. Regis River,2,Nearctic,NE04,NA2,-74.64663,44.99655,-74.64688222,44.99659759,-74.6452,44.9956,30,11,2205.0725,48.5,44.015,2266593.8,6.45625,10.379167,25.192152,1107.5159,26.7,-14.5,41.2,18.633333,-6.75,19.533333,-7.791667,956.5,92,59,15.111681,275,188.5,274,204,23.064335,2106.3384,44.454277,1.0164759,32,0.54178,30.276,9,6,27.8957929011454
D020,NR022,S028,NR022_S028,NA,US,St. Regis River,2,Nearctic,NE04,NA2,-74.64661,44.99743,-74.6464244,44.99733006,-74.6449,44.9964,28,12,2205.145,48,44.015,2266634.5,6.4583335,10.375,25.18204,1107.5082,26.7,-14.5,41.2,18.666666,-6.7333336,19.533333,-7.7833333,957,92,59,15.048305,275,189,274,204,23.064335,2106.4058,44.454277,1.0839331,32,0.54178,29.1295,9,5,27.8957929011454
D020,NR022,S029,NR022_S029,NA,US,St. Regis River,2,Nearctic,NE04,NA2,-74.65363,44.98564,-74.65353006,44.98568283,-74.6536,44.9856,17,8,2181.228,51,44.015,2244097.8,6.454167,10.3625,25.1517,1106.9653,26.7,-14.5,41.2,18.575,-6.7333336,19.541666,-7.791667,960.5,93,58,15.342594,275.5,188,274,204,18.340996,2093.0479,44.319405,1.0164694,32,0.509869,31.2929,9,5,27.8957929011454
D020,NR022,S030,NR022_S030,NA,US,St. Regis River,2,Nearctic,NE04,NA2,-74.66177,44.97641,-74.66144877,44.97707625,-74.6612,44.9771,24,10,2179.8862,53,44.015,2242975.5,6.4333334,10.4,25.201775,1107.7723,26.7,-14.5,41.2,18.55,-6.7333336,19.533333,-7.8166666,961,94,58,15.521915,277,188,274,204,18.273514,2091.901,44.319405,1.0164694,32,0.493562,35.2929,9,5,27.8957929011454
D020,NR022,S031,NR022_S031,NA,US,St. Regis River,2,Nearctic,NE04,NA2,-74.66918,44.9707,-74.66806165,44.9712092,-74.6689,44.9706,27,10,2174.863,53,43.285,2238219.2,6.4083333,10.466666,25.343018,1108.3577,26.7,-14.6,41.300003,18.5,-6.766667,19.516666,-7.8833337,960,94,59,15.648443,278,187,275,202,17.32806,2084.2354,43.915188,0.8814992,32,0.466982,35.2929,9,5,27.8957929011454
D020,NR022,S032,NR022_S032,NA,US,St. Regis River,2,Nearctic,NE04,NA2,-74.66943,44.96217,-74.66943,44.96217,-74.66940701,44.96207145,23,8,2173.599,53,42.555,2237503.2,6.3791666,10.541667,25.462963,1109.0996,26.7,-14.7,41.4,18.483334,-6.7833333,19.483334,-7.95,957,94,58,15.981226,279,185,276,201,17.193735,2084.409,43.644985,0.8140092,32,0.492509,35.0986,9,5,27.8957929011454
D020,NR022,S033,NR022_S033,NA,US,St. Regis River,2,Nearctic,NE04,NA2,-74.6855,44.95921,-74.68515736,44.95853423,-74.6831,44.9561,23,11,2135.1882,54,42.555,2200261,6.3958335,10.475,25.363195,1109.0923,26.7,-14.6,41.300003,18.483334,-6.766667,19.516666,-7.8833337,958,95,58,15.981226,279,186,276,202,10.0355835,2051.379,42.428894,0.8140092,32,0.492509,32.9692,8,4,27.8957929011454
D020,NR022,S034,NR022_S034,NA,US,St. Regis River,2,Nearctic,NE04,NA2,-74.69952,44.94485,-74.6995881,44.94480239,-74.6982,44.9439,20,7,2132.6,58,42.283,2197472.8,6.385417,10.520833,25.402092,1109.9365,26.7,-14.7,41.4,18.475,-6.766667,19.516666,-7.9333334,960.5,95,59,15.916409,280,186.5,276,202,9.833052,2051.9866,42.428608,0.8140092,32,0.353846,17.7252,7,4,27.8957929011454
D020,NR022,S035,NR022_S035,NA,US,St. Regis River,2,Nearctic,NE04,NA2,-74.7086,44.93349,-74.7086,44.93387666,-74.70884289,44.93307157,18,9,2126.207,58,33.291,2191243,6.3708334,10.558333,25.481926,1109.8638,26.7,-14.8,41.5,18.433332,-6.7833333,19.5,-7.95,956,95,58,16.346666,281,184,276,200,9.225617,2042.0574,42.293655,0.8140092,32,0.383337,19.4793,5,4,27.8957929011454
D020,NR022,S036,NR022_S036,NA,US,St. Regis River,2,Nearctic,NE04,NA2,-74.72256,44.92497,-74.72214359,44.92464282,-74.7223,44.9247,17,5,2124.1646,61.5,33.291,2189978,6.3875,10.566667,25.50322,1106.761,26.7,-14.7,41.4,18.416666,-6.725,19.475,-7.883333,954.5,95,58,16.503899,281,183,277,198,9.158072,2038.5415,42.293655,0.8140092,32,0.449761,27.18,5,4,27.8957929011454
D020,NR022,S037,NR022_S037,NA,US,St. Regis River,2,Nearctic,NE04,NA2,-74.43856,44.63389,-74.43856,44.63389,-74.45287677,44.63033081,11,5,6.207194,456,33.291,6856.1074,4.5979166,11.570833,28.221544,1064.7798,24.7,-16.25,40.9,16.183334,-7.95,17.15,-9.041666,1101,124,64,19.162594,344,211,339,223,0,6.448682,0,0,52,0.067252,9,0,1,27.8957929011454
D020,NR022,S038,NR022_S038,NA,US,St. Regis River,2,Nearctic,NE04,NA2,-74.65984,44.97477,-74.65951877,44.97543625,-74.6593,44.9755,NA,6,2179.9893,53,44.015,2243074.8,6.4333334,10.4,25.201775,1107.7723,26.7,-14.5,41.2,18.55,-6.7333336,19.533333,-7.8166666,961,94,58,15.382378,277,188,274,204,18.273514,2092.0356,44.319405,1.0164694,32,0.493562,35.2929,9,5,27.8957929011454
D020,NR022,S039,NR022_S039,NA,US,St. Regis River,2,Nearctic,NE04,NA2,-74.6664,44.97227,-74.66687589,44.97231759,-74.6666,44.9726,NA,7,2174.9055,53,44.015,2238260,6.4083333,10.466666,25.343018,1108.4246,26.7,-14.6,41.300003,18.5,-6.7833333,19.516666,-7.8833337,960,94,59,15.574058,278,187,275,202,17.05869,2083.5288,43.442047,0.8140092,32,0.466982,35.2929,9,5,27.8957929011454
D020,NR022,S040,NR022_S040,NA,US,St. Regis River,2,Nearctic,NE04,NA2,-74.77511,44.87732,-74.77460436,44.87708205,-74.7747,44.8771,NA,5,1579.9633,80,33.291,1642166.1,6.3875,10.675,25.785023,1101.7228,26.7,-14.7,41.4,18.366667,-6.65,19.416666,-7.8333335,951,96,57,17.655611,285,178,280,193,5.228925,1521.4309,22.719177,0.74632007,52,0.337259,3.9502,0,3,27.8957929011454
D020,NR022,S041,NR022_S041,NA,US,St. Regis River,2,Nearctic,NE04,NA2,-74.78412,44.81905,-74.78279702,44.82039202,-74.7829,44.8195,NA,6,1551.6758,95,32.037,1615299.5,6.4,10.766666,25.966183,1099.1556,26.7,-14.7,41.4,18.333334,-6.5833335,19.4,-7.7833333,946,98,55,19.418915,290,173,283,187,5.500252,1496.8815,23.261892,0.74632007,51,0.307168,8.72822,3,3,27.8957929011454
D020,NR022,S042,NR022_S042,NA,US,St. Regis River,2,Nearctic,NE04,NA2,-74.79042,44.77304,-74.79042,44.77304,-74.7896,44.773,NA,4,853.0985,103.5,16.891,894134.3,6.3625,10.970833,26.402243,1094.6709,26.7,-14.9,41.6,18.241667,-6.5666666,19.291666,-7.7833333,938.5,100,53,20.586472,293.5,169,285.5,181,2.375265,818.4343,9.582424,0.33976555,51,0.335154,12,1,3,27.8957929011454
D020,NR022,S043,NR022_S043,NA,US,St. Regis River,2,Nearctic,NE04,NA2,-74.7665,44.74152,-74.76659518,44.74209107,-74.7666,44.7421,NA,6,810.92163,152,16.396,854686.7,6.225,11.058333,26.73108,1089.0603,26.5,-14.9,41.4,18.05,-6.65,19.1,-7.85,942,104,52,22.16317,300,166,293,178,2.3756225,780.5464,9.243717,0.33976555,52,0.382019,3.75751,0,3,27.8957929011454
D020,NR022,S044,NR022_S044,NA,US,St. Regis River,2,Nearctic,NE04,NA2,-74.71518,44.70588,-74.71507292,44.70641538,-74.7152,44.7063,NA,5,789.4831,211.5,14.98,833194.7,5.94375,11.183333,27.012882,1087.616,26.2,-15.2,41.4,17.75,-6.8916664,18.791666,-8.125,973,108,54,22.066128,309.5,173,302.5,186,2.3756225,762.3032,9.243561,0.33976555,32,0.376965,3.62955,0,2,27.8957929011454
D020,NR022,S045,NR022_S045,NA,US,St. Regis River,2,Nearctic,NE04,NA2,-74.61182,44.68803,-74.61183904,44.68871528,-74.6118,44.688,NA,4,703.49896,316,12.664,744996.56,5.45,11.3,27.427183,1079.7218,25.6,-15.6,41.2,17.166666,-7.3,18.15,-8.483334,1035,114,59,20.281258,325,191,318,205,0.61227053,679.5143,8.701026,0.33976555,51,0.244408,6,0,2,27.8957929011454
D020,NR022,S046,NR022_S046,NA,US,St. Regis River,2,Nearctic,NE04,NA2,-74.64622,44.99689,-74.64622,44.99689,-74.6446,44.9959,NA,6,2205.145,48,44.015,2266634.5,6.4583335,10.375,25.18204,1107.5082,26.7,-14.5,41.2,18.666666,-6.7333336,19.533333,-7.7833333,957,92,59,15.048305,275,189,274,204,23.064335,2106.4058,44.454277,1.0839331,32,0.54178,29.1295,9,5,27.8957929011454
D020,NR022,S047,NR022_S047,NA,US,St. Regis River,2,Nearctic,NE04,NA2,-74.43858,44.63385,-74.43858,44.63385,-74.45287677,44.63033081,NA,11,6.207194,456,33.291,6856.1074,4.5979166,11.570833,28.221544,1064.7798,24.7,-16.25,40.9,16.183334,-7.95,17.15,-9.041666,1101,124,64,19.162594,344,211,339,223,0,6.448682,0,0,52,0.067252,9,0,1,27.8957929011454
D020,NR022,S048,NR022_S048,NA,US,St. Regis River,2,Nearctic,NE04,NA2,-74.28654,44.61851,-74.27797394,44.6198425,-74.27810251,44.62509749,NA,5,30.426239,471,0.401,33375.742,4.6041665,11.541667,28.316954,1055.5449,24.6,-16.1,40.7,16.1,-7.8166666,17.083334,-8.933333,1096,128,62,20.728687,348,208,344,221,0.13586625,29.335865,0.20380262,0,52,0.134389,9,0,1,27.8957929011454
D020,NR022,S049,NR022_S049,NA,US,St. Regis River,2,Nearctic,NE04,NA2,-74.27351,44.57595,-74.27353974,44.57639615,-74.2733619,44.57626174,NA,1,11.166037,527,0.494,12715.66,4.425,11.445833,28.20197,1054.0696,24.4,-16.25,40.6,15.95,-8.025,16.883333,-9.058333,1108,127,63,20.14805,350,211,346.5,223.5,0,10.666643,0,0,52,0.063801,2.62955,0,1,27.8957929011454
D020,NR022,S050,NR022_S050,NA,US,St. Regis River,2,Nearctic,NE04,NA2,-74.28012,44.48104,-74.27964411,44.48484714,-74.28056399,44.48478334,NA,5,26.279701,511,0.294,28198.375,4.4729166,11.708333,28.828829,1045.2336,24.5,-16.2,40.649998,15.908333,-7.8416667,16.85,-8.908333,1076.5,123,61,20.69977,341.5,202.5,336,217,0,25.997284,0,0,51,0.0937905,10,0,2,27.8957929011454
D020,NR022,S051,NR022_S051,NA,US,St. Regis River,2,Nearctic,NE04,NA2,-74.29951,44.43128,-74.29956949,44.43211281,-74.2997,44.4321,NA,7,78.07554,525,1.536,73241.195,4.4854164,11.775,28.931204,1048.6833,24.5,-16.3,40.7,15.941667,-7.9,16.883333,-8.958333,1087.5,121,62,18.815449,340,211,335,219,0.13625537,69.14281,0.06812121,0.13624242,51,0.106335,2.41508,0,2,27.8957929011454
D020,NR022,S052,NR022_S052,NA,US,St. Regis River,2,Nearctic,NE04,NA2,-74.34331,44.43327,-74.34371451,44.4346025,-74.3432,44.4345,NA,0,90.63397,558,2.073,87117.06,4.385417,11.8125,29.054054,1044.8584,24.3,-16.3,40.6,15.8,-7.925,16.708334,-9,1099.5,122,63,18.747936,343,214.5,338,222.5,0.068127684,78.270386,0,0.13624242,53,0.0557166,1.31868,0,1,27.8957929011454
D020,NR022,S053,NR022_S053,NA,US,St. Regis River,2,Nearctic,NE04,NA2,-74.79058,44.77306,-74.79058,44.77306,-74.7898,44.773,NA,10,853.0985,103.5,16.891,894134.3,6.3625,10.970833,26.402243,1094.6709,26.7,-14.9,41.6,18.241667,-6.5666666,19.291666,-7.7833333,938.5,100,53,20.586472,293.5,169,285.5,181,2.375265,818.4343,9.582424,0.33976555,51,0.335154,12,1,3,27.8957929011454
D020,NR022,S054,NR022_S054,NA,US,St. Regis River,2,Nearctic,NE04,NA2,-74.76664,44.74156,-74.76673518,44.74213107,-74.7668,44.7421,NA,7,810.93384,152,16.396,854698.3,6.225,11.058333,26.73108,1089.0603,26.5,-14.9,41.4,18.05,-6.65,19.1,-7.85,942,104,52,22.16317,300,166,293,178,2.3756225,780.5464,9.243717,0.33976555,52,0.382019,3.75751,0,3,27.8957929011454
D020,NR022,S055,NR022_S055,NA,US,St. Regis River,2,Nearctic,NE04,NA2,-74.61197,44.68806,-74.61198904,44.68874528,-74.612,44.6881,NA,9,703.49896,316,12.664,744996.56,5.45,11.3,27.427183,1079.7218,25.6,-15.6,41.2,17.166666,-7.3,18.15,-8.483334,1035,114,59,20.281258,325,191,318,205,0.61227053,679.5143,8.701026,0.33976555,51,0.244408,6,0,2,27.8957929011454
D020,NR022,S056,NR022_S056,NA,US,St. Regis River,2,Nearctic,NE04,NA2,-74.43861,44.63397,-74.43861,44.63397,-74.45287677,44.63043081,NA,5,6.207194,456,33.291,6856.1074,4.5979166,11.570833,28.221544,1064.7798,24.7,-16.25,40.9,16.183334,-7.95,17.15,-9.041666,1101,124,64,19.162594,344,211,339,223,0,6.448682,0,0,52,0.067252,9,0,1,27.8957929011454
D020,NR022,S057,NR022_S057,NA,US,St. Regis River,2,Nearctic,NE04,NA2,-74.28658,44.61855,-74.27801394,44.6198825,-74.27820251,44.62509749,NA,1,30.426239,471,0.401,33375.742,4.6041665,11.541667,28.316954,1055.5449,24.6,-16.1,40.7,16.1,-7.8166666,17.083334,-8.933333,1096,128,62,20.728687,348,208,344,221,0.13586625,29.335865,0.20380262,0,52,0.134389,9,0,1,27.8957929011454
D020,NR022,S058,NR022_S058,NA,US,St. Regis River,2,Nearctic,NE04,NA2,-74.27325,44.57595,-74.27327974,44.57639615,-74.2730619,44.57626174,NA,1,11.08653,529,0.494,12615.453,4.420833,11.45,28.222496,1053.8274,24.4,-16.3,40.6,15.933333,-8.033333,16.866667,-9.066667,1109,127,63,20.106413,350,211,347,224,0,10.802546,0,0,52,0.063801,2.62955,0,1,27.8957929011454
D020,NR022,S059,NR022_S059,NA,US,St. Regis River,2,Nearctic,NE04,NA2,-74.28061,44.48148,-74.28013411,44.48528714,-74.28106399,44.48528334,NA,2,26.322582,511,0.294,28244.043,4.4791665,11.708333,28.828829,1045.176,24.5,-16.2,40.6,15.916667,-7.8166666,16.85,-8.9,1073,123,61,20.711258,342,202,336,217,0,26.065338,0,0,51,0.0746081,10,0,2,27.8957929011454
D020,NR022,S060,NR022_S060,NA,US,St. Regis River,2,Nearctic,NE04,NA2,-74.34325,44.43317,-74.34365451,44.4345025,-74.3432,44.4344,NA,4,90.63397,558,2.073,87117.06,4.385417,11.8125,29.054054,1044.8584,24.3,-16.3,40.6,15.8,-7.925,16.708334,-9,1099.5,122,63,18.747936,343,214.5,338,222.5,0.068127684,78.270386,0,0.13624242,53,0.0557166,1.31868,0,1,27.8957929011454
D020,NR022,S061,NR022_S061,NA,US,St. Regis River,2,Nearctic,NE04,NA2,-74.77507,44.87745,-74.77456436,44.87721205,-74.7747,44.8772,NA,4,1579.9633,80,33.291,1642166.1,6.3875,10.675,25.785023,1101.7228,26.7,-14.7,41.4,18.366667,-6.65,19.416666,-7.8333335,951,96,57,17.655611,285,178,280,193,5.228925,1521.4309,22.719177,0.74632007,52,0.337259,3.9502,0,3,27.8957929011454
D020,NR022,S062,NR022_S062,NA,US,St. Regis River,2,Nearctic,NE04,NA2,-74.78414,44.81907,-74.78281702,44.82041202,-74.7829,44.8196,NA,4,1551.6758,95,32.037,1615299.5,6.4,10.766666,25.966183,1099.1556,26.7,-14.7,41.4,18.333334,-6.5833335,19.4,-7.7833333,946,98,55,19.418915,290,173,283,187,5.500252,1496.8815,23.261892,0.74632007,51,0.307168,8.72822,3,3,27.8957929011454
D020,NR022,S063,NR022_S063,NA,US,St. Regis River,2,Nearctic,NE04,NA2,-74.6118,44.68804,-74.61181904,44.68872528,-74.6118,44.688,NA,3,703.49896,316,12.664,744996.56,5.45,11.3,27.427183,1079.7218,25.6,-15.6,41.2,17.166666,-7.3,18.15,-8.483334,1035,114,59,20.281258,325,191,318,205,0.61227053,679.5143,8.701026,0.33976555,51,0.244408,6,0,2,27.8957929011454
D020,NR022,S064,NR022_S064,NA,US,St. Regis River,2,Nearctic,NE04,NA2,-74.42735,44.67516,-74.42803528,44.67378943,-74.4335866,44.67282054,NA,6,207.06984,484,4.201,221335.39,4.55,11.466667,28.04604,1066.8208,24.6,-16.3,40.9,16.15,-8.075,17.116667,-9.15,1115.5,125.5,65,18.730648,347,216,341.5,227,0.2038221,192.23322,5.9116793,0,53,0.0776145,2.4367,0,2,27.8957929011454
D020,NR022,S065,NR022_S065,NA,US,St. Regis River,2,Nearctic,NE04,NA2,-74.28629,44.6185,-74.27772394,44.6198325,-74.27790251,44.62509749,NA,4,30.426239,471,0.401,33375.742,4.6041665,11.541667,28.316954,1055.5449,24.6,-16.1,40.7,16.1,-7.8166666,17.083334,-8.933333,1096,128,62,20.728687,348,208,344,221,0.13586625,29.335865,0.20380262,0,52,0.134389,9,0,1,27.8957929011454
D020,NR022,S066,NR022_S066,NA,US,St. Regis River,2,Nearctic,NE04,NA2,-74.27343,44.57595,-74.27345974,44.57639615,-74.2732619,44.57626174,NA,4,11.166037,527,0.494,12715.66,4.425,11.445833,28.20197,1054.0696,24.4,-16.25,40.6,15.95,-8.025,16.883333,-9.058333,1108,127,63,20.14805,350,211,346.5,223.5,0,10.666643,0,0,52,0.063801,2.62955,0,1,27.8957929011454
D020,NR022,S067,NR022_S067,NA,US,St. Regis River,2,Nearctic,NE04,NA2,-74.2801,44.48104,-74.27962411,44.48484714,-74.28056399,44.48478334,NA,5,26.279701,511,0.294,28198.375,4.4729166,11.708333,28.828829,1045.2336,24.5,-16.2,40.649998,15.908333,-7.8416667,16.85,-8.908333,1076.5,123,61,20.69977,341.5,202.5,336,217,0,25.997284,0,0,51,0.0937905,10,0,2,27.8957929011454
D020,NR022,S068,NR022_S068,NA,US,St. Regis River,2,Nearctic,NE04,NA2,-74.29956,44.43119,-74.29961949,44.43202281,-74.2997,44.432,NA,3,78.07554,525,1.536,73241.195,4.4854164,11.775,28.931204,1048.6833,24.5,-16.3,40.7,15.941667,-7.9,16.883333,-8.958333,1087.5,121,62,18.815449,340,211,335,219,0.13625537,69.14281,0.06812121,0.13624242,51,0.106335,2.41508,0,2,27.8957929011454
D020,NR022,S069,NR022_S069,NA,US,St. Regis River,2,Nearctic,NE04,NA2,-74.34328,44.43324,-74.34368451,44.4345725,-74.3432,44.4345,NA,6,90.63397,558,2.073,87117.06,4.385417,11.8125,29.054054,1044.8584,24.3,-16.3,40.6,15.8,-7.925,16.708334,-9,1099.5,122,63,18.747936,343,214.5,338,222.5,0.068127684,78.270386,0,0.13624242,53,0.0557166,1.31868,0,1,27.8957929011454
D020,NR022,S070,NR022_S070,NA,US,St. Regis River,2,Nearctic,NE04,NA2,-74.79027,44.77303,-74.79027,44.77303,-74.7895,44.773,NA,7,853.0985,103.5,16.891,894134.3,6.3625,10.970833,26.402243,1094.6709,26.7,-14.9,41.6,18.241667,-6.5666666,19.291666,-7.7833333,938.5,100,53,20.586472,293.5,169,285.5,181,2.375265,818.4343,9.582424,0.33976555,51,0.335154,12,1,3,27.8957929011454
D020,NR022,S071,NR022_S071,NA,US,St. Regis River,2,Nearctic,NE04,NA2,-74.7667,44.74159,-74.76679518,44.74216107,-74.7668,44.7421,NA,5,810.93384,152,16.396,854698.3,6.225,11.058333,26.73108,1089.0603,26.5,-14.9,41.4,18.05,-6.65,19.1,-7.85,942,104,52,22.16317,300,166,293,178,2.3756225,780.5464,9.243717,0.33976555,52,0.382019,3.75751,0,3,27.8957929011454
D020,NR022,S072,NR022_S072,NA,US,St. Regis River,2,Nearctic,NE04,NA2,-74.71529,44.70578,-74.71518292,44.70631538,-74.7153,44.7062,NA,4,789.4831,211.5,14.98,833194.7,5.94375,11.183333,27.012882,1087.616,26.2,-15.2,41.4,17.75,-6.8916664,18.791666,-8.125,973,108,54,22.066128,309.5,173,302.5,186,2.3756225,762.3032,9.243561,0.33976555,32,0.376965,3.62955,0,2,27.8957929011454
D021,NR023,S001,NR023_S001,EU,Germany,Elbe River,2,Palearctic,PA04,EU2,9.670305556,53.55441667,9.671678845,53.56527721,9.66210086,53.55868303,1,1,141938.23,2,14.816001,89582480,9.125,7.4666667,31.974249,608.3066,22.2,-1.1,23.4,16.766666,4.7000003,16.766666,1.9166667,737,73,41,16.359463,210,142,210,172,70024.61,49291.168,12650.699,7970.8315,23,0.496277,27.8525,9,8,3326.88993155497
D021,NR023,S002,NR023_S002,EU,Germany,Elbe River,2,Palearctic,PA04,EU2,9.754527778,53.563,9.70149979,53.56260909,9.693705028,53.57222041,2,1,141935.8,11,14.816001,89581896,9.129167,7.475,31.894207,611.08777,22.3,-1.1500001,23.45,16.808332,4.6916666,16.808332,1.875,741.5,74,41,16.18706,211.5,143.5,211.5,172,69801.49,49481.9,12762.157,8041.2944,23,-9999,28.6295,9,8,3326.88993155497
D021,NR023,S003,NR023_S003,EU,Germany,Elbe River,2,Palearctic,PA04,EU2,10.18397222,53.39819444,10.1847158,53.39373295,10.1844,53.397,0,1,2405.4724,1,25.213001,1626979.4,9.141666,7.508333,31.41562,626.2991,22.5,-1.4,23.9,17.016666,4.65,17.016666,1.7,679,69,39,15.663837,195,135,195,162,1324.0647,827.29346,132.4104,110.31828,23,0.714929,25.6295,8,9,3326.88993155497
D021,NR023,S004,NR023_S004,EU,Germany,Elbe River,2,Palearctic,PA04,EU2,10.10475,53.48644444,10.10403616,53.48204244,10.1045,53.4815,2,4,578.9775,0,4.419,434499.75,9.175,7.4,30.962341,624.2407,22.5,-1.3,23.8,17.05,4.6666665,17.05,1.7833334,699,70,40,16.229887,201,138,201,169,273.1317,157.8716,56.439957,86.83734,23,0.625483,30.3395,9,10,3326.88993155497
D021,NR023,S005,NR023_S005,EU,Germany,Elbe River,2,Palearctic,PA04,EU2,10.10211111,53.44086111,10.10794079,53.42712822,10.0984,53.4392,3,5,139606,0,806.719,87864470,9.141666,7.404166,31.153305,625.45764,22.4,-1.3,23.75,17,4.633333,17,1.7333333,683,69,39,16.051395,196.5,135,196.5,165,68918.7,49021.906,12422.952,7443.5547,23,0.618748,28.4367,8,10,3326.88993155497
D021,NR023,S006,NR023_S006,EU,Germany,Elbe River,2,Palearctic,PA04,EU2,10.11366667,53.43133333,10.14295444,53.39454006,10.1102,53.4259,1,3,27.615496,-1,0.384,19426.635,9.129167,7.5,31.380753,628.06824,22.5,-1.4,23.9,17.033333,4.633333,17.033333,1.6666666,677,69,39,15.681331,196,135,196,163,15.672439,2.9630272,7.1785297,1.7659707,23,0.567654,20,7,8,3326.88993155497
D023,NR024,S001,NR024_S001,EU,France,River Allier,2,Palearctic,PA04,EU2,3.90496,44.58867,3.90496,44.58867,3.9045,44.5887,3,NA,27.4562,1106.5,0.502,33842.355,7.4958334,8.083333,33.76736,582.4086,21.3,-2.6,23.9,8.216667,14.958334,14.958334,0.9749999,1115.5,149,52,26.596252,357.5,196.5,196.5,282.5,0,26.571115,2.1747494,0,51,0.428559,27,2,2,13388.3907426112
D023,NR024,S002,NR024_S002,EU,France,River Allier,2,Palearctic,PA04,EU2,3.89486,44.63484,3.89486,44.63484,3.89461,44.6349,3,NA,75.999825,1069,0.32,89650.46,7.5041666,8.025,33.437935,583.7451,21.2,-2.8,24,8.283333,14.933333,14.933333,0.8833334,1078,142,53,25.419815,343,197,197,266,0,68.3369,10.187629,0.06793637,51,0.367386,26,1,2,13388.3907426112
D023,NR024,S003,NR024_S003,EU,France,River Allier,2,Palearctic,PA04,EU2,3.884224,44.69327,3.884699892,44.69356743,3.88378,44.6937,7,NA,239.15869,1008.5,0.333,278888.25,7.7875,8.766666,35.0066,593.865,22.150002,-2.9,25,8.583333,15.325001,15.325001,0.9583333,998.5,130,53,24.017374,313.5,194,194,236,1.1526134,191.09422,47.836445,0.06793637,12,0.350906,12.6295,0,3,13388.3907426112
D023,NR024,S004,NR024_S004,EU,France,River Allier,2,Palearctic,PA04,EU2,3.84262,44.77121,3.843048303,44.77128138,3.84289,44.7712,8,NA,408.97748,996.5,5.503,450919.62,7.897917,9.0125,35.57312,593.8701,22.45,-2.9,25.35,8.674999,14.991667,15.433333,1.1,945,119,54,22.489475,291,195,195.5,216,6.234779,289.6634,104.22963,1.1523564,32,0.405917,14.6295,1,4,13388.3907426112
D023,NR024,S005,NR024_S005,EU,France,River Allier,2,Palearctic,PA04,EU2,3.78757,44.79296,3.788069687,44.79381661,3.78755,44.7937,7,NA,454.3215,940,7.175,495531.9,8.216667,9.383333,36.36951,595.60895,23,-2.8,25.8,8.966667,2.2166667,15.783333,1.3833333,881,108,54,21.513294,266,181,192,195,8.8748455,299.19348,135.02652,1.1523564,32,0.319965,11.7575,0,3,13388.3907426112
D023,NR024,S006,NR024_S006,EU,France,River Allier,2,Palearctic,PA04,EU2,3.75817,44.81662,3.758122411,44.81714348,3.75819,44.8171,8,NA,502.1516,931,0.356,540287.25,8.2625,9.533334,36.71171,595.9827,23.1,-2.7,25.9,8.983334,2.1833332,15.833333,1.4499999,858,103,53,21.147234,257,174,189,187,11.10738,310.22717,170.27383,1.4905802,32,0.227863,15,0,3,13388.3907426112
D023,NR024,S007,NR024_S007,EU,France,River Allier,2,Palearctic,PA04,EU2,3.73747,44.83911,3.737113081,44.83964538,3.73727,44.8396,7,NA,916.87585,900,5.69,1006085.5,8.36875,9.541667,36.730766,595.2698,23.2,-2.6999998,25.95,9.141666,2.2833333,15.908333,1.5166667,823,97.5,50.5,21.474976,245,163.5,187,175,34.225136,507.09827,364.49036,1.4905802,32,0.343975,19,0,3,13388.3907426112
D023,NR024,S008,NR024_S008,EU,France,River Allier,2,Palearctic,PA04,EU2,3.6758,44.8958,3.676014151,44.8962521,3.67576,44.8963,7,NA,957.5778,862.5,14.103,1042584.3,8.579166,9.125,36.067238,586.56433,23.05,-2.25,25.3,13.375,2.5666666,16.025,1.8333333,768,89,45,21.926994,230.5,146,184.5,156,35.23912,531.4378,381.39148,1.4905802,32,0.214223,3.26244,0,3,13388.3907426112
D023,NR024,S009,NR024_S009,EU,France,River Allier,2,Palearctic,PA04,EU2,3.68096,44.93489,3.680912411,44.93550866,3.68096,44.9349,10,NA,1008.13995,836.5,0.155,1088926.5,8.697916,9.1875,36.31423,584.79004,23.150002,-2.15,25.300001,13.475,2.7166667,16.108334,1.9749999,739,85.5,42.5,22.673725,224,137,183,146.5,39.22399,557.2417,399.49432,1.4905802,32,0.204762,11.2502,0,3,13388.3907426112
D023,NR024,S010,NR024_S010,EU,France,River Allier,2,Palearctic,PA04,EU2,3.67384,44.94421,3.67384,44.94421,3.67457,44.9442,10,NA,1012.4676,836.5,7.3455,1092123.4,8.697916,9.166666,36.291924,584.468,23.1,-2.15,25.25,13.475,2.7166667,16.108334,1.9749999,740.5,85.5,42.5,22.665146,224,137,183.5,146.5,39.35929,566.2616,400.78842,1.4905802,32,0.196026,11.2502,0,3,13388.3907426112
D023,NR024,S011,NR024_S011,EU,France,River Allier,2,Palearctic,PA04,EU2,3.67413,44.94791,3.673606519,44.94798138,3.67462,44.9479,8,NA,1012.6316,840,14.536,1092238.4,8.666666,9.166666,36.291924,584.1424,23.1,-2.15,25.25,13.45,2.6999998,16.075,1.95,740.5,85.5,42.5,22.531631,224,137,183.5,146.5,39.35929,566.39667,400.78842,1.4905802,32,0.226341,11.2502,0,3,13388.3907426112
D023,NR024,S012,NR024_S012,EU,France,River Allier,2,Palearctic,PA04,EU2,3.64961,44.96762,3.64961,44.96762,3.64966,44.968,10,NA,1064.1989,808,15.281,1136090,8.866667,9.275,36.511024,584.32556,23.3,-2.1,25.4,13.616667,2.9166667,16.283333,2.15,715,83,39,23.417706,218,128,184,136,43.00251,593.38696,418.79962,1.4905802,32,0.387077,11.252,0,3,13388.3907426112
D023,NR024,S013,NR024_S013,EU,France,River Allier,2,Palearctic,PA04,EU2,3.58886,45.04082,3.588895692,45.04120071,3.58886,45.0408,13,NA,1501.7234,671,1.61,1550436.9,9.535417,9.545834,37.0931,586.4187,24.1,-1.55,25.7,14.283333,3.5583334,16.966667,2.7333333,658,78.5,35.5,25.477993,203.5,114.5,177,119.5,75.628784,825.25696,589.16833,2.0307484,32,0.360237,11.6815,0,3,13388.3907426112
D023,NR024,S014,NR024_S014,EU,France,River Allier,2,Palearctic,PA04,EU2,3.49849,45.10012,3.498673558,45.10046672,3.5022,45.1029,15,NA,1776.1495,549,22.697,1778943.5,10.3,9.683333,37.24359,591.48553,25,-1.1,26.1,15.033334,4.266667,17.8,3.4166667,622,75,33,27.055449,194,104,175,110,102.322876,987.61285,671.7899,2.771469,32,0.629377,28,7,5,13388.3907426112
D023,NR024,S015,NR024_S015,EU,France,River Allier,2,Palearctic,PA04,EU2,3.38552,45.19587,3.386144609,45.19587,3.38627,45.1959,16,NA,2106.7935,590,12.7955,2031730.4,9.9875,9.691667,37.548264,584.7157,24.6,-1.2,25.800001,14.1,4.0333333,17.4,3.1833334,633,78,34,27.221199,195,106,181,113,160.4703,1148.7654,784.08374,3.9833992,32,0.425253,5.26244,0,4,13388.3907426112
D023,NR024,S016,NR024_S016,EU,France,River Allier,2,Palearctic,PA04,EU2,3.28023,45.46815,3.28040846,45.46882815,3.28247,45.4654,17,NA,4117.6616,432.5,48.315,3580720.5,10.795834,10.224999,38.88889,590.3902,25.5,-0.7,26.3,16.3,4.85,18.266666,3.8833334,592,76,29,32.27317,192,91,181,98,630.1345,1988.1085,1459.7083,19.00601,23,0.603633,18.6659,3,6,13388.3907426112
D023,NR024,S017,NR024_S017,EU,France,River Allier,2,Palearctic,PA04,EU2,3.22183,45.66568,3.22183,45.66568,3.22108,45.6696,19,NA,5412.611,426.5,0.299,4548743,10.6,9.945833,38.73231,583.45105,25.05,-0.6,25.7,15.991667,4.6916666,17.95,3.7666667,607.5,81,29,33.989998,204,91,191.5,98,1091.3966,2406.6309,1864.2727,37.908,23,0.530513,29,8,7,13388.3907426112
D023,NR024,S018,NR024_S018,EU,France,River Allier,2,Palearctic,PA04,EU2,3.36366,45.91633,3.364754552,45.91609205,3.36312,45.9164,17,NA,6180.9883,317.5,0.108,5060906,10.947917,10.304167,39.829132,589.21545,25.55,-0.3,25.9,16.491667,5,18.366667,4.025,647.5,83,34,30.8622,209,108,203,113,1489.404,2550.73,2010.4271,117.98221,32,0.547205,12.2587,2,5,13388.3907426112
D023,NR024,S019,NR024_S019,EU,France,River Allier,2,Palearctic,PA04,EU2,3.4043,46.28913,3.403728929,46.28867314,3.40372,46.2887,15,NA,9580.652,238.5,92.49,7573428,11.008333,10.466667,40.21116,593.70746,25.8,-0.3,26,18.458334,7.05,18.466667,3.9666667,743.5,88,47,22.508242,218.5,146,218.5,157,2522.2761,4124.358,2692.1484,230.01065,32,0.598684,38.75,6,6,13388.3907426112
D023,NR024,S020,NR024_S020,EU,France,River Allier,2,Palearctic,PA04,EU2,3.07346,46.94901,3.074602141,46.94872446,3.07385,46.9487,15,NA,14305.51,180,135.043,11173307,10.7625,9.958334,39.206036,589.3813,25.1,-0.3,25.4,16.616667,6.8,18.233334,3.6666667,758,76,49,13.781356,208,153,199,187,4257.1855,5117.3467,4637.721,274.9442,32,0.428333,34,7,6,13388.3907426112
D026,NR025,S001,NR025_S001,NA,US,Alaskan River,6,Nearctic,NE11,NA6,-149.43,63.72,-149.4579349,63.73308704,-149.43,63.72,4,6,267.1295,830,0.314,85315.836,-3.1354165,10.675,26.85415,1114.0857,18.6,-21.2,39.800003,11.183333,-3.6916666,11.183333,-15.366667,466,81,18,58.14151,220,61,220,70,0,17.790691,173.91727,0,61,0.0226357,1.62955,0,0,14418.110501748
D026,NR025,S002,NR025_S002,NA,US,Alaskan River,6,Nearctic,NE11,NA6,-149.58,63.6,-149.5421571,63.60907051,-149.58,63.6,4,1,165.54005,938,0.616,29292.352,-3.45,10.2125,26.867638,1058.9529,17.7,-20.349998,38.05,10.358334,-4.3333335,10.358334,-14.891666,480.5,81,18,56.836906,223,63,223,77,0,10.321264,44.045197,0,62,0,0.852498,0,0,14418.110501748
D026,NR026,S001,NR026_S001,NA,US,Alaskan River,6,Nearctic,NE11,NA6,-143.71,61.43,-143.7237771,61.4361628,-143.71,61.43,3,6,146.9351,554,1.089,105858.82,-1.4958334,11.941667,28.63709,1114.5657,20,-21.7,41.7,5.4666667,-0.6666667,11.866667,-14.983334,899,107,41,30.4053,300,143,264,200,0,84.31755,37.648033,0,61,0.000979705,4,0,0,438308.49049997
D026,NR026,S002,NR026_S002,NA,US,Alaskan River,6,Nearctic,NE11,NA6,-150.96,63.52,-150.9585723,63.52285535,-150.96,63.52,4,6,334.1368,644,4.579,188280.61,-3.5333333,11.3,25.708427,1197.181,19.2,-24.7,43.9,9.6,-10.7,11.433333,-17.25,533,99,23,57.594105,248,72,242,82,0,14.130646,308.90344,0,61,0,8,0,0,438308.49049997
D027,NR027,S001,NR027_S001,EU,Russia,Volga River,2,Palearctic,PA04,EU2,33.09994444,56.48275,33.10032515,56.48273096,33.0999,56.4827,7,NA,52.064655,247,0.652,35828,4.508333,7.8708334,23.910841,927.96326,22.1,-10.85,32.95,15.933333,-1.5083333,15.933333,-6.8583336,686,91,33,33.717293,251,103,251,126,0.36872485,48.23281,3.793318,0,52,0.131897,10,0,2,74088.8645248743
D027,NR027,S002,NR027_S002,EU,Russia,Volga River,2,Palearctic,PA04,EU2,44.371,53.57191667,44.37199937,53.57217841,44.371,53.5719,8,NA,1326.7751,162,7.152,695950.4,4.48125,8.704166,22.411205,1130.4323,24.5,-14.3,38.8,17.916666,-8.416667,17.916666,-9.491667,519,67,26,28.028545,178,86,178,99,1068.291,234.76074,7.5841594,9.836971,32,0.358719,14,0,3,74088.8645248743
D027,NR027,S003,NR027_S003,EU,Russia,Volga River,2,Palearctic,PA04,EU2,33.08875,56.43830556,33.08952332,56.43800813,33.0887,56.4383,6,NA,10.542178,274,7.1794996,7245.6543,4.4708333,7.725,23.794872,914.6645,21.8,-10.6,32.4,15.766666,-1.4333334,15.766666,-6.7166667,688,91,33,33.73849,252,103,252,126,0,10.604812,0,0,52,0.132035,2.31868,0,2,74088.8645248743
D027,NR027,S004,NR027_S004,EU,Russia,Volga River,2,Palearctic,PA04,EU2,33.12847222,56.52877778,33.12862926,56.52953445,33.1285,56.5288,8,NA,198.26488,241,0.652,136899.14,4.525,7.9,23.917421,925.8411,22.1,-11,33.1,15.933333,-1.5,15.933333,-6.8333335,684,91,33,33.649815,251,103,251,125,4.1044197,185.44856,9.929926,0,53,0.125402,2.31868,0,2,74088.8645248743
D027,NR027,S005,NR027_S005,EU,Russia,Volga River,2,Palearctic,PA04,EU2,35.78336111,56.94305556,35.78336111,56.94305556,35.7834,56.9431,13,NA,6464.5454,138,22.092499,4132642.2,4.2791667,8.333333,24.130434,971.26636,22.6,-11.9,34.5,16.183332,-6.35,16.183332,-7.7,627,86,27,36.17711,234,90,234,108,1509.0186,4697.3057,186.86105,47.807983,32,0.389701,10.8944,5,3,74088.8645248743
D027,NR027,S006,NR027_S006,EU,Russia,Volga River,2,Palearctic,PA04,EU2,33.60788889,56.42136111,33.60788889,56.42136111,33.6079,56.4214,11,NA,923.9604,208.5,7.207,629985.6,4.5437503,7.95,24.092283,931.39276,22.05,-11,33,15.925,-1.3499999,15.925,-7.0333333,665,88,31,33.81447,244,101.5,244,119,92.68974,817.36475,19.201454,0.42206013,51,0.174903,17.25,0,2,74088.8645248743
D027,NR027,S007,NR027_S007,EU,Russia,Volga River,2,Palearctic,PA04,EU2,33.12716667,56.52988889,33.12479061,56.52790782,33.1272,56.5299,13,NA,90.12772,241,0.652,61980.92,4.525,7.883333,23.88889,925.74896,22.1,-10.9,33,15.933333,-1.5,15.933333,-6.833333,684,91,33,33.621407,251,103,251,125,2.843436,83.20024,4.2143135,0,53,0.125402,2.31868,0,2,74088.8645248743
D027,NR027,S008,NR027_S008,EU,Russia,Volga River,2,Palearctic,PA04,EU2,33.29438889,56.38116667,33.29438889,56.38116667,33.2944,56.3812,11,NA,585.7777,230.5,2.0685,402441,4.522917,7.9166665,23.95362,929.8781,22,-11,33.1,15.908333,-1.4333334,15.908333,-6.9583335,681,90,33,33.152252,248,105,248,124,44.9094,528.35046,18.091667,0,52,0.105164,10,0,2,74088.8645248743
D027,NR027,S009,NR027_S009,EU,Russia,Volga River,2,Palearctic,PA04,EU2,34.32005556,56.25880556,34.31999845,56.25960506,34.3201,56.2588,17,NA,12128.679,173,97.593,7825207.5,4.733333,8.183333,24.502487,950.03107,22.5,-11,33.4,16.316666,-5.6666665,16.316666,-7.0833335,630,86,29,36.644077,237,95,237,108,1220.8024,9924.418,453.79236,15.471514,23,0.618455,41,9,2,74088.8645248743
D027,NR027,S010,NR027_S010,EU,Russia,Volga River,2,Palearctic,PA04,EU2,34.92588889,56.51225,34.92691682,56.5130495,34.9259,56.5122,16,NA,21174.965,170,161.217,13503494,4.55,8.216667,24.013157,962.2444,22.6,-11.6,34.2,16.316666,-6.0333333,16.316666,-7.3583336,651,90,29,36.159554,242,95,242,110,4511.4233,14892.288,1077.3289,53.380703,32,0.567286,33,8,3,74088.8645248743
D027,NR027,S011,NR027_S011,EU,Russia,Volga River,2,Palearctic,PA04,EU2,35.77802778,56.84825,35.77788501,56.84920178,35.778,56.8483,15,NA,24209.71,136,182.22,15448452,4.3708334,8.3875,24.112709,980.437,22.8,-11.95,34.8,16.383333,-6.3916664,16.383333,-7.741667,628,86,27,35.959427,234,91,234,108,5321.995,17036.525,1134.7413,56.209213,23,0.670467,33.75,10,6,74088.8645248743
D029,NR028,S001,NR028_S001,AS,Japan,Koide River,2,Palearctic,PA04,AS2,139.4309998,35.3848991,139.4304899,35.38461356,139.428,35.3847,6,NA,3.744837,33.5,0.65,6328.9854,15.660418,8.616667,28.722172,760.6471,30.6,0.6,30,22.6,6.416667,25.05,6.416667,1687.5,219.5,55,41.621983,593.5,184,567.5,184,0.6999651,0.3888442,0,2.7998064,11,0.861391,40.18,10,10,1204.06731594056
D029,NR028,S002,NR028_S002,AS,Japan,Koide River,2,Palearctic,PA04,AS2,139.4049988,35.3745995,139.4045348,35.37467088,139.405,35.3755,14,NA,11.42407,26,0.65,19240.832,15.679167,8.65,28.820599,760.43,30.6,0.6,30,22.616667,6.45,25.066668,6.45,1681,218,55,41.240047,589,185,563,185,3.0334327,1.244521,0,7.3107095,11,0.812846,40.4189,10,10,1204.06731594056
D029,NR028,S003,NR028_S003,AS,Japan,Koide River,2,Palearctic,PA04,AS2,139.3959961,35.3594017,139.396268,35.35935071,139.395,35.3603,20,NA,17.956913,26,0.65,30338.57,15.695833,8.616667,28.85906,757.40424,30.6,0.7,29.9,22.633333,6.483333,25.066668,6.483333,1694,219,55,40.875206,590,187,565,187,4.5894175,1.8669288,0,11.278355,11,0.9338,45,10,10,1204.06731594056
D029,NR028,S004,NR028_S004,AS,Japan,Koide River,2,Palearctic,PA04,AS2,139.3869934,35.3451004,139.3870954,35.34536554,139.3870204,35.34544672,28,NA,22.494633,10,0.65,38026.688,15.75,8.612499,28.873043,756.80896,30.6,0.8,29.800001,22.658333,6.5666666,25.108334,6.5666666,1700,220,56,40.635033,591,188.5,569,188.5,4.900643,1.8669288,0,15.47978,11,0.945058,49.25,10,10,1204.06731594056
D029,NR028,S005,NR028_S005,AS,Japan,Koide River,2,Palearctic,PA04,AS2,139.3869934,35.3330002,139.3856609,35.33399957,139.391123,35.33295723,24,NA,23.237072,8,0.65,39280.61,15.766666,8.599999,28.859058,755.86194,30.6,0.8,29.800001,22.666666,6.583333,25.1,6.583333,1709,221,56,40.616608,592,190,573,190,4.745035,1.9447352,0,17.113785,11,0.950186,49.75,10,10,1204.06731594056
D029,NR028,S006,NR028_S006,AS,Japan,Koide River,2,Palearctic,PA04,AS2,139.371994,35.3180008,139.3728778,35.32164477,139.373,35.318,25,NA,26.375006,5,0.65,44645.703,15.75625,8.508333,28.786404,752.0133,30.5,0.95,29.55,22.633333,6.616667,25.05,6.616667,1705.5,221,56,40.119034,587,192,565,192,4.6672735,1.6334696,0,20.692648,11,0.832942,-9999,-9999,-9999,1204.06731594056
D029,NR028,S007,NR028_S007,AS,Japan,Koide River,2,Palearctic,PA04,AS2,139.4349976,35.3669014,139.4220044,35.36470958,139.42,35.3637,4,NA,1.4353825,45,0.65,2431.9792,15.666667,8.6,28.818283,757.3619,30.6,0.7,29.9,22.566666,6.4666667,25.016666,6.4666667,1696,219,55,41.262527,592,185,565,185,0.15560463,0.62239444,0,0.77798295,11,0.821877,36.75,10,10,1204.06731594056
D029,NR028,S008,NR028_S008,AS,Japan,Koide River,2,Palearctic,PA04,AS2,139.4049988,35.3624992,139.4046827,35.3638317,139.405,35.3638,10,NA,3.9001725,32.5,0.65,6610.6113,15.685417,8.604167,28.838625,757.2422,30.6,0.7,29.85,22.6,6.4833336,25.033333,6.4833336,1695.5,219,55.5,40.805527,590.5,187.5,565,187.5,0.777983,0.46677643,0,2.178315,11,0.863507,45,10,10,1204.06731594056
D029,NR028,S009,NR028_S009,AS,Japan,Koide River,2,Palearctic,PA04,AS2,139.4120026,35.3395996,139.4119455,35.34136992,139.412,35.342,21,NA,4.601366,13.5,0.305,7881.098,15.714583,8.570833,28.873043,755.06665,30.5,0.8,29.7,22.6,6.55,25.016666,6.55,1711,221,56,40.415367,592.5,192,568,192,1.0893555,0,0,3.5795465,11,0.944937,49.5,10,10,1204.06731594056
D029,NR028,S010,NR028_S010,AS,Japan,Koide River,2,Palearctic,PA04,AS2,139.3849945,35.3283997,139.3907528,35.33026928,139.3893881,35.32544079,23,NA,8.859801,8,0.305,15138.213,15.716667,8.558333,28.864613,753.1912,30.5,0.9,29.6,22.608334,6.5666666,25.033333,6.5666666,1706.5,221,56,40.030945,588,192,563,192,1.7896285,0.31122264,0,7.081342,11,0.950186,49.75,10,10,1204.06731594056
D029,NR028,S011,NR028_S011,AS,Japan,Koide River,2,Palearctic,PA04,AS2,139.4029999,35.3703995,139.4020719,35.37050658,139.403,35.3704,20,NA,11.802143,29,0.65,19884.76,15.666667,8.641666,28.818283,760.43,30.6,0.6,30,22.6,6.4333334,25.05,6.4333334,1682,218,55,41.240047,589,185,563,185,3.111225,1.166728,0,7.466338,11,0.929218,36.7252,10,10,1204.06731594056
D031,NR029,S001,NR029_S001,AS,Japan,rivers around Lake Biwa,2,Palearctic,PA04,AS2,136.201742,35.755882,136.2021417,35.75542514,136.202,35.756,0,NA,116.74481,289,2.5385,256892.2,12.591666,7.383333,24.0228,862.66095,29,-1.9,30.8,19.933334,5.516667,23.266666,2.2,2214,240,149,20.054346,631,468,629,575,0.46477604,118.66078,0,0,12,0.392197,24.6537,2,4,0
D031,NR030,S001,NR030_S001,AS,Japan,rivers around Lake Biwa,2,Palearctic,PA04,AS2,136.124237,35.606539,136.1246367,35.60608214,136.124,35.6065,1,NA,23.186226,219,0.291,49389.4,13.191667,7.483333,24.479166,851.4048,29.5,-1,30.5,20.1,6.2,23.8,3.05,2129,230,141,20.216043,616,460,593,553,0,22.954964,0,0,12,0.472945,20.0472,4,8,6045.1971560352
D031,NR030,S002,NR030_S002,AS,Japan,rivers around Lake Biwa,2,Palearctic,PA04,AS2,136.058148,35.614912,136.0587762,35.61514043,136.058,35.6188,1,NA,38.421276,157,1.949,80619.46,13.7625,7.483333,24.724062,844.92365,30,-0.3,30.4,19.916666,11.4,24.3,3.7,2131,232,133,20.443047,618,451,573,589,2.094263,36.16424,0,0,11,0.71164,40.5,9,8,6045.1971560352
D031,NR031,S001,NR031_S001,AS,Japan,rivers around Lake Biwa,2,Palearctic,PA04,AS2,135.968451,35.569623,135.9688674,35.57033684,135.969,35.5701,1,NA,65.895775,227,0.695,136474.08,13.283334,7.5166664,24.752474,846.7071,29.6,-0.8,30.400002,20.333334,10.849999,23.866667,3.25,2067,222,134,19.89914,593,443,576,534,0.62086475,63.496246,0,0.07761314,51,0.389029,17.4505,2,6,0
D031,NR032,S001,NR032_S001,AS,Japan,rivers around Lake Biwa,2,Palearctic,PA04,AS2,135.890477,35.450984,135.890477,35.450984,135.89,35.4504,10,NA,61.54072,230,1.9489999,120768.68,13.3125,7.8083334,25.351732,854.856,29.8,-0.9,30.8,20.316666,10.133333,23.949999,3.0833333,1942,221,125,21.654198,590,411,569,452,0.5439985,61.40493,0,0,12,0.497752,16,2,6,9052.11183506241
D031,NR032,S002,NR032_S002,AS,Japan,rivers around Lake Biwa,2,Palearctic,PA04,AS2,135.790798,35.446668,135.790798,35.446668,135.791,35.4467,8,NA,27.142271,325,0.7095,52473.89,12.989583,8.095833,26.08698,853.74646,29.5,-1.5,31.05,20.675,9.758333,23.591667,2.7,1913,221,121.5,23.493347,593.5,392.5,588.5,414,0,27.67712,0,0,12,0.365674,12.5269,1,7,9052.11183506241
D031,NR033,S001,NR033_S001,AS,Japan,rivers around Lake Biwa,2,Palearctic,PA04,AS2,135.723832,35.400952,135.7236688,35.40046251,135.724,35.4005,10,NA,27.720623,304,1.177,52761.242,12.779167,7.958333,25.61828,859.4196,29.3,-1.7,31.1,19.983334,9.5,23.416666,2.4166667,1882,219,118,24.280386,589,381,584,393,0,26.288857,0,0,12,0.28218,5.33947,0,4,4137.84190283786
D031,NR033,S002,NR033_S002,AS,Japan,rivers around Lake Biwa,2,Palearctic,PA04,AS2,135.678078,35.399141,135.678078,35.39966448,135.678,35.3987,2,NA,96.09762,223.5,1.063,178856.55,13.241667,8.083333,25.90812,858.386,29.9,-1.3,31.199999,20.433332,9.933333,23.883333,2.9333334,1838,213,120,23.549498,571,379,566,391,2.7216547,93.714264,0,0,12,0.469067,12.3088,0,4,4137.84190283786
D031,NR034,S001,NR034_S001,AS,Japan,rivers around Lake Biwa,2,Palearctic,PA04,AS2,135.716529,35.308225,135.7170049,35.30881987,135.717,35.309,10,NA,35.56986,561,1.12,69003.54,11.5,8.083333,25.961538,864.32056,28,-3.1,31.2,21.816666,3.7333333,22.183332,1.1333333,1876,236,102,32.174984,639,328,631,328,0,35.262466,0,0,52,0.202462,8,0,4,0
D031,NR035,S001,NR035_S001,AS,Japan,rivers around Lake Biwa,2,Palearctic,PA04,AS2,136.470597,35.274055,136.470597,35.274055,136.471,35.2741,0,NA,63.890644,209,0.313,125122.875,13.433333,7.733333,25.438597,839.6711,29.5,-0.8,30.4,20.366667,5.866667,23.883333,3.3666666,1843,258,72,42.402775,681,248,639,249,3.2721987,60.610447,0,0.07791058,51,0.549992,18,5,5,11123.0438233723
D031,NR035,S002,NR035_S002,AS,Japan,rivers around Lake Biwa,2,Palearctic,PA04,AS2,136.462529,35.340036,136.4628825,35.34041671,136.463,35.34,5,NA,25.92564,200,0.987,49930.605,13.541667,7.5666666,24.89035,844.2367,29.7,-0.7,30.4,20.433334,5.95,24.033333,3.4333334,1883,255,83,39.18144,681,276,643,279,1.2450645,24.984053,0,0,51,0.482619,33,8,7,11123.0438233723
D031,NR035,S003,NR035_S003,AS,Japan,rivers around Lake Biwa,2,Palearctic,PA04,AS2,136.442359,35.452472,136.4429872,35.45212936,136.443,35.4524,0,NA,28.554419,597,0.779,60647.4,11.695833,8.008333,26.001083,846.6926,27.9,-2.9,30.8,21.783333,1.9166666,22.166666,1.5500001,2130,286,103,38.695427,779,324,778,324,0.7774553,28.064402,0,0,52,0.354367,13,1,4,11123.0438233723
D031,NR035,S004,NR035_S004,AS,Japan,rivers around Lake Biwa,2,Palearctic,PA04,AS2,136.406704,35.603157,136.4077748,35.60290716,136.407,35.6038,0,NA,107.14608,492.5,0.667,235532.38,11.370833,7.8875,25.402534,864.32434,27.8,-3.25,31.05,22.016666,3.6166668,22.016666,0.9916667,2176,281,121.5,31.440723,755,397,755,398.5,0.15513477,106.40683,0,0,52,0.372452,10,0,2,11123.0438233723
D031,NR036,S001,NR036_S001,AS,Japan,rivers around Lake Biwa,2,Palearctic,PA04,AS2,136.498215,35.100265,136.498215,35.100265,136.498,35.1005,11,NA,13.894531,295,0.504,27338.582,13.316667,7.9583335,26.178728,829.8835,29.2,-1.1,30.4,22.866667,3.3833332,23.633333,3.3833332,1859,266,58,47.9718,707,206,686,206,0.7023678,11.941484,0.1560637,0,51,0.580856,35.3425,8,8,5223.35965424373
D031,NR036,S002,NR036_S002,AS,Japan,rivers around Lake Biwa,2,Palearctic,PA04,AS2,136.518226,35.14424,136.518226,35.14424,136.518,35.1446,0,NA,115.38388,115,2.405,219680,14.3,8.1,26.557379,831.53015,30.3,-0.2,30.599998,21.066668,4.333333,24.633333,4.333333,1792,261,58,47.17711,688,207,640,207,25.575626,83.881424,0.623914,3.1196976,21,0.803295,43.3425,9,7,5223.35965424373
D031,NR037,S001,NR037_S001,AS,Japan,rivers around Lake Biwa,2,Palearctic,PA04,AS2,136.477887,35.012738,136.477887,35.012738,136.477,35.0131,14,NA,12.165895,326.5,0.592,24266.719,13.239584,8.037499,26.439144,829.0842,29.099998,-1.3,30.4,22.408333,3.2833333,23.541668,3.2833333,1846,266,53.5,49.49444,713,192.5,693,192.5,0.46881294,11.8766,0,0,12,0.690192,36.6459,9,9,0
D031,NR038,S001,NR038_S001,AS,Japan,rivers around Lake Biwa,2,Palearctic,PA04,AS2,136.378215,34.852914,136.3786719,34.852914,136.378,34.8529,0,NA,64.74053,199,1.344,115710.64,13.7625,7.941667,26.210121,824.8208,29.5,-0.8,30.3,23.45,3.9333334,24.033333,3.9333334,1721,251,47,50.043762,655,168,638,168,3.4449506,61.614326,0,0,12,0.732939,40,8,6,7244.72657417101
D031,NR038,S002,NR038_S002,AS,Japan,rivers around Lake Biwa,2,Palearctic,PA04,AS2,136.417867,34.909497,136.417867,34.909497,136.419,34.9097,9,NA,24.731083,213,1.338,45474.613,13.572916,7.975,26.320133,825.521,29.3,-0.95,30.3,23,3.6916666,23.841667,3.6916666,1749,254.5,48.5,49.780144,669,175,649.5,175,1.2516708,23.77827,0,0,21,0.498004,21.2835,5,8,7244.72657417101
D031,NR039,S001,NR039_S001,AS,Japan,rivers around Lake Biwa,2,Palearctic,PA04,AS2,136.101139,34.778276,136.1011747,34.77881138,136.101,34.7779,0,NA,501.63312,140.5,7.5754995,860834.5,14.24375,9.370833,29.428722,838.5647,30.8,-1.1,31.9,24.283333,4.2,24.666666,4.2,1585,234.5,41,49.85201,609,155,583.5,155,130.31535,349.62653,0.54825985,23.197912,23,0.695171,39,9,8,3791.5323405462
D031,NR039,S002,NR039_S002,AS,Japan,rivers around Lake Biwa,2,Palearctic,PA04,AS2,136.054023,34.8405,136.054556,34.84110914,136.055,34.8407,1,NA,16.234715,498,0.523,28557.186,12.418751,8.6125,27.822578,832.47546,28.6,-2.4,31,22.366667,2.45,22.766666,2.45,1741,255,49,49.13114,671.5,180,645.5,180,0.86151195,15.429809,0.15662843,0,12,0.428517,15,5,6,3791.5323405462
D031,NR039,S003,NR039_S003,AS,Japan,rivers around Lake Biwa,2,Palearctic,PA04,AS2,136.072476,34.894795,136.072476,34.894795,136.073,34.8967,0,NA,73.06591,344,2.135,125073.734,13.014584,8.766666,28.080029,837.77966,29.4,-1.8499999,31.25,23.016666,3,23.441666,3,1659.5,243.5,48,48.43248,636,177.5,607.5,177.5,13.778231,57.23313,0.15662843,1.9566711,12,0.624913,29,7,6,3791.5323405462
D031,NR039,S004,NR039_S004,AS,Japan,rivers around Lake Biwa,2,Palearctic,PA04,AS2,136.024762,34.999701,136.0254758,34.999701,136.025,34.9997,11,NA,12.38231,246,0.186,20599.594,13.927083,8.833334,28.068813,843.2345,30.5,-0.95,31.5,21.091667,3.8666668,24.408333,3.8666668,1619,235.5,53,46.02208,612,192,579,192,1.4068077,10.943823,0,0.3126083,51,0.794584,40.2322,10,10,3791.5323405462
D031,NR039,S005,NR039_S005,AS,Japan,rivers around Lake Biwa,2,Palearctic,PA04,AS2,136.293919,34.927101,136.2946043,34.92698679,136.294,34.9273,12,NA,42.97957,310,1.12,79286.05,13.083333,8.308333,26.860842,835.65436,29.2,-1.7,30.900002,23.016666,3.1,23.45,3.1,1748,253,53,47.784824,666,190,643,190,5.0844812,36.3724,0,0.46933258,51,0.641532,32,8,6,3791.5323405462
D031,NR039,S006,NR039_S006,AS,Japan,rivers around Lake Biwa,2,Palearctic,PA04,AS2,136.337809,34.955425,136.337809,34.955425,136.338,34.9554,10,NA,46.997513,464,0.74300003,94467.75,12.170834,8.05,26.25683,835.6438,28.1,-2.5,30.699999,22.066668,2.1333334,22.516666,2.1333334,1893,266,61,47.04257,721,213,705,213,0.15634261,47.051365,0,0,52,0.535451,16,2,6,3791.5323405462
D031,NR039,S007,NR039_S007,AS,Japan,rivers around Lake Biwa,2,Palearctic,PA04,AS2,136.385648,34.993701,136.385648,34.993701,136.386,34.9937,12,NA,8.650574,766.5,0.362,18176.543,10.885416,8.054167,26.391165,834.4904,26.75,-3.8000002,30.599998,20.791668,0.8166666,21.191666,0.8166666,2093,285.5,70,46.960907,807,236,801.5,236,0,8.830023,0,0,52,0.400196,16,1,7,3791.5323405462
D031,NR039,S008,NR039_S008,AS,Japan,rivers around Lake Biwa,2,Palearctic,PA04,AS2,136.160979,34.933077,136.160979,34.933077,136.161,34.9331,21,NA,98.56681,190,0.413,164985.77,13.891666,8.908333,28.2173,840.89905,30.4,-1.1,31.5,20.933334,3.8333333,24.333332,3.8333333,1632,239,48,48.143627,622,176,593,176,37.320732,53.83226,0,6.102035,21,0.810513,36,10,8,3791.5323405462
D031,NR039,S009,NR039_S009,AS,Japan,rivers around Lake Biwa,2,Palearctic,PA04,AS2,136.100293,34.998154,136.100293,34.998154,136.1,34.9982,15,NA,306.0473,151,0.247,537430.6,14.266666,8.754167,27.923985,842.0171,30.8,-0.6,31.4,21.225,4.225,24.733334,4.225,1624.5,235,54,45.849655,614,194.5,582.5,194.5,83.22203,202.00061,0,21.190735,21,0.808888,45.9896,10,9,3791.5323405462
D031,NR039,S010,NR039_S010,AS,Japan,rivers around Lake Biwa,2,Palearctic,PA04,AS2,136.318392,34.989384,136.3185586,34.98964574,136.319,34.9898,1,NA,5.2051387,484.5,0.448,9979.432,11.802084,8.116667,26.395733,838.5598,27.849998,-2.95,30.8,21.733334,1.7416667,22.175,1.7416667,1927.5,266.5,64.5,46.040085,733.5,221.5,720,221.5,0,5.158141,0,0,51,0.443136,11,1,6,3791.5323405462
D031,NR039,S011,NR039_S011,AS,Japan,rivers around Lake Biwa,2,Palearctic,PA04,AS2,136.266807,35.006961,136.2662716,35.00707997,136.267,35.0078,2,NA,21.733007,244,0.448,39961.934,13.3375,8.283333,26.763624,838.7805,29.55,-1.4,30.95,20.191666,3.2833333,23.758333,3.2833333,1713.5,246.5,57.5,45.94729,644,203.5,612,203.5,3.438418,17.504547,0,0.23441842,12,0.697449,27,5,7,3791.5323405462
D031,NR039,S012,NR039_S012,AS,Japan,rivers around Lake Biwa,2,Palearctic,PA04,AS2,136.226188,35.004208,136.2261464,35.00448164,136.226,35.0054,23,NA,42.35797,198,0.445,74957.195,13.754167,8.608334,27.625937,838.9616,30.1,-1.1,31.2,20.65,3.7166665,24.166666,3.7166665,1668,242,54,45.84503,628,198,590,198,10.628147,29.229103,0,1.8753898,21,0.59272,42,9,7,3791.5323405462
D031,NR039,S013,NR039_S013,AS,Japan,rivers around Lake Biwa,2,Palearctic,PA04,AS2,136.417577,35.100441,136.4139364,35.09887056,136.414,35.0978,4,NA,3.3301916,753,0.69449997,6919.7207,11.033333,8.058333,26.334423,836.1918,27.05,-3.55,30.55,20.966667,0.98333335,21.383335,0.98333335,2083,287,71,46.64857,804.5,242.5,797,242.5,0,3.122479,0,0,52,0.41097,14,1,5,3791.5323405462
D031,NR039,S014,NR039_S014,AS,Japan,rivers around Lake Biwa,2,Palearctic,PA04,AS2,136.385444,35.091667,136.385342,35.09207491,136.385,35.0917,7,NA,68.130905,573,0.889,141991.78,11.625,7.991667,26.116558,841.47046,27.75,-3,30.7,21.608334,1.5,22.041666,1.5,1991,274.5,70,45.679817,757,238,744.5,238,0.624164,66.817,0.46789816,0,52,0.491316,10,1,5,3791.5323405462
D031,NR039,S015,NR039_S015,AS,Japan,rivers around Lake Biwa,2,Palearctic,PA04,AS2,136.407374,35.147866,136.407374,35.147866,136.407,35.1479,2,NA,16.353924,739.5,1.06,34526.984,11.047916,8.079166,26.332336,844.1011,27.1,-3.65,30.8,21.058332,0.8666667,21.466667,0.8666667,2087.5,286.5,78,44.840237,793.5,262,785,262,0.31192768,14.739311,0.6238207,0,52,0.412898,7.36644,2,5,3791.5323405462
D031,NR039,S016,NR039_S016,AS,Japan,rivers around Lake Biwa,2,Palearctic,PA04,AS2,136.365575,35.126914,136.365575,35.126914,136.367,35.125,3,NA,24.597473,554,1.06,51328.785,11.641666,8.033333,26.08225,845.8428,27.8,-3,30.800001,21.699999,1.4666667,22.116667,1.4666667,1986,273,73,44.341015,748,249,732,249,0.31192768,23.086945,0.6238207,0,52,0.432486,7.52698,2,5,3791.5323405462
D031,NR039,S017,NR039_S017,AS,Japan,rivers around Lake Biwa,2,Palearctic,PA04,AS2,136.248269,35.099087,136.2487259,35.09960096,136.248,35.0996,0,NA,183.80545,172,5.982,367360.8,13.870833,8.358334,26.968716,842.9961,30.2,-0.8,31,20.783333,6.2333336,24.35,3.7666667,1699,244,65,42.63537,632,227,584,228,15.690604,166.26038,1.3256373,0.9368796,21,0.812224,36,10,8,3791.5323405462
D031,NR039,S018,NR039_S018,AS,Japan,rivers around Lake Biwa,2,Palearctic,PA04,AS2,136.302675,35.157444,136.3028535,35.15791989,136.303,35.1578,1,NA,6.2695265,538,0.581,12177.554,11.966666,8.058333,26.190475,843.2974,28.1,-2.6,30.699999,22,1.8666667,22.45,1.8666667,1933,266,74,43.351974,721,250,702,250,0,6.708471,0,0,12,0.435915,18,7,7,3791.5323405462
D031,NR039,S019,NR039_S019,AS,Japan,rivers around Lake Biwa,2,Palearctic,PA04,AS2,136.239762,35.166215,136.239762,35.16704781,136.238,35.1643,0,NA,11.190469,125,0.169,20940.832,14.3,8.349999,26.935482,846.67535,30.7,-0.3,31,21.233334,6.65,24.85,4.2,1690,239,72,39.728092,617,245,563,252,1.8718804,9.126386,0,0.2339957,21,0.806484,36,9,9,3791.5323405462
D031,NR039,S020,NR039_S020,AS,Japan,rivers around Lake Biwa,2,Palearctic,PA04,AS2,136.324216,35.125554,136.324216,35.125554,136.324,35.1256,10,NA,4.171504,589,0.679,8237.761,11.725,8.141666,26.490562,841.2456,27.849998,-2.9,30.75,21.724998,1.625,22.158333,1.625,1965.5,269.5,73.5,44.013218,740.5,247.5,724,247.5,0,4.369544,0,0,12,0.440046,10.6295,2,7,3791.5323405462
D031,NR039,S021,NR039_S021,AS,Japan,rivers around Lake Biwa,2,Palearctic,PA04,AS2,136.352101,35.211982,136.352101,35.211982,136.352,35.212,2,NA,19.186974,525,1.087,38809.566,11.914583,7.854167,25.583605,849.06335,28.1,-2.6,30.699999,21.991667,1.6916666,22.433334,1.6916666,1962,269,79,42.213596,727.5,265,706.5,265,0.07794793,18.785095,0,0,52,0.411338,17,4,5,3791.5323405462
D031,NR039,S022,NR039_S022,AS,Japan,rivers around Lake Biwa,2,Palearctic,PA04,AS2,136.317105,35.189108,136.317105,35.189108,136.317,35.1889,7,NA,78.46549,303,1.087,153031.39,12.825,7.7166667,25.218578,848.84534,29,-1.6,30.6,19.966667,5.2,23.366667,2.65,1822,254,75,41.021282,669,255,631,258,0.46770358,78.76079,0,0.0779506,23,0.514714,11.8525,5,6,3791.5323405462
D031,NR039,S023,NR039_S023,AS,Japan,rivers around Lake Biwa,2,Palearctic,PA04,AS2,136.348679,35.138625,136.348679,35.138625,136.349,35.1386,9,NA,13.518704,552,0.679,26727.17,11.754167,8.025,26.055195,843.58124,27.9,-2.9,30.7,21.8,1.6,22.233334,1.6,1965,270,73,44.331192,741,246,724,246,0,14.2792,0,0,52,0.419681,7.68149,1,6,3791.5323405462
D031,NR039,S024,NR039_S024,AS,Japan,rivers around Lake Biwa,2,Palearctic,PA04,AS2,136.337854,35.208581,136.3368342,35.20788756,136.338,35.2086,5,NA,23.55109,462,1.087,47309.473,12.141666,7.8416667,25.542889,849.1184,28.3,-2.4,30.7,21.916666,4.5333333,22.666666,1.9499999,1934,264,79,41.36764,711,267,689,267,0.15589586,23.384579,0,0.0779506,52,0.405144,14,5,5,3791.5323405462
D031,NR039,S025,NR039_S025,AS,Japan,rivers around Lake Biwa,2,Palearctic,PA04,AS2,136.277788,35.207331,136.2778475,35.20798535,136.278,35.2076,3,NA,90.19791,164.5,3.87,173774.19,13.69375,7.7875,25.491135,846.8496,29.95,-0.6,30.55,20.575,6.0916667,24.25,3.6000001,1729,242.5,76,38.92384,627,256.5,574,263,2.6504698,87.88002,0,0.15591186,23,0.712314,36,9,9,3791.5323405462
D031,NR039,S026,NR039_S026,AS,Japan,rivers around Lake Biwa,2,Palearctic,PA04,AS2,136.317732,35.244176,136.317868,35.24471988,136.319,35.2442,10,NA,44.62771,336,1.378,88990.75,12.6375,7.775,25.394215,847.24927,28.849998,-1.75,30.6,20.225,5,23.183334,2.4416666,1869.5,252.5,85,39.113617,673,277,645,280,0.7009522,44.949524,0.6230202,0,23,0.461184,18,6,8,3791.5323405462
D031,NR039,S027,NR039_S027,AS,Japan,rivers around Lake Biwa,2,Palearctic,PA04,AS2,136.281471,35.236258,136.281471,35.236258,136.281,35.2363,10,NA,59.735397,161,1.9035,115828.96,13.7625,7.7958336,25.518322,846.5896,30,-0.5,30.5,20.641666,6.166667,24.316666,3.6583333,1741.5,242.5,80.5,37.62007,627.5,267.5,573.5,275.5,4.753345,51.41907,0.6230202,1.0131364,23,0.678335,44,10,8,3791.5323405462
D031,NR039,S028,NR039_S028,AS,Japan,rivers around Lake Biwa,2,Palearctic,PA04,AS2,136.295161,35.275648,136.2951015,35.27630235,136.295,35.2756,7,NA,7.9204655,222,0.809,14329.532,13.383333,7.641667,25.10929,848.2829,29.6,-0.9,30.5,20.316668,5.8,23.966667,3.25,1791,243,88,36.337967,634,284,587,291,0.15577842,7.9434175,0,0,21,0.597346,40,9,9,3791.5323405462
D031,NR039,S029,NR039_S029,AS,Japan,rivers around Lake Biwa,2,Palearctic,PA04,AS2,136.344649,35.317782,136.3454818,35.31772251,136.345,35.3178,10,NA,17.568808,310.5,0.195,34257.035,12.847917,7.554167,24.740437,850.3225,29.1,-1.5,30.55,19.849998,5.2250004,23.416668,2.6750002,1881.5,252,88.5,37.4522,669.5,286.5,639.5,291.5,0.23352867,18.453716,0,0.07784111,51,0.565287,42,8,8,3791.5323405462
D031,NR039,S030,NR039_S030,AS,Japan,rivers around Lake Biwa,2,Palearctic,PA04,AS2,136.305725,35.331087,136.3060785,35.33133174,136.305,35.3288,9,NA,107.79559,138.5,3.573,203817.64,13.789583,7.5333333,24.712666,850.1011,30,-0.4,30.45,20.683332,6.1833334,24.383333,3.6499999,1792,238.5,94,33.928947,623,301,568,311,30.18765,74.56392,0.31114218,3.8123198,21,0.729697,36,9,9,3791.5323405462
D031,NR039,S031,NR039_S031,AS,Japan,rivers around Lake Biwa,2,Palearctic,PA04,AS2,136.361083,35.510402,136.361083,35.510402,136.361,35.5106,1,NA,16.31656,745,0.372,35636.645,10.5,8.016666,25.723473,866.5562,27,-4.2,31.199999,21.166666,2.6,21.166666,0.06666666,2180,286,112,36.043552,783,353,783,353,0.31058967,15.295109,0,0,53,0.400563,10,0,6,3791.5323405462
D031,NR039,S032,NR039_S032,AS,Japan,rivers around Lake Biwa,2,Palearctic,PA04,AS2,136.36966,35.431773,136.3694887,35.43114482,136.37,35.4318,5,NA,61.35408,422,1.842,131393.28,12.366667,7.8999996,25.566343,855.84125,28.8,-2.2,30.9,22.266666,4.7,22.95,2.1333334,2038,263,109,33.57368,698,348,687,353,0.31058967,59.889915,0,0,51,0.462546,17,6,7,3791.5323405462
D031,NR039,S033,NR039_S033,AS,Japan,rivers around Lake Biwa,2,Palearctic,PA04,AS2,136.298138,35.516375,136.2988816,35.51646423,136.299,35.5163,2,NA,7.5118465,759,0.566,16180.01,10.541667,8.058333,25.732212,866.4364,26.95,-4.3,31.25,21.191666,2.8333335,21.191666,0.14166671,2157.5,281.5,114,35.03854,765,359.5,765,360,0,7.763938,0,0,51,0.396146,8.33947,0,7,3791.5323405462
D031,NR039,S034,NR039_S034,AS,Japan,rivers around Lake Biwa,2,Palearctic,PA04,AS2,136.306893,35.501074,136.307114,35.50122697,136.307,35.5011,1,NA,12.313744,543.5,0.566,26147.387,11.5375,7.833333,25.22776,863.1593,27.9,-3.1,31,21.75,3.875,22.158333,1.2333333,2090,267.5,116,31.536404,716,378,712.5,382.5,0,11.880028,0,0,51,0.422636,7.52698,0,7,3791.5323405462
D031,NR039,S035,NR039_S035,AS,Japan,rivers around Lake Biwa,2,Palearctic,PA04,AS2,136.279868,35.571327,136.279868,35.571327,136.28,35.5713,0,NA,31.60559,422,0.477,68190.97,11.816667,7.616667,24.569893,870.15704,28.3,-2.7,31,22.016666,8.583333,22.55,1.35,2124,262,124,27.086258,690,415,687,433,0,30.181524,0,0,51,0.445625,14,0,6,3791.5323405462
D031,NR039,S036,NR039_S036,AS,Japan,rivers around Lake Biwa,2,Palearctic,PA04,AS2,136.165653,35.666332,136.1662717,35.66628441,136.166,35.6664,1,NA,12.067583,543,0.29,26051.258,11.608334,7.858333,25.267952,861.9678,28.1,-3,31.1,22.15,8.516666,22.25,1.3166666,2157,256,132,24.284447,682,441,682,468,0.23243527,11.935543,0,0,12,0.444124,15.9844,4,6,3791.5323405462
D031,NR039,S037,NR039_S037,AS,Japan,rivers around Lake Biwa,2,Palearctic,PA04,AS2,136.227512,35.612647,136.2270361,35.61306341,136.227,35.6128,1,NA,92.07501,426,2.2245,199929.5,11.791667,7.5916667,24.489246,866.84467,28.3,-2.7,31,22,8.633333,22.533333,1.35,2145,255,131,24.078995,672,439,672,471,0.3874029,91.78291,0,0,52,0.407779,12,0,4,3791.5323405462
D031,NR039,S038,NR039_S038,AS,Japan,rivers around Lake Biwa,2,Palearctic,PA04,AS2,136.245095,35.482205,136.2455519,35.482205,136.25,35.4806,2,NA,197.78442,166.5,10.321,423116.44,13.33125,7.2749996,23.970455,855.2898,29.55,-0.85,30.4,20.258333,10.183332,23.966667,3.1,1992,232.5,123,23.370686,619.5,408.5,588,452,1.9410747,195.69107,0,0,21,0.804339,43,9,8,3791.5323405462
D031,NR039,S039,NR039_S039,AS,Japan,rivers around Lake Biwa,2,Palearctic,PA04,AS2,136.256542,35.414799,136.2485946,35.42131872,136.257,35.4121,11,NA,402.11124,91,0.98,841321.4,14.2,8.075,26.048388,854.99194,30.7,-0.3,31,21.2,10.933333,24.833334,3.9666667,1890,231,113,25.648497,607,378,563,406,39.01314,356.86823,0,5.8291106,21,0.785833,44,9,9,3791.5323405462
D031,NR039,S040,NR039_S040,AS,Japan,rivers around Lake Biwa,2,Palearctic,PA04,AS2,136.191751,35.574176,136.1920484,35.57423549,136.193,35.5747,7,NA,17.257915,367,1.24,36651.754,12.454166,7.5916667,24.64827,857.6377,28.8,-2,30.8,19.816668,9.35,23.066666,2.2,2101,245,130,22.9627,647,434,640,476,0,16.67722,0,0,51,0.464973,15,2,5,3791.5323405462
D031,NR039,S041,NR039_S041,AS,Japan,rivers around Lake Biwa,2,Palearctic,PA04,AS2,136.20763,35.533011,136.2077787,35.53196999,136.208,35.5329,6,NA,40.473633,193,0.772,80621.97,13.425,7.3916664,24.289618,852.0229,29.7,-0.7,30.400002,20.333334,10.316667,24.033333,3.2333333,2037,230,129,21.6712,612,436,582,493,4.191717,33.288433,0,0.23287708,51,0.764565,27,6,5,3791.5323405462
D031,NR039,S042,NR039_S042,AS,Japan,rivers around Lake Biwa,2,Palearctic,PA04,AS2,136.15257,35.533465,136.15274,35.53383892,136.153,35.5338,11,NA,19.244991,182.5,0.364,39776.83,13.3125,7.3,24.052738,850.8439,29.6,-0.8,30.4,20.216667,6.575,23.908333,3.1666665,2056.5,226.5,132,20.765957,606,447.5,579,522,0.31052786,17.851374,0,0,51,0.535467,25,3,6,3791.5323405462
D031,NR039,S043,NR039_S043,AS,Japan,rivers around Lake Biwa,2,Palearctic,PA04,AS2,136.122872,35.504054,136.1229315,35.50441092,136.124,35.5038,13,NA,15.421387,135,0.663,31541.8,13.579166,7.25,23.927393,850.03064,29.8,-0.4,30.3,20.45,6.7833333,24.166666,3.4333334,2028,224,130,20.708351,597,444,565,517,1.3200605,13.586334,0,0,51,0.651295,26,4,6,3791.5323405462
D031,NR039,S044,NR039_S044,AS,Japan,rivers around Lake Biwa,2,Palearctic,PA04,AS2,136.091018,35.513494,136.092065,35.51363677,136.091,35.5137,0,NA,5.1990185,464,0.896,10753.951,12.235416,7.6416664,24.891422,856.6185,28.6,-2.1,30.7,20.633333,9.108334,22.866667,2.0083332,2059.5,245.5,123.5,24.879732,648.5,412.5,643.5,441.5,0.31053323,4.736219,0,0,51,0.408733,17,3,6,3791.5323405462
D031,NR039,S045,NR039_S045,AS,Japan,rivers around Lake Biwa,2,Palearctic,PA04,AS2,136.090939,35.509188,136.0911633,35.50878009,136.091,35.509,5,NA,5.793107,409.5,0.896,11985.97,12.314584,7.5875,24.714985,856.5168,28.7,-2,30.7,20.825,9.183332,22.95,2.0916667,2059.5,244,125,24.005413,644.5,416.5,638.5,449.5,0.15526661,5.668044,0,0,51,0.408098,17,3,6,3791.5323405462
D031,NR039,S046,NR039_S046,AS,Japan,rivers around Lake Biwa,2,Palearctic,PA04,AS2,136.050813,35.464836,136.0512699,35.46523575,136.051,35.4648,9,NA,49.34191,154,2.123,100540.33,13.420834,7.3791666,24.313652,853.83435,29.75,-0.65,30.4,20.366667,9.708334,24.05,3.1999998,1988.5,221,127.5,20.688248,589,435,561.5,498,5.9033475,42.403465,0,0,12,0.694779,36,7,6,3791.5323405462
D031,NR039,S047,NR039_S047,AS,Japan,rivers around Lake Biwa,2,Palearctic,PA04,AS2,136.00834,35.452582,136.008854,35.45298175,136.009,35.4528,3,NA,10.062229,372.5,0.71,20448.44,12.504167,7.7,25,861.54126,29,-1.8,30.800001,19.883333,9.341667,23.175,2.2166667,1987.5,235,121,24.367867,623.5,401.5,612.5,430.5,0,10.255365,0,0,12,0.427975,12.7282,4,6,3791.5323405462
D031,NR039,S048,NR039_S048,AS,Japan,rivers around Lake Biwa,2,Palearctic,PA04,AS2,135.761006,35.340176,135.761006,35.340176,135.761,35.3404,0,NA,4.370146,716,1.12,8567.732,10.810417,8.0875,25.90812,863.8784,27.3,-3.95,31.25,21.108334,3.0916667,21.466667,0.42499998,1959,249,105,32.59573,675.5,336.5,670.5,339,0,4.2797575,0,0,51,0.272006,4.41508,0,4,3791.5323405462
D031,NR039,S049,NR039_S049,AS,Japan,rivers around Lake Biwa,2,Palearctic,PA04,AS2,136.00923,35.433404,136.009211,35.43376568,136.009,35.4334,1,NA,3.2738054,511.5,0.69449997,6502.001,12.022917,7.9625006,25.644169,857.34106,28.55,-2.5,31.05,21.941666,8.875,22.658333,1.7833333,1991,245.5,115.5,27.839594,653,383.5,646,395.5,0.4663664,2.8757398,0,0,12,0.466214,16,6,6,3791.5323405462
D031,NR039,S050,NR039_S050,AS,Japan,rivers around Lake Biwa,2,Palearctic,PA04,AS2,135.969911,35.466081,135.9705297,35.46615238,135.97,35.4661,8,NA,7.809469,717,0.355,16191.324,10.995833,7.958333,25.667734,860.4266,27.4,-3.6,31.099998,21.233334,3.4,21.616667,0.7,2073,257,118,29.736687,696,385,693,389,0.46604437,7.6126914,0,0,51,0.371857,15,1,6,3791.5323405462
D031,NR039,S051,NR039_S051,AS,Japan,rivers around Lake Biwa,2,Palearctic,PA04,AS2,135.969696,35.452204,135.9702229,35.45232637,135.97,35.4522,5,NA,15.027537,572,0.355,30711.172,11.558333,7.8999996,25.403227,862.8845,28.1,-3,31.1,21.85,8.266666,22.233334,1.2333333,2017,250,117,28.416426,668,382,662,391,0.5437703,15.461579,0,0,51,0.38236,15,1,6,3791.5323405462
D031,NR039,S052,NR039_S052,AS,Japan,rivers around Lake Biwa,2,Palearctic,PA04,AS2,135.948195,35.414684,135.948902,35.41484716,135.948,35.4147,1,NA,30.115162,393,1.07,60699.71,12.827084,7.8374996,25.323103,856.40845,29.3,-1.6,30.9,19.941666,9.65,23.466667,2.6083333,1943.5,229.5,117.5,25.014858,613,387.5,593.5,410,0.5437703,29.76173,0,0,51,0.442568,15,0,7,3791.5323405462
D031,NR039,S053,NR039_S053,AS,Japan,rivers around Lake Biwa,2,Palearctic,PA04,AS2,136.020474,35.413956,136.020474,35.41466984,136.02,35.4155,7,NA,53.23663,123,2.008,105189.57,14.022917,7.7208333,25.286884,847.76416,30.4,-0.15,30.55,20.916668,10.9,24.591667,3.9416666,1904,219.5,121,22.10758,582.5,401.5,553.5,446.5,3.8096194,49.19996,0,0,21,0.751927,33,8,7,3791.5323405462
D031,NR039,S054,NR039_S054,AS,Japan,rivers around Lake Biwa,2,Palearctic,PA04,AS2,136.024104,35.399078,136.0245323,35.39969666,136.025,35.3995,2,NA,6.4606705,209,0.511,12133.24,13.722917,7.929167,25.746471,849.0571,30.25,-0.6,30.85,20.666668,10.533333,24.316668,3.6333334,1881.5,222,115,23.905046,591,380,564,414,1.3220301,5.055151,0,0,21,0.84681,41,8,7,3791.5323405462
D031,NR039,S055,NR039_S055,AS,Japan,rivers around Lake Biwa,2,Palearctic,PA04,AS2,135.864376,35.374975,135.8644331,35.37571739,135.864,35.3754,2,NA,20.992115,449,1.112,40750.53,12.183333,7.975,25.643087,858.80023,28.7,-2.3,31,22.05,4.5333333,22.833334,1.9166667,1914,233,113,28.099873,626,365,617,371,0,19.442795,0,0,51,0.30461,13,0,5,3791.5323405462
D031,NR039,S056,NR039_S056,AS,Japan,rivers around Lake Biwa,2,Palearctic,PA04,AS2,135.827084,35.40187,135.8279406,35.40215554,135.828,35.4022,0,NA,3.667224,634.5,0.135,7213.7505,11.322916,7.991667,25.696678,860.1576,27.8,-3.3,31.099998,21.583332,3.6833334,21.941666,1.0333333,1973.5,245,114.5,29.811646,662.5,362.5,657.5,366.5,0,3.4213946,0,0,51,0.276076,9,0,5,3791.5323405462
D031,NR039,S057,NR039_S057,AS,Japan,rivers around Lake Biwa,2,Palearctic,PA04,AS2,135.853992,35.326777,135.853992,35.32711692,135.854,35.3268,0,NA,18.061834,468,0.829,34532.414,12.079166,7.9083333,25.591398,859.3853,28.5,-2.4,31,22.266666,4.366667,22.7,1.7833334,1890,236,108,30.405308,635,342,622,346,0,18.208456,0,0,52,0.302312,4.8525,0,4,3791.5323405462
D031,NR039,S058,NR039_S058,AS,Japan,rivers around Lake Biwa,2,Palearctic,PA04,AS2,135.826707,35.358727,135.8270639,35.35876983,135.827,35.3585,0,NA,5.762345,516,0.829,11137.869,11.804167,8.058333,25.830654,861.6171,28.4,-2.8,31.199999,22.1,4.116667,22.483334,1.4833333,1922,236,112,29.523687,637,353,631,358,0,5.2121487,0,0,51,0.360721,5.62955,0,4,3791.5323405462
D031,NR039,S059,NR039_S059,AS,Japan,rivers around Lake Biwa,2,Palearctic,PA04,AS2,135.79053,35.357887,135.79053,35.357887,135.791,35.3579,0,NA,5.5531797,578,0.259,10705.416,11.4625,8.075,25.88141,864.5015,28,-3.2,31.2,21.766666,3.7333333,22.15,1.0833333,1927,240,110,30.217712,648,349,643,355,0,5.7577004,0,0,51,0.415035,4.8525,0,4,3791.5323405462
D031,NR039,S060,NR039_S060,AS,Japan,rivers around Lake Biwa,2,Palearctic,PA04,AS2,135.831111,35.310136,135.8320356,35.31024478,135.831,35.3101,4,NA,28.946663,545,1.441,55677.06,11.641666,7.9833336,25.752687,860.5604,28.1,-2.9,31,21.908333,3.9333334,22.275,1.325,1897,240.5,104,31.965057,649,331,638.5,334,0,28.170074,0,0,52,0.356385,7.39648,0,7,3791.5323405462
D031,NR039,S061,NR039_S061,AS,Japan,rivers around Lake Biwa,2,Palearctic,PA04,AS2,135.805019,35.300575,135.8045621,35.30060355,135.805,35.3006,3,NA,6.4465284,700.5,0.5,12596.8125,10.9,8.116667,26.098606,861.0415,27.349998,-3.75,31.1,21.166668,3.2,21.516666,0.5833333,1950,250,101,34.40564,683,323,676.5,323.5,0,6.4619484,0,0,52,0.44129,8.4367,0,8,3791.5323405462
D031,NR039,S062,NR039_S062,AS,Japan,rivers around Lake Biwa,2,Palearctic,PA04,AS2,135.83249,35.265002,135.83249,35.265002,135.832,35.265,5,NA,26.796917,558,0.188,51249.66,11.666667,8.091667,26.10215,860.063,28.2,-2.9,31.1,21.966667,3.9166667,22.3,1.3333333,1881,241,95,34.19798,650,310,638,313,0,27.102425,0,0,52,0.47149,13,0,9,3791.5323405462
D031,NR039,S063,NR039_S063,AS,Japan,rivers around Lake Biwa,2,Palearctic,PA04,AS2,135.859692,35.19448,135.8596512,35.19397012,135.86,35.1943,3,NA,20.814178,641,0.667,39601.3,11.358334,8.108334,26.325756,848.8944,27.6,-3.1999998,30.8,21.508333,3.7583332,21.883333,1.2166667,1885.5,248.5,85.5,38.049347,678,284,664.5,284.5,0,21.130348,0,0,51,0.507007,16.25,3,9,3791.5323405462
D031,NR039,S064,NR039_S064,AS,Japan,rivers around Lake Biwa,2,Palearctic,PA04,AS2,135.895667,35.318065,135.8963713,35.31795079,135.896,35.318,4,NA,168.10161,438,5.901,322638.06,12.241667,7.833333,25.4329,856.39526,28.7,-2.1,30.8,21.816668,4.55,22.866667,1.9666667,1877,237,104,31.241646,634,330,620,337,0.31177306,166.45406,0.23385179,0,52,0.430669,12,0,4,3791.5323405462
D031,NR039,S065,NR039_S065,AS,Japan,rivers around Lake Biwa,2,Palearctic,PA04,AS2,135.98825,35.352396,135.9880787,35.35296707,135.989,35.353,20,NA,295.2773,183,10.138,563352.6,13.733334,7.845834,25.55646,850.33704,30.2,-0.6,30.8,20.666666,10.533333,24.341667,3.6166668,1835.5,223,113,24.572105,587.5,368.5,555,399,6.613376,284.55035,0.07794793,0.1556207,51,0.726456,27,8,8,3791.5323405462
D031,NR039,S066,NR039_S066,AS,Japan,rivers around Lake Biwa,2,Palearctic,PA04,AS2,136.023137,35.317324,136.0261637,35.32132149,136.027,35.3217,11,NA,320.80008,97.5,0.5,609721.6,14.33125,7.9625,25.9772,843.0149,30.75,0.1,30.6,21.2,11.191667,24.866667,4.3583336,1812.5,221,110,25.723713,582,357,545.5,378.5,18.59776,298.1579,0.1559012,1.5565816,21,0.830853,42,9,7,3791.5323405462
D031,NR039,S067,NR039_S067,AS,Japan,rivers around Lake Biwa,2,Palearctic,PA04,AS2,135.98562,35.269512,135.9863338,35.27036861,135.986,35.2695,0,NA,4.724364,512,0.39,8782.726,12.345834,7.7416663,25.46601,833.583,28.5,-1.9,30.4,21.966667,5.0166664,22.783333,2.4666667,1869,242,95,34.583935,651,306,634,315,0,4.8285713,0,0,51,0.628452,31.3944,5,7,3791.5323405462
D031,NR039,S068,NR039_S068,AS,Japan,rivers around Lake Biwa,2,Palearctic,PA04,AS2,135.964572,35.253256,135.9654286,35.25389845,135.966,35.2543,0,NA,3.561414,440,0.69449997,6647.321,12.6875,7.6916666,25.385038,828.97015,28.8,-1.5,30.3,21.916668,5.483333,23.05,2.9,1857,242,95,34.35516,646,307,626,345,0,3.7388985,0,0,51,0.523718,32.6459,6,7,3791.5323405462
D031,NR039,S069,NR039_S069,AS,Japan,rivers around Lake Biwa,2,Palearctic,PA04,AS2,135.931773,35.236358,135.931773,35.236358,135.932,35.2371,0,NA,5.2451763,607,0.307,10098.243,11.820833,7.991667,26.031487,836.37054,28.1,-2.6,30.699999,21.116667,4.4166665,22.25,1.8833333,1923,252,93,36.56585,687,302,672,302,0,5.687603,0,0,12,0.525276,30.9077,8,8,3791.5323405462
D031,NR039,S070,NR039_S070,AS,Japan,rivers around Lake Biwa,2,Palearctic,PA04,AS2,136.026632,35.378875,136.026632,35.378875,136.027,35.3787,1,NA,1.7362361,200,0.17,3221.796,13.908334,8.05,26.105717,847.3483,30.4,-0.4,30.800001,20.85,10.716667,24.466667,3.85,1854,221,114,24.260504,587,373,556,402,0.07778223,2.0224316,0,0,21,0.730454,41,8,7,3791.5323405462
D031,NR039,S071,NR039_S071,AS,Japan,rivers around Lake Biwa,2,Palearctic,PA04,AS2,135.910228,35.182154,135.9102994,35.18301061,135.91,35.1822,7,NA,2.7998106,547,0.69449997,5270.839,12.275,8.116667,26.438654,835.067,28.5,-2.2,30.599998,20.383333,4.8333335,22.7,2.3333333,1845,245,84,37.91396,662,278,645,281,0.15594386,2.6507976,0.077953264,0,51,0.689107,44,8,8,3791.5323405462
D031,NR039,S072,NR039_S072,AS,Japan,rivers around Lake Biwa,2,Palearctic,PA04,AS2,135.922148,35.205229,135.9228142,35.20556212,135.923,35.2047,7,NA,2.1467085,265,0.221,3828.7852,13.608334,7.5666666,25.138428,828.7116,29.7,-0.4,30.1,20.916668,6.4166665,24,3.8333333,1751,233,89,34.4932,610,291,581,330,0.23385179,1.6368667,0,0,12,0.777703,43.5,8,8,3791.5323405462
D031,NR039,S073,NR039_S073,AS,Japan,rivers around Lake Biwa,2,Palearctic,PA04,AS2,135.918745,35.166379,135.918745,35.16716422,135.917,35.1678,9,NA,3.516358,168.5,0.654,6101.0913,14.28125,8.045834,26.292294,832.1672,30.55,0.05,30.5,21.058334,6.9,24.7,4.458333,1676,226.5,77,36.27723,593.5,259.5,558.5,264.5,0.3899476,2.963303,0,0,12,0.767158,46.4793,9,9,3791.5323405462
D031,NR039,S074,NR039_S074,AS,Japan,rivers around Lake Biwa,2,Palearctic,PA04,AS2,135.924399,35.155214,135.9245418,35.15547914,135.925,35.1537,8,NA,15.266498,167.5,0.654,26842.738,14.299999,8.175,26.672087,835.9429,30.650002,-0.05,30.65,21.141666,6.8333335,24.741667,4.3916664,1674,227,76,36.53993,594,256.5,558.5,261.5,3.9778366,10.449863,0,0.3899902,21,0.797455,38.0986,9,8,3791.5323405462
D031,NR039,S075,NR039_S075,AS,Japan,rivers around Lake Biwa,2,Palearctic,PA04,AS2,135.921854,35.127896,135.9197329,35.13014289,135.921,35.1305,20,NA,19.751986,131.5,0.795,33167.465,14.6125,8.279166,26.967592,832.88464,30.9,0.25,30.7,21.4,7.175,25.025,4.75,1653,226.5,73.5,37.651302,594,247,557,251,8.035549,11.468109,0,0.9361932,21,0.830712,48.441,10,9,3791.5323405462
D031,NR039,S076,NR039_S076,AS,Japan,rivers around Lake Biwa,2,Palearctic,PA04,AS2,135.904764,35.115039,135.9045855,35.11545541,135.905,35.1153,8,NA,8.89925,135,0.524,15014.278,14.633333,8.266666,26.933552,835.1438,31,0.2,30.7,21.433334,7.15,25.05,4.733333,1650,228,70,39.29127,598,237,565,240,2.6533225,6.165457,0,0.15608764,21,0.729106,49.441,10,10,3791.5323405462
D031,NR039,S077,NR039_S077,AS,Japan,rivers around Lake Biwa,2,Palearctic,PA04,AS2,135.895856,35.095849,135.8959155,35.09620592,135.896,35.0962,6,NA,4.172831,165,0.69449997,6898.2773,14.391666,8.224999,26.797384,835.79803,30.7,0,30.699999,21.233334,6.883333,24.816666,4.4666667,1655,229,66,40.295002,602,231,571,233,1.6390904,1.9513694,0,0.7024689,21,0.722677,49.441,10,10,3791.5323405462
D031,NR039,S078,NR039_S078,AS,Japan,rivers around Lake Biwa,2,Palearctic,PA04,AS2,135.883512,35.085514,135.883512,35.08622784,135.884,35.0862,4,NA,3.2317963,331.5,0.69449997,5477.807,13.504167,8.225,26.704546,838.161,29.849998,-0.95,30.8,21.175,5.9666667,23.933334,3.5333333,1676,234,65.5,41.407356,613.5,228,586,228.5,0.7025646,2.263755,0,0,21,0.818581,36.0986,10,9,3791.5323405462
D031,NR039,S079,NR039_S079,AS,Japan,rivers around Lake Biwa,2,Palearctic,PA04,AS2,135.874672,35.074167,135.8746244,35.07473807,135.875,35.0742,4,NA,5.614272,399,0.408,9723.209,13.610416,8.112499,26.424522,837.322,29.9,-0.79999995,30.699999,21.983334,6.1000004,24.033333,3.641667,1664.5,233.5,63,42.109703,614.5,221.5,586.5,222.5,0.15614349,5.0745664,0,0.3122976,11,0.777759,34.9393,9,9,3791.5323405462
D031,NR039,S080,NR039_S080,AS,Japan,rivers around Lake Biwa,2,Palearctic,PA04,AS2,135.767226,35.258051,135.767226,35.258051,135.7678158,35.25814079,5,NA,8.377168,645,0.234,16164.824,11.2,8.183333,26.228632,861.5099,27.7,-3.5,31.2,21.483334,3.4833333,21.816668,0.8833333,1903,245,95,34.879185,668,310,658,311,0,8.100447,0,0,52,0.486598,18,1,9,3791.5323405462
D031,NR039,S081,NR039_S081,AS,Japan,rivers around Lake Biwa,2,Palearctic,PA04,AS2,135.764951,35.250095,135.764951,35.25061848,135.7670395,35.24978814,2,NA,14.911097,618,0.471,28448.87,11.333333,8.225,26.33547,862.3444,27.8,-3.4,31.2,21.633333,3.5833333,21.983334,0.98333323,1882,242,95,34.55065,659,308,646,309,0,14.331823,0,0,52,0.488347,17,0,9,3791.5323405462
D031,NR039,S082,NR039_S082,AS,Japan,rivers around Lake Biwa,2,Palearctic,PA04,AS2,135.835063,35.138541,135.8355151,35.13857669,135.835,35.1383,10,NA,15.016288,423,1.409,26883.285,12.595834,8.133333,26.379871,846.1047,29,-1.9,30.800001,22.7,5.0166664,23.1,2.55,1757,238,75,38.835777,633,256,613,259,0,14.742237,0,0,21,0.507877,19.25,5,9,3791.5323405462
D031,NR039,S083,NR039_S083,AS,Japan,rivers around Lake Biwa,2,Palearctic,PA04,AS2,135.741955,35.07608,135.741955,35.07608,135.742,35.0761,10,NA,64.442986,325,0.98,112567.72,13.425,8.441667,27.143623,846.8337,29.8,-1.3,31.1,21.083334,5.7999997,23.95,3.3333333,1656,230,65,40.652596,601,229,577,230,1.2489165,61.64501,0,0.3122471,11,0.568559,38.6459,10,10,3791.5323405462
D031,NR039,S084,NR039_S084,AS,Japan,rivers around Lake Biwa,2,Palearctic,PA04,AS2,135.771557,35.014363,135.7721281,35.01453432,135.772,35.0143,13,NA,153.22186,60,2.433,263514.3,15.2375,8.891666,28.227514,845.8091,31.9,0.4,31.5,25.35,5.116667,25.733334,5.116667,1652,240,59,44.702374,627,211,589,211,6.792442,121.42833,0,22.258461,11,0.846612,47.6951,10,10,3791.5323405462
D032,NR040,S001,NR040_S001,EU,France,Seine River,2,Palearctic,PA04,EU2,2.49438,48.7887993,2.49438,48.78451627,2.4945,48.7838,18,NA,12764.251,39,96.191,8938411,11.4125,8.179167,35.14333,568.896,24.7,1.5,23.25,16.883333,7.4583335,18.591667,4.708333,627,61,45,9.256214,172,143,156.5,150,8427.679,3051.0652,713.33093,505.60046,11,0.981016,38,10,10,7021.44310189293
D032,NR040,S002,NR040_S002,EU,France,Seine River,2,Palearctic,PA04,EU2,2.2382801,48.9342003,2.239136706,48.93215396,2.241,48.9319,16,NA,44326.066,29,309.314,31622772,11.745833,8.033334,34.861717,569.57855,24.9,1.9,23,17.25,5.9333334,18.95,5.0333333,625,62,42,10.790683,173,142,153,152,28212.174,10936.491,2823.839,2128.2305,11,0.928872,38,10,10,7021.44310189293
D032,NR040,S003,NR040_S003,EU,France,Seine River,2,Palearctic,PA04,EU2,2.4277301,48.7568016,2.42468439,48.75366071,2.42879,48.7579,18,NA,30612.342,34,215.427,22069984,11.570833,8.241667,35.070923,577.0887,25,1.55,23.5,17.116667,7.616667,18.866667,4.775,621,60.5,45,9.468443,170,141,154,149,19599.482,7817.7524,2119.3345,961.8762,11,0.820826,45.75,10,10,7021.44310189293
D032,NR040,S004,NR040_S004,EU,France,Seine River,2,Palearctic,PA04,EU2,2.57266,48.8792,2.573730757,48.86535154,2.573,48.8704,20,NA,12613.605,41,96.108,8841999,11.175,8.241667,35.524426,563.18677,24.5,1.3,23.2,16.6,7.2666664,18.283333,4.516667,621,59,44,9.27815,171,139,157,150,8395.734,3036.8496,718.69543,391.67218,11,0.938009,38,10,10,7021.44310189293
D032,NR040,S005,NR040_S005,EU,France,Seine River,2,Palearctic,PA04,EU2,2.1452601,48.9972,2.1452601,48.99048992,2.14414,48.9899,17,NA,44498.055,50.5,304.654,31729430,11.310417,7.9625,35.05877,557.4379,24.2,1.55,22.7,16.633333,7.366667,18.333334,4.708333,629.5,61,42.5,10.306486,171,144,152.5,155,28221.172,11007.566,2855.8093,2239.9172,12,0.882376,43.3395,10,10,7021.44310189293
D032,NR040,S006,NR040_S006,EU,France,Seine River,2,Palearctic,PA04,EU2,2.28198,48.9108009,2.286942876,48.9037441,2.28617,48.9018,15,NA,43820.94,37,308.172,31298898,11.85,7.758333,34.102486,567.67065,24.849998,2.1,22.699999,17.324999,6.0333333,19.033333,5.1583333,632,63,42,10.935371,176,144,155,154,28073.24,10934.305,2862.883,1780.3949,11,0.932567,50,10,10,7021.44310189293
D032,NR040,S007,NR040_S007,EU,France,Seine River,2,Palearctic,PA04,EU2,2.44155,48.8179016,2.441454822,48.81628357,2.44159,48.8163,18,NA,12776.106,42,96.191,8945686,11.529167,8.020833,34.85178,566.8071,24.7,1.7,23,16.983334,7.616667,18.7,4.866667,624,60.5,43,9.683561,172,141,155,151,8431.532,3046.6914,711.2021,514.5871,11,0.894937,46,10,10,7021.44310189293
D032,NR040,S008,NR040_S008,EU,France,Seine River,2,Palearctic,PA04,EU2,2.2796199,48.8558998,2.282855967,48.85209266,2.28288,48.8527,16,NA,43702.043,42,310.181,31222732,11.9,7.5791664,33.611034,566.44446,24.8,2.3,22.599998,17.341667,6.1499996,19.075,5.25,643,63,42,10.466372,177,150.5,156,157,28056.074,10888.726,2839.0376,1695.6051,11,0.938679,46,10,10,7021.44310189293
D032,NR040,S009,NR040_S009,EU,France,Seine River,2,Palearctic,PA04,EU2,2.0002401,48.9598007,1.999454878,48.95994347,2.00282,48.9598,17,NA,61454.254,27,427.557,43765412,11.227083,7.883333,34.743557,554.1625,24.2,1.5,22.7,8.1,7.383333,18.2,4.633333,605.5,58.5,41.5,10.246235,164,137,146,150,39339.8,14169.334,4708.6455,2949.7305,23,0.844543,42.6025,10,10,7021.44310189293
D033,NR041,S001,NR041_S001,EU,France,Rhone River,2,Palearctic,PA04,EU2,5.2229199,45.8186989,5.222777132,45.82123303,5.223713125,45.81785723,34,NA,3658.3716,202,115.819,4410427.5,11.4875,9.158333,34.074074,661.0855,26.4,-0.5,26.9,11.716666,4.7833333,19.766666,3.4833333,953,105,65,18.086239,291,196,221,199,355.999,2281.0923,907.8684,66.67809,23,0.597489,27.4626,8,6,22770.7065889128
D033,NR041,S002,NR041_S002,EU,France,Rhone River,2,Palearctic,PA04,EU2,5.1024399,45.8261986,5.1024399,45.8261986,5.101056205,45.81375692,39,NA,92.62971,197,1.343,87048.1,11.520833,9.083333,33.859974,658.63654,26.4,-0.5,26.8,11.75,4.85,19.783333,3.6,913,101,61,18.900217,278,184,215,187,73.5188,6.640387,5.04839,6.3091407,23,0.656685,29.5075,8,7,22770.7065889128
D033,NR041,S003,NR041_S003,EU,France,Rhone River,2,Palearctic,PA04,EU2,5.7229199,45.5438004,5.722955592,45.54465701,5.72325,45.5442,25,NA,90.57123,326.5,1.904,95479.28,11.11875,10.145833,35.020615,684.8164,27.150002,-1.8499999,29,11.316667,4.241667,19.683334,2.7666667,1063,112.5,72,16.137743,323.5,234.5,239.5,235.5,15.4955,38.747528,31.123314,0.8016789,23,0.51019,14.1318,6,6,22770.7065889128
D035,NR042,S001,NR042_S001,SA,Colombia,Canal del Dique,1,Neotropic,NO01,SA1,-75.204789,10.141138,-75.20336132,10.12957382,-75.20134759,10.13378554,4,NA,97.483925,40,1.005,139879.3,27.825,11.083334,76.62036,47.330242,35.2,20.8,14.400002,27.55,28,28.366667,27.2,1382,224,10,63.594078,597,50,244,405,20.7579,74.9634,0.18786173,0.28179014,21,0.428167,12,1,5,32100.9597364603
D035,NR042,S002,NR042_S002,SA,Colombia,Canal del Dique,1,Neotropic,NO01,SA1,-74.0433187,6.8222817,-74.04703066,6.816856529,-74.03627195,6.83463217,5,NA,36.74028,91,0.804,99653.47,27.916668,10.370832,90.35691,31.496708,33.8,22.4,11.45,27.475,28.083332,28.25,27.475,2679.5,407,55,52.27289,992.5,192,416,992.5,16.769016,9.852568,9.189688,0,42,0.185502,8.4173,0,3,32100.9597364603
D035,NR042,S003,NR042_S003,SA,Colombia,Canal del Dique,1,Neotropic,NO01,SA1,-75.4877778,10.1122221,-75.48121049,10.11285028,-75.4729,10.0755,12,NA,3907.6418,4,2.003,4692425.5,27.825,9.558333,79.65278,37.1397,33.7,21.7,12,27.7,27.733334,28.216667,27.4,1330,242,5,68.359085,571,23,239,450,2079.5486,1300.7413,142.89034,30.589138,32,0.416436,14.3074,1,6,32100.9597364603
D035,NR042,S004,NR042_S004,SA,Colombia,Canal del Dique,1,Neotropic,NO01,SA1,-75.4008478,10.0579779,-75.4030607,10.05863463,-75.3902,10.0579,6,NA,1177.6051,3,2.003,1612490.2,27.897917,9.987499,78.953415,39.179085,34.25,21.6,12.65,27.683332,27.941666,28.358334,27.4,1391,224.5,11,64.88627,576.5,42.5,274,443.5,343.3278,751.78815,2.161198,1.6911988,32,0.360297,8.62955,0,6,32100.9597364603
D035,NR042,S005,NR042_S005,SA,Colombia,Canal del Dique,1,Neotropic,NO01,SA1,-75.2854073,10.1734155,-75.28609258,10.17278732,-75.2813,10.1688,10,NA,2559.9766,3,0.414,2883690,27.941666,10.583334,77.2041,41.821693,35,21.25,13.75,27.733334,28.033333,28.441666,27.408333,1343,238.5,4,68.8386,617.5,41.5,267.5,418,1672.5745,487.88037,134.81357,26.082806,32,0.411109,12,0,6,32100.9597364603
D035,NR042,S006,NR042_S006,SA,Colombia,Canal del Dique,1,Neotropic,NO01,SA1,-73.7669429,7.4476123,-73.77031579,7.452014303,-73.7747,7.45261,5,NA,498.78485,53,12.325,1285129.8,28.208332,10.924999,85.95801,34.38584,34.8,22,12.700001,27.783333,28.25,28.633333,27.783333,2635,417,37,55.12502,1057,172,494,1057,142.10974,306.08264,36.33127,1.5137684,32,-9999,7.1025,0,4,32100.9597364603
D035,NR042,S007,NR042_S007,SA,Colombia,Canal del Dique,1,Neotropic,NO01,SA1,-74.1456088,6.7096057,-74.15131951,6.7096057,-74.1496,6.71039,8,NA,625.3131,93,23.222,1757579.8,27.895834,10.258333,89.202896,30.260847,33.8,22.3,11.5,27.466667,28.033333,28.2,27.466667,2685,443,59,52.43943,1063,213,506,1063,245.99713,164.85716,215.10147,0,43,0.486824,11.441,0,3,32100.9597364603
D035,NR042,S008,NR042_S008,SA,Colombia,Cispata Bay,1,Neotropic,NO01,SA1,-75.751531,9.2201031,-75.75134064,9.222149436,-75.7515,9.21268,13,NA,12695.487,1.5,38.876,25822860,27.88125,8.625,82.2619,34.370422,33.2,22.7,10.5,27.591667,28.033333,28.3,27.483334,1877,289,16,68.131714,798,63,351.5,645,6270.345,5434.8535,825.8555,43.466606,23,0.30507,11.3247,0,7,32100.9597364603
D035,NR042,S009,NR042_S009,SA,Colombia,Cispata Bay,1,Neotropic,NO01,SA1,-75.795286,9.4010737,-75.79293033,9.393578398,-75.8022,9.39667,22,NA,75.57228,9,0.263,88415.15,27.6125,8.291667,84.60883,34.432632,32.4,22.6,9.800001,27.783333,27.7,28.016666,27.216667,1397,211,12,62.462048,575,51,317,500,29.37041,27.111546,8.284435,0,23,0.355444,16.7364,5,6,32100.9597364603
D035,NR042,S010,NR042_S010,SA,Colombia,San Jorge river,1,Neotropic,NO01,SA1,-74.9992988,8.3444471,-74.99858496,8.321261632,-74.9913,8.32972,9,NA,599.81854,18.5,3.001,1730150,27.954166,10.166666,83.92131,43.204937,34.5,22.4,12.1,27.574999,28.366667,28.591667,27.5,3152,522.5,27,67.7605,1334.5,102.5,257,1215.5,9.253288,389.8922,187.42427,0.09441634,42,0.241234,9.25511,0,5,32100.9597364603
D036,NR043,S001,NR043_S001,OC,New Zealand,Waikato River,2,Australasia,AU04,OC2,174.8212,-37.8269,174.8419897,-37.81539021,174.842,-37.8128,5,NA,10.056407,128,0.185,17441.209,13.697917,8.933333,48.682884,328.8081,23.3,4.8500004,18.400002,10.166667,17.683334,17.849998,9.674999,1451,169,85,23.27304,472,280.5,284,468.5,0,0.0753468,9.57049,0.37688148,32,0.382692,21.4875,0,5,0
D036,NR044,S001,NR044_S001,OC,New Zealand,Waikato River,2,Australasia,AU04,OC2,174.69608,-38.50829,174.7096132,-38.5219719,174.709,-38.517,11,NA,15.634499,293,0.418,37027.81,12.379167,8.1,46.38095,328.86166,21.5,4.1,17.400002,8.733334,16.433334,16.466667,8.416667,2383,278,134,22.659185,761,448,448,740,0,14.853544,0.29859707,0,54,0.173029,4,0,0,0
D036,NR045,S001,NR045_S001,OC,New Zealand,Waikato River,2,Australasia,AU04,OC2,176.974264,-39.300211,176.9745495,-39.29878332,176.975,-39.2999,7,NA,18.05598,106,0.458,22488.41,13.3625,8.991667,48.163082,348.66275,22.9,4.2,18.599998,9,12.916667,17.55,9,1202,129,52,21.418081,370,235,290,370,0.22156352,7.5321703,10.338121,0,42,0.206293,5.26826,0,1,0
D036,NR046,S001,NR046_S001,OC,New Zealand,Waikato River,2,Australasia,AU04,OC2,176.880069,-39.313482,176.8803403,-39.31381037,176.88,-39.3128,6,NA,21.8703,259,0.59,30234.42,12.706249,9.270833,48.969154,353.75787,22.6,3.65,18.9,8.291667,15.75,16.966667,8.291667,1298,147.5,68.5,23.365623,408.5,261,305.5,408.5,0,6.201064,16.025396,0,43,0.216598,12.0986,0,1,0
D036,NR047,S001,NR047_S001,OC,New Zealand,Waikato River,2,Australasia,AU04,OC2,176.9025,-39.8269,176.8969975,-39.82228979,176.897,-39.8259,11,NA,11.271878,378.5,0.31,13665.275,11.96875,10.1875,50.787727,363.36783,22.7,2.6,20.05,7.4750004,15.233334,16.358334,7.4750004,1155,134.5,63.5,23.142035,369,232,248,369,0,0.07322594,11.133762,0,42,0.218821,11.9522,0,2,0
D037,NR048,S001,NR048_S001,AS,Japan,Ishikari River,2,Palearctic,PA04,AS2,142.2480011,43.7384987,142.24227,43.73868226,142.242,43.7391,17,NA,3389.1953,214,101.456,3869832.2,5.7791667,8.5,23.607243,1005.1494,23.9,-12.1,36,14.266666,-2.3000002,17.816668,-6.4166665,1073.5,141,49,35.835854,399,160.5,381.5,208,631.1432,2610.7573,31.001232,95.54765,52,0.536493,38,8,8,4138.29880498442
D037,NR048,S002,NR048_S002,AS,Japan,Ishikari River,2,Palearctic,PA04,AS2,142.253006,43.780201,142.2770399,43.76630495,142.2550643,43.75445638,12,NA,3318.9316,122,49.69,3794066.2,6.295833,8.866667,23.963964,1031.9615,24.8,-12.1,36.9,14.866667,-1.8166666,18.6,-6.3333335,1064,140,48,35.978664,395,158,310,204,641.1009,2518.2485,43.799576,94.03168,12,0.730957,48,10,8,4138.29880498442
D037,NR048,S003,NR048_S003,AS,Japan,Ishikari River,2,Palearctic,PA04,AS2,142.3049927,43.7854996,142.3054686,43.7885929,142.305,43.7879,17,NA,3187.871,107,56.025,3647891,6.4729166,9.133333,24.300964,1053.0139,25.3,-12.3,37.6,15.108334,-1.7083333,19.041666,-6.4666667,1073,142,47,35.525932,396,162,316.5,202,605.03705,2421.0664,29.61561,94.37644,12,0.753246,48,10,8,4138.29880498442
D037,NR048,S004,NR048_S004,AS,Japan,Ishikari River,2,Palearctic,PA04,AS2,142.3439941,43.7775002,142.3439941,43.78047453,142.344,43.7789,16,NA,1902.1425,110.5,56.025,2194805.5,6.9666667,9.658334,25.151909,1068.5812,26.3,-12.1,38.300003,15.633333,-1.2333332,19.783333,-6.1833334,1074,143,46,35.933617,398,161,322,196,229.92651,1598.3115,14.076569,49.790962,11,0.882953,47.5,10,8,4138.29880498442
D037,NR048,S005,NR048_S005,AS,Japan,Ishikari River,2,Palearctic,PA04,AS2,142.3650055,43.7532997,142.3679751,43.75369945,142.367,43.7554,15,NA,337.96674,127,10.694,410753.56,6.7375,9.670834,25.064991,1073.433,26,-12.65,38.6,15.45,-1.4499999,19.533333,-6.616667,1052.5,141.5,45,36.586647,393.5,156,319.5,190,62.30967,244.36691,16.918442,7.6528816,11,0.872345,46.4189,10,8,4138.29880498442
D037,NR048,S006,NR048_S006,AS,Japan,Ishikari River,2,Palearctic,PA04,AS2,142.3849945,43.7909012,142.3853514,43.79447039,142.383,43.7943,21,NA,1406.3804,122,42.247,1665865,6.758333,9.733334,25.129198,1078.456,26.1,-12.6,38.7,15.516667,-1.4666667,19.616667,-6.633333,1070,143,46,35.90997,397,161,322,195,87.69131,1288.1267,14.076569,9.151966,11,0.780231,39.2929,10,8,4138.29880498442
D037,NR048,S007,NR048_S007,AS,Japan,Ishikari River,2,Palearctic,PA04,AS2,142.4140015,43.7237015,142.4145155,43.72632843,142.416,43.7261,14,NA,276.9488,159,8.904,347305.3,6.1041665,9.525001,24.48586,1084.3126,25.1,-13.8,38.9,14.95,-2.1166666,18.85,-7.55,1029,138,44,36.960117,388,150,309,187,26.570452,229.10118,14.707299,1.7243233,23,0.769389,36.6459,10,8,4138.29880498442
D037,NR048,S008,NR048_S008,AS,Japan,Ishikari River,2,Palearctic,PA04,AS2,142.4060059,43.7560005,142.4044477,43.77463712,142.41,43.7626,14,NA,458.34473,123,11.51,488446.72,6.6833334,9.8,25.192802,1080.6605,26,-12.9,38.9,15.433333,-1.5166665,19.516666,-6.7833333,1053,142,45,36.097225,390,156,319,193,133.7779,308.88898,0.13756976,15.009867,11,0.8965,46.5,10,8,4138.29880498442
D037,NR048,S009,NR048_S009,AS,Japan,Ishikari River,2,Palearctic,PA04,AS2,142.4340057,43.794899,142.4397164,43.78776062,142.439,43.7874,14,NA,395.2013,131.5,8.562,422973.22,6.2145834,9.5625,24.592974,1087.1526,25.3,-13.6,38.9,15.075,-2,18.983334,-7.475,1039.5,139,45,36.671555,389,153.5,310.5,191,92.421326,300.21948,0,2.1342883,23,0.820198,37.9844,10,8,4138.29880498442
D037,NR048,S010,NR048_S010,AS,Japan,Ishikari River,2,Palearctic,PA04,AS2,142.6170044,43.6323013,142.6180894,43.63372898,142.617,43.6337,14,NA,241.95424,439.5,7.333,311028.3,4.372916,8.779166,23.60924,1029.6997,22.7,-14.5,37.1,13.116667,-7.9750004,16.658333,-8.266666,1088.5,147,45.5,36.17861,410,166.5,398,182.5,5.2519503,216.05557,14.776604,0,52,0.525859,16,3,5,4138.29880498442
D037,NR048,S011,NR048_S011,AS,Japan,Ishikari River,2,Palearctic,PA04,AS2,142.6549988,43.6189003,142.6552843,43.62552472,142.655,43.6254,16,NA,233.94324,495,7.333,303366.1,4.045833,8.8,23.614834,1030.689,22.4,-14.8,37.2,12.783334,-8.283334,16.35,-8.566667,1110,149,47,35.88133,419,172,405,186,4.630012,209.272,12.080894,0,52,0.39006,14,2,4,4138.29880498442
D037,NR048,S012,NR048_S012,AS,Japan,Ishikari River,2,Palearctic,PA04,AS2,142.6820068,43.6214981,142.6821496,43.62870787,142.683,43.6261,13,NA,209.15622,546,4.539,275195.78,3.7958333,8.775,23.54781,1033.7153,22.2,-15.2,37.3,12.583334,-8.6,16.15,-8.866667,1123,150,47,35.640747,423,175,408,188,4.4228454,185.18633,12.011732,0,53,0.475936,8,0,4,4138.29880498442
D037,NR048,S013,NR048_S013,AS,Japan,Ishikari River,2,Palearctic,PA04,AS2,142.6990051,43.6189003,142.6997665,43.62965546,142.699,43.6296,13,NA,145.72336,554.5,4.539,195558.78,3.4791665,8.758333,23.377777,1038.7977,21.95,-15.549999,37.5,12.341667,-8.966667,15.9,-9.258333,1135,151,47.5,35.33352,425.5,176.5,410,187.5,3.8699195,125.91008,11.184696,0,53,0.414892,8,0,4,4138.29880498442
D037,NR048,S014,NR048_S014,AS,Japan,Ishikari River,2,Palearctic,PA04,AS2,142.7259979,43.6389999,142.7212526,43.65054369,142.72,43.6496,12,NA,40.369766,839.5,1.084,51714.97,2.1062498,8.579166,22.780788,1046.4907,20.650002,-16.9,37.5,11.083334,-10.441667,14.683332,-10.658333,1234.5,161.5,53.5,34.160828,457,198,441,204.5,0,37.801483,1.5864909,0,53,0.311239,10,0,6,4138.29880498442
D037,NR048,S015,NR048_S015,AS,Japan,Ishikari River,2,Palearctic,PA04,AS2,142.7259979,43.6189003,142.7262358,43.62442065,142.727,43.6238,14,NA,137.6315,641,4.539,185950.88,2.8833334,8.716667,23.059965,1045.25,21.5,-16.3,37.7,11.883333,-9.683333,15.466667,-9.983334,1162,154,49,34.83771,435,183,418,191,4.354018,118.53177,10.703243,0,53,0.323255,12,0,4,4138.29880498442
D037,NR048,S016,NR048_S016,AS,Japan,Ishikari River,2,Palearctic,PA04,AS2,142.7070007,43.8474007,142.7070721,43.84797177,142.7054771,43.84631225,16,NA,866.207,356,22.78,1064643.1,4.6,8.8,23.61111,1038.9578,23,-14.2,37.3,13.383333,-7.8166666,16.9,-8.233334,1063,141,45,35.467216,398,167,385,182,16.666159,830.6558,14.353001,1.7200356,52,0.549894,26,7,3,4138.29880498442
D038,NR049,S001,NR049_S001,AS,Malaysia,Merbok River,1,Indomalayan,IN01,AS1,100.3438333,5.673888889,100.375385,5.670431872,100.378,5.67182,66,NA,427.67642,5,17.554,1006579.75,27.333334,8.083333,80.033,48.398594,32.7,22.6,10.1,26.833334,27.533333,27.966667,26.8,2392,382,69,47.445423,978,276,552,771,169.737,180.07698,0,71.77408,23,0.408085,16.1692,3,7,4882.79234818262
D038,NR049,S002,NR049_S002,AS,Malaysia,Merbok River,1,Indomalayan,IN01,AS1,100.3999444,5.643222222,100.4038705,5.640247896,100.406,5.64778,64,NA,392.5665,11.5,0.664,936313.25,27.266666,7.916667,80.94011,47.636345,32.5,22.7,9.799999,26.791666,27.433334,27.9,26.766666,2380.5,383.5,70.5,46.93064,975,282.5,553.5,779.5,160.43326,161.0893,0,67.02624,32,0.445711,15.0009,4,8,4882.79234818262
D038,NR049,S003,NR049_S003,AS,Malaysia,Merbok River,1,Indomalayan,IN01,AS1,100.4500556,5.657916667,100.4488659,5.65958229,100.45,5.65792,64,NA,244.27557,5,10.616,588245.5,27.447916,8.487499,81.58638,48.82468,33.05,22.6,10.399999,26.95,27.741667,28.1,26.908333,2281,375,69.5,47.415062,943.5,275,532,763,106.41037,108.02072,0,25.061615,11,0.551756,18.1607,7,9,4882.79234818262
D039,NR050,S001,NR050_S001,EU,multiple,Danube River,2,Palearctic,PA04,EU2,26.59135,44.14795,26.59135,44.14795,26.5914,44.1479,21,16,12586.575,21,98.614,7552588,11.2875,10.258333,30.580357,905.48694,29.1,-4.4,33.6,20.366667,1.9833333,22.233334,-0.100000024,542,70,29,27.79107,189,92,177,94,7168.083,3806.5828,593.0993,933.50323,23,0.617044,18.5378,0,6,33885.3303317945
D039,NR050,S002,NR050_S002,EU,multiple,Danube River,2,Palearctic,PA04,EU2,9.93696,48.33919,9.9360779,48.34029135,9.9357,48.3408,23,14,5363.484,488,75.046,5021504,8.325,8.483334,31.772783,691.96185,23.1,-3.6,26.6,16.883333,1.1666667,16.883333,-0.13333331,753,95,41,28.995201,264,126,264,137,1999.4117,2209.0117,908.57227,239.95438,11,0.771748,36,9,9,33885.3303317945
D039,NR050,S003,NR050_S003,EU,multiple,Danube River,2,Palearctic,PA04,EU2,21.36535,44.82346,21.36556755,44.82220908,21.3649,44.8217,25,13,560828.94,66.5,5477.0312,450074500,11.483334,8.975,30.218855,786.82465,27.2,-2.6,29.7,19.4,3.1,20.916666,1.55,649,86,39,24.565222,219,121,211,132,256151,231078.72,49113.105,17406.488,32,0.211105,11.6295,0,6,33885.3303317945
D039,NR050,S004,NR050_S004,EU,multiple,Danube River,2,Palearctic,PA04,EU2,10.93058,48.73496,10.93062759,48.73548348,10.9312,48.7354,20,14,15179.573,403,214.524,14481195,8.3375,8.45,31.588837,693.3146,23.1,-3.7,26.75,15.433333,1.1333333,16.933334,-0.14166665,747.5,89,44,25.078983,252,133.5,252,145.5,5682.8813,5315.447,3367.085,763.53174,23,0.586243,14.4151,4,6,33885.3303317945
D039,NR050,S005,NR050_S005,EU,multiple,Danube River,2,Palearctic,PA04,EU2,27.22339,44.11828,27.22333051,44.11884087,27.2235,44.116,16,13,676064.3,15.5,5947.604,519914180,11.454166,10.316667,31.694824,858.7644,28.8,-3.7,32.55,20.158333,0.68333334,21.808332,0.68333334,494.5,61,27,22.761536,160,89,152,89,322899.78,268144.03,55061.973,21302.992,32,0.609395,27.75,7,6,33885.3303317945
D039,NR050,S006,NR050_S006,EU,multiple,Danube River,2,Palearctic,PA04,EU2,20.72213,44.6829,20.72601192,44.68795805,20.7232,44.6844,16,14,516292.47,71,5232.589,418336420,11.633333,9.775,32.83166,769.9085,27.3,-2.5,29.8,19.433334,3.5166667,20.85,1.9333333,646,88,38,25.198282,217,122,209,127,236070.5,208590.28,47714.453,16881.697,23,0.542269,20,6,6,33885.3303317945
D039,NR050,S007,NR050_S007,EU,multiple,Danube River,2,Palearctic,PA04,EU2,26.06157,43.91233,26.06375978,43.91107296,26.0618,43.9122,17,13,655613.5,17,5843.061,508161150,11.679167,10.133333,30.15873,897.67084,29.3,-4.3,33.6,20.6,2.2166667,22.4,0.3166667,566,69,31,25.02074,193,104,177,106,309308.75,263345.06,54409.23,20177.37,23,0.483093,29.75,7,8,33885.3303317945
D039,NR050,S008,NR050_S008,EU,multiple,Danube River,2,Palearctic,PA04,EU2,18.686,45.5628056,18.68614277,45.56380497,18.686,45.5638,22,16,39831.26,83,507.236,41639344,11.127083,10.045834,32.735184,791.11084,27.4,-3.3,30.699999,20.641666,2.8833334,20.641666,1.175,642,79,36,21.353806,202,118.5,202,127,12168.1455,21746.707,4272.323,795.6158,11,0.761434,32,9,5,33885.3303317945
D039,NR050,S009,NR050_S009,EU,multiple,Danube River,2,Palearctic,PA04,EU2,18.92613,46.81529,18.92890377,46.81789041,18.9267,46.8158,14,14,187229.56,95,2321.666,154820770,10.85,8.466667,28.924915,796.5494,26.3,-2.9,29.199999,18.916666,2.5333333,20.4,0.9,517,60,26,24.990606,162,82,160,97,75855.7,75914.9,23527.24,8145.745,32,0.676851,30,5,6,33885.3303317945
D039,NR050,S010,NR050_S010,EU,multiple,Danube River,2,Palearctic,PA04,EU2,14.35401,48.27762,14.35459739,48.27807686,14.3537,48.2779,19,14,79412.56,254,1436.053,76721464,9.14375,8.920834,31.356201,746.10474,24.45,-4,28.45,18.175,1.2666667,18.175,-0.15,772.5,105.5,45,30.985622,285,144,285,146.5,24041.271,31798.084,17635.963,3183.1084,23,0.753242,43.3395,10,10,33885.3303317945
D039,NR050,S011,NR050_S011,EU,multiple,Danube River,2,Palearctic,PA04,EU2,14.4342778,48.0623056,14.43452764,48.06301944,14.4352,48.0612,15,13,6000.662,298,89.631,7264176,8.95,8.925,30.989584,753.31335,24.4,-4.5,28.9,18.116667,-0.41666663,18.116667,-0.41666663,782,109,42,33.201637,294,136,294,136,113.38458,4711.7764,1034.0865,46.45669,23,0.705117,40.75,9,10,33885.3303317945
D039,NR050,S012,NR050_S012,EU,multiple,Danube River,2,Palearctic,PA04,EU2,8.66663,47.91902,8.666687107,47.91976239,8.6666,47.9196,18,14,651.16034,704.5,6.3910003,723115.8,7.0333333,9.170834,34.36331,659.8015,21.9,-4.8,26.699999,13.808332,0.20833331,15.275,-0.90000004,852,101,52.5,19.319122,268,176.5,267,198.5,143.58714,363.70514,113.363785,35.289925,51,0.723906,23,7,7,33885.3303317945
D039,NR050,S013,NR050_S013,EU,multiple,Danube River,2,Palearctic,PA04,EU2,27.87538,44.74902,27.87701163,44.74908798,27.8754,44.749,22,15,714976.6,5,6021.192,541205950,11.225,8.991667,27.581799,893.49036,28.6,-4,32.6,20.316668,0.049999952,22.050001,0.049999952,449,58,23,25.635939,148,78,142,78,346707.5,273306.53,59418.625,24919.111,32,0.539036,15.75,0,4,33885.3303317945
D039,NR050,S014,NR050_S014,EU,multiple,Danube River,2,Palearctic,PA04,EU2,17.76693,47.74659,17.76690791,47.7479038,17.76707846,47.74717107,25,13,133068.5,112.5,2081.493,117703290,10.202084,8.904167,30.75682,763.12683,25.650002,-3.3,28.95,19.400002,2.2333333,19.400002,0.65000004,532,60,27,24.886013,174,88,174,99,48072.582,54991.24,21107.35,5503.7314,32,0.376177,25.6295,5,8,33885.3303317945
D039,NR050,S015,NR050_S015,EU,multiple,Danube River,2,Palearctic,PA04,EU2,9.12063,48.07822,9.121373582,48.07875538,9.1206,48.0795,12,15,1466.9297,658,24.895,1514536.2,7.1833334,8.85,33.14607,676.6579,22,-4.7,26.6,15.566667,0.066666745,15.566667,-1.05,835,106,50,24.915392,283,154,283,169,284.8605,816.5072,293.745,68.34067,23,0.610289,20.6295,5,6,33885.3303317945
D039,NR050,S016,NR050_S016,EU,multiple,Danube River,2,Palearctic,PA04,EU2,16.90238,48.14247,16.90209446,48.14384057,16.9014,48.1438,18,15,105364.49,149.5,1959.85,100818370,10.0125,8.508333,29.662004,761.3236,25.4,-3.2,28.699999,19.25,2.0166667,19.25,0.51666665,610,70,35,24.931574,203,108,203,114,31436.186,46305.777,20168.252,4252.3604,32,0.607372,32,8,6,33885.3303317945
D039,NR050,S017,NR050_S017,EU,multiple,Danube River,2,Palearctic,PA04,EU2,18.77992,45.92931,18.78050637,45.93121357,18.7812,45.9306,13,14,208655.9,85.5,2268.636,166760620,10.916667,9.0875,31.06189,779.59265,26.3,-3,29.3,18.891666,2.8,20.258333,1.1083333,578,72,29,25.407356,187,94,187,106,89397.57,80076.45,25677.531,8800.441,31,0.132374,8.2503,0,4,33885.3303317945
D039,NR050,S018,NR050_S018,EU,multiple,Danube River,2,Palearctic,PA04,EU2,18.6451389,47.9141111,18.64555531,47.91357572,18.6494,47.9137,16,15,5051.4736,122,0.451,3852222,10.683333,10.325,32.369793,820.0619,28.1,-3.8,31.9,19.1,2.2,20.65,0.4,532,61,28,24.170332,171,89,166,103,1615.8666,3020.3489,259.98297,138.7138,32,0.601606,17.2049,0,5,33885.3303317945
D039,NR050,S019,NR050_S019,EU,multiple,Danube River,2,Palearctic,PA04,EU2,22.40348,44.6949,22.40920898,44.69384466,22.4061,44.6928,18,15,564808.3,114.5,5495.372,452741570,11.15,9.479166,30.473606,820.9869,27.95,-3.1,31.15,16.091667,2.45,21.166668,0.9666667,643.5,72.5,39,19.77306,205,127,178,133,257078.25,233729.6,49087.27,17422.936,32,0.422222,18.75,0,7,33885.3303317945
D039,NR050,S020,NR050_S020,EU,multiple,Danube River,2,Palearctic,PA04,EU2,19.37331,45.23304,19.37326241,45.2321358,19.3733,45.2321,19,13,253902.89,93,2789.513,211779950,11.183333,10.075,33.250828,778.7967,27.3,-3,30.3,20.516666,3,20.566668,1.4,627,82,36,23.856678,204,115,204,127,105676.93,102479.77,30271.33,9723.725,23,0.500515,32,9,5,33885.3303317945
D039,NR050,S021,NR050_S021,EU,multiple,Danube River,2,Palearctic,PA04,EU2,12.82631488,48.26681454,12.82625539,48.26752838,12.8269,48.2673,21,13,15638.991,382.5,363.237,15606331,8.583334,8.445833,30.99631,712.92834,23.349998,-4,27.35,17.308334,1.0916667,17.308334,-0.18333332,944.5,121,52,30.750605,349,172,349,172.5,1170.1279,6954.8013,5629.9775,324.38452,32,0.55038,24.3395,4,7,33885.3303317945
D039,NR050,S022,NR050_S022,EU,multiple,Danube River,2,Palearctic,PA04,EU2,18.7631111,47.8854722,18.76382494,47.88541271,18.7652,47.886,15,13,5051.9937,108,17.13,3070092,10.770833,9.825,31.190475,818.00433,27.9,-3.6,31.5,19.216667,2.2833333,20.733334,0.50000006,534,61,28,24.17432,173,90,165,102,2761.9607,2120.6423,58.83321,108.52623,32,0.6684,14.5032,0,5,33885.3303317945
D039,NR050,S023,NR050_S023,EU,multiple,Danube River,2,Palearctic,PA04,EU2,12.8663889,48.7608056,12.86877618,48.75787138,12.86540006,48.76117113,15,16,8930.861,321.5,1.361,9066712,8.35,9.1875,32.56501,727.6285,23.6,-4.6,28.2,17.183334,3.9833333,17.183334,-0.7,879,100,55,19.997429,284,173.5,284,197,3028.5098,3649.6084,1277.38,644.76855,23,0.509297,19.3395,7,7,33885.3303317945
D039,NR050,S024,NR050_S024,EU,multiple,Danube River,2,Palearctic,PA04,EU2,13.65559,48.54461,13.65783077,48.5456624,13.6563,48.5452,0,13,76820.16,383,1385.206,74165050,8.141666,8.3,30.44025,718.16315,22.7,-4.4,27.2,16.866667,3.75,16.866667,-0.75000006,921,107,60,20.173777,299,185,299,212,23127.219,30896.111,16988.371,3087.966,32,0.464236,23,5,6,33885.3303317945
D039,NR050,S025,NR050_S025,EU,multiple,Danube River,2,Palearctic,PA04,EU2,11.86653,48.91581,11.86700589,48.91640487,11.8666,48.9153,23,13,26139.375,421,345.905,24605740,8.370833,8.004167,29.897282,713.7656,23,-3.8,26.8,17.158333,3.975,17.158333,-0.39166665,734,87,44,22.526615,243,142,243,153,10281.773,8833.577,5498.669,1293.8835,23,0.825868,29.6815,9,6,33885.3303317945
D039,NR050,S026,NR050_S026,EU,multiple,Danube River,2,Palearctic,PA04,EU2,29.55243,45.4058,29.5532985,45.4097584,29.5538,45.4073,28,13,833833.44,0,0.267,606597760,11.025,6.9083333,24.411072,803.7278,25.5,-2.8,28.3,20.85,1.8416667,20.85,1.2333333,376.5,48,21.5,23.730015,122,75,122,77,420818,299741.1,66105.13,30100.775,41,0.384382,13,1,4,33885.3303317945
D039,NR050,S027,NR050_S027,EU,multiple,Danube River,2,Palearctic,PA04,EU2,10.8758611,48.5889167,10.8762894,48.58872634,10.8772,48.5885,20,16,4023.2634,425.5,95.486,4638629,8.410418,8.654166,32.083336,694.1197,23.3,-3.7,27,17.016666,1.2333332,17.016666,-0.066666685,783,95,44,27.852058,272.5,134,272.5,145,580.007,1432.2949,1693.9854,180.76567,32,0.567295,24.6295,5,7,33885.3303317945
D039,NR050,S028,NR050_S028,EU,multiple,Danube River,2,Palearctic,PA04,EU2,16.9,48.2801389,16.89743018,48.27906814,16.9092,48.289,17,NA,25738.46,142,127.027,15666682,10.0625,8.883333,30.011261,773.74664,26.1,-3.5,29.6,19.533333,1.9833333,19.533333,0.41666666,649,82,35,29.913094,231,111,231,114,15494.868,8152.146,871.62756,1088.5586,32,0.493438,15.0005,5,6,33885.3303317945
D039,NR050,S029,NR050_S029,EU,multiple,Danube River,2,Palearctic,PA04,EU2,12.94444,48.82803,12.94623445,48.82947297,12.9456,48.8306,21,13,37977.086,312.5,490.477,34038540,8.11875,9.158333,32.70945,717.6837,23.3,-4.7,28,16.85,3.8,16.85,-0.8166666,956,101,57,16.155638,289,194,289,233,14666.935,14396.055,6858.9854,1755.6925,23,0.810128,42,9,7,33885.3303317945
D039,NR050,S030,NR050_S030,EU,multiple,Danube River,2,Palearctic,PA04,EU2,24.79351,43.70594,24.81041097,43.71032501,24.79374308,43.70440513,18,14,608587.94,24,2885.5078,479745250,12.383333,10.283334,30.245098,913.3414,30.2,-3.9,34,21.55,0.79999995,23.233334,0.79999995,525,62,34,23.64272,180,104,165,104,283730.78,247636,50732.023,18600.227,32,0.314205,20.7282,0,6,33885.3303317945
D039,NR050,S031,NR050_S031,EU,multiple,Danube River,2,Palearctic,PA04,EU2,15.52546,48.38552,15.52546,48.38552,15.5255,48.3863,12,13,95747.57,344.5,1829.975,94115304,8.55625,8.808333,31.59784,718.2079,23.55,-4.3,27.900002,17.400002,-0.2416667,17.400002,-0.2416667,606.5,87,24.5,43.201897,244,84.5,244,84.5,27544.219,41590.89,19953.543,3543.2837,32,0.533294,36,7,6,33885.3303317945
D039,NR050,S032,NR050_S032,EU,multiple,Danube River,2,Palearctic,PA04,EU2,24.79032,43.72704,24.79114856,43.72800028,24.7912,43.7271,17,13,650.6809,25,169.836,344432.2,12.397917,10.533333,30.575672,919.71204,30.45,-4,34.45,21.625,0.775,23.316666,0.7416666,523.5,62,34,24.170307,181,104,165.5,104,552.4608,12.163723,14.035288,51.589584,32,0.531474,11.8525,0,7,33885.3303317945
D039,NR050,S033,NR050_S033,EU,multiple,Danube River,2,Palearctic,PA04,EU2,28.20448,45.46981,28.20373047,45.46952446,28.2045,45.4698,22,15,32718.172,33,238.21149,18805100,10.791667,9.625,29.351154,882.36487,28.1,-4.6,32.8,19.783333,1.1,21.433334,-0.23333329,477,65,25,29.188137,168,85,158.5,89,21720.557,5704.8315,1155.4376,1690.6803,32,0.472324,-9999,-9999,-9999,33885.3303317945
D039,NR050,S034,NR050_S034,EU,multiple,Danube River,2,Palearctic,PA04,EU2,17.5313889,47.6008333,17.5313889,47.60121401,17.53046675,47.6003665,19,14,360.06393,116.5,1.248,201239.34,10.28125,9.391666,31.66386,770.9881,26.2,-3.5,29.7,19.6,2.2666667,19.6,0.6583333,536,64,26,26.784904,181,87.5,181,96,214.99951,129.01553,9.74352,4.898731,32,0.735866,16.8959,2,7,33885.3303317945
D039,NR050,S035,NR050_S035,EU,multiple,Danube River,2,Palearctic,PA04,EU2,28.25887,45.45484,28.25947166,45.4579333,28.2598,45.4565,20,13,815762.2,9,6763.634,598872000,10.870833,9.675,29.43425,881.97736,28.4,-4.5,32.8,19.9,1.2333333,21.583334,-0.06666664,472,64,25,28.623735,165,85,156,89,407899.78,299219.4,65062.44,29603.607,23,0.656808,26.75,5,6,33885.3303317945
D039,NR050,S036,NR050_S036,EU,multiple,Danube River,2,Palearctic,PA04,EU2,25.93166,43.83467,25.94308141,43.82953036,25.9286,43.8378,10,14,2979.6206,55.5,13.531,1760776,11.935417,10.375,30.490196,901.4546,29.75,-4.3,34,20.933334,2.3833332,22.741667,0.5083332,568,70,31.5,25.893549,197.5,103.5,180,106.5,2344.4253,560.05884,8.576524,61.389122,23,0.904817,42.75,9,8,33885.3303317945
D039,NR050,S037,NR050_S037,EU,multiple,Danube River,2,Palearctic,PA04,EU2,20.3507778,44.7681667,20.3521001,44.76790326,20.3508,44.7682,19,14,92440.24,69,4.743,93599970,11.9,10.3875,34.098038,779.12524,28,-2.5,30.45,19.741667,3.7,21.216667,2.0583334,664,93,37,26.49058,226,122,217,129,35019.484,51598.12,4071.0562,1324.5721,11,0.764527,34,10,6,33885.3303317945
D039,NR050,S038,NR050_S038,EU,multiple,Danube River,2,Palearctic,PA04,EU2,27.9344,45.40638,27.9344,45.40638,27.9344,45.4064,16,14,54348.69,29.5,300.034,31769536,10.870833,10,29.747774,900.9645,28.7,-4.9,33.7,20.05,1.1333333,21.766666,-0.41666666,479,67,23,32.232555,173,79,165,81,30061.047,17467.568,3546.252,2596.775,23,0.80006,35,7,5,33885.3303317945
D039,NR050,S039,NR050_S039,EU,multiple,Danube River,2,Palearctic,PA04,EU2,18.85776,47.81198,18.8581883,47.81542342,18.8578,47.813,18,NA,182676.52,115.5,2312.491,152432820,10.7375,9.15,30.098684,801.24304,27,-3.4,30.4,18.975,2.4,20.466667,0.6833333,539.5,60.5,29,23.361498,171.5,93,162,104,73180.516,74973.72,23365.205,7404.8633,23,0.535935,19,5,6,33885.3303317945
D039,NR050,S040,NR050_S040,EU,multiple,Danube River,2,Palearctic,PA04,EU2,14.0553611,48.1577222,14.05443311,48.15800774,14.0549,48.1601,11,17,3555.7168,346.5,0.267,4451905,9.106251,8.4,30.059587,746.95056,24.3,-3.7,27.900002,18.283333,1.375,18.283333,-0.08333335,954,124,55,25.801132,330.5,183,330.5,184.5,713.73193,2034.8872,518.8419,82.83123,23,0.773075,41,10,9,33885.3303317945
D039,NR050,S041,NR050_S041,EU,multiple,Danube River,2,Palearctic,PA04,EU2,20.3130556,45.2100278,20.31376944,45.2104561,20.3137,45.2099,14,16,153549.06,81.5,920.271,102205910,11.370833,9.775,32.101803,787.70715,27.45,-3,30.45,19.308334,3.0333333,20.816666,1.4416666,589,83,34,27.190456,203,106.5,195.5,117,84920.055,50536.062,12126.153,5311.357,23,0.619579,38.75,6,6,33885.3303317945
D039,NR050,S042,NR050_S042,EU,multiple,Danube River,2,Palearctic,PA04,EU2,23.74877,43.80344,23.74771624,43.7853357,23.7488,43.80372718,18,15,579932.2,29,0.121,462309280,11.81875,9.266666,28.66357,872.1977,29,-3.3,32.3,20.55,2.8,22.283333,0.85,544,66,35,23.526466,184,111,161,111,266177.44,238425.12,50125.16,17634.555,32,0.383591,22.75,5,6,33885.3303317945
D039,NR050,S043,NR050_S043,EU,multiple,Danube River,2,Palearctic,PA04,EU2,22.68845,44.26321,22.68445251,44.26206786,22.6873,44.263,23,15,568752.06,39,5529.17,455389300,11.645833,10.191668,31.504333,850.57324,29.150002,-3.25,32.35,16.75,2.7333333,21.958334,1.0999999,591,65,37,18.302206,184.5,121.5,156,127,258631.9,235420.98,49555.41,17495.51,32,0.527597,11.6295,1,5,33885.3303317945
D039,NR050,S044,NR050_S044,EU,multiple,Danube River,2,Palearctic,PA04,EU2,20.26094,45.1427,20.26468935,45.14608053,20.2632,45.1453,13,13,255015.11,80,2789.97,212425680,11.420834,9.491667,31.744705,783.6177,27.3,-2.6,29.9,19.333334,3.1666667,20.85,1.5666666,598,84,34,26.650698,204,110,199,118,106465.65,102783.53,30261.229,9817.717,32,0.369608,14.527,4,6,33885.3303317945
D039,NR050,S045,NR050_S045,EU,multiple,Danube River,2,Palearctic,PA04,EU2,19.09385,47.58872,19.08274811,47.59988987,19.0934,47.5879,17,14,183571.97,104,0.478,152912180,11.110416,8.695833,29.405876,792.589,26.9,-2.65,29.6,19.216667,2.8916667,20.741667,1.2583333,517.5,60,27,24.13198,168,89,156.5,100,73605.17,75439.164,23391.541,7525.2637,23,0.587912,42,10,10,33885.3303317945
D039,NR050,S046,NR050_S046,EU,multiple,Danube River,2,Palearctic,PA04,EU2,21.0698056,44.6207778,21.07028149,44.62182476,21.0699,44.6214,16,14,37390.348,74,237.087,26795320,11.43125,10.2625,33.346817,784.76355,27.7,-3.1,30.800001,19.408333,3.15,20.866667,1.5666666,640,86,38,24.64204,215,119,206,127,16179.813,19851.527,829.73,439.51483,32,0.636176,21.2967,4,6,33885.3303317945
D039,NR050,S047,NR050_S047,EU,multiple,Danube River,2,Palearctic,PA04,EU2,16.48655,48.17319,16.49220122,48.17586689,16.487033,48.17299061,25,18,101537.45,156,1937.3,97950190,10.2875,8.616667,29.98252,760.18787,26,-2.9,28.8,18.033333,0.9166667,19.65,0.9166667,567,69,30,27.790777,196,99,194,99,30425.078,44108.703,20028.742,3845.6155,11,0.828832,35.6295,10,10,33885.3303317945
D040,NR051,S001,NR051_S001,AS,China,Neijiang River,2,Palearctic,PA04,AS2,103.595,31.016,103.5953019,31.01545884,103.595,31.016,12,NA,22956.377,856.5,379.481,17733892,15.072916,8.1125,29.600868,695.6323,28.150002,0.65,27.400002,22.508333,6.0166664,23.266666,6.0166664,1034.5,231,9,91.17413,601.5,37.5,578.5,37.5,865.8926,14908.079,7167.2485,7.532979,22,0.729522,32,8,9,9453.71393444352
D040,NR051,S002,NR051_S002,AS,China,Neijiang River,2,Palearctic,PA04,AS2,104.037,30.66,104.037,30.66046399,104.038,30.6597,11,NA,197.28954,502,3.675,191167.31,16.866667,7.275,26.944445,715.44476,29.9,2.9,27,24.516666,7.633333,25.3,7.633333,932,233,7,98.43298,567,29,549,29,92.25267,9.504238,0.4098862,94.64167,11,0.916823,38,10,10,9453.71393444352
D040,NR051,S003,NR051_S003,AS,China,Neijiang River,2,Palearctic,PA04,AS2,104.039,30.507,104.0395901,30.507,104.039,30.5101,8,NA,337.6777,473,3.219,338376.3,16.652084,7.5125,27.538235,716.91046,29.6,2.4,27.25,24.283333,7.3583336,25.033333,7.3583336,1029.5,250.5,8,97.75546,623,33,604.5,33,148.22656,31.227514,0.5745262,157.8015,11,0.904951,30.7164,10,9,9453.71393444352
D040,NR051,S004,NR051_S004,AS,China,Neijiang River,2,Palearctic,PA04,AS2,104.039,30.45,104.0396544,30.45053538,104.039,30.45,3,NA,1060.9823,472,17.461,1040424.4,16.558332,7.375,27.306274,713.0136,29.4,2.4,27,24.166666,7.3166666,24.9,7.3166666,1037,250,8,97.18949,627,33,607,33,422.42828,57.23654,1.8862308,584.3471,22,0.834446,19.4476,8,9,9453.71393444352
D040,NR051,S005,NR051_S005,AS,China,Neijiang River,2,Palearctic,PA04,AS2,103.964,30.312,103.9636558,30.31293054,103.963,30.313,8,NA,1960.7404,455.5,16.617,2009498.8,16.747917,7.2708335,27.09888,710.09375,29.6,2.7,26.85,24.333334,7.5166664,25.05,7.5166664,1142.5,270.5,10,96.72749,685.5,38,668,38,1161.7684,153.2858,1.8862308,644.21606,21,0.789095,27.75,5,9,9453.71393444352
D040,NR051,S006,NR051_S006,AS,China,Neijiang River,2,Palearctic,PA04,AS2,103.685,30.9,103.6777706,30.8954955,103.678,30.8946,1,NA,22981.273,655,390.196,17760178,15.8875,8.283333,29.689365,707.40845,29,1.1,27.9,23.441668,6.6666665,24.166668,6.6666665,1051.5,243,8,94.03148,626.5,36,598.5,36,873.8848,14846.609,7167.7344,17.594505,21,0.747956,19.8525,6,9,9453.71393444352
D040,NR051,S007,NR051_S007,AS,China,Neijiang River,2,Palearctic,PA04,AS2,103.76,30.908,103.7602379,30.90866625,103.749,30.8974,6,NA,33.80277,636.5,0.723,34805.83,15.914583,8.1625,29.459446,710.1592,28.9,1.2,27.699999,23.491667,6.7,24.208334,6.7,1018.5,235.5,8,94.504234,607.5,34,579.5,34,31.339668,0,0,3.5174823,21,0.657315,28.5858,5,10,9453.71393444352
D040,NR051,S008,NR051_S008,AS,China,Neijiang River,2,Palearctic,PA04,AS2,103.729,30.986,103.7290357,30.98636882,103.729,30.986,5,NA,17.686857,665.5,0.483,18288.195,15.84375,8.4625,30.247482,709.57806,29,1,28,23.383333,6.5833335,24.125,6.5833335,1022,235,8,94.01438,608.5,34,580.5,34,13.166558,0.40893203,0,4.334276,22,0.781663,31.9458,5,9,9453.71393444352
D040,NR051,S009,NR051_S009,AS,China,Neijiang River,2,Palearctic,PA04,AS2,103.825,30.734,103.8253794,30.73457923,103.826,30.7345,5,NA,80.31889,557.5,1.487,82576.49,16.229168,7.8500004,28.545454,713.3965,29.2,1.7,27.5,23.858334,7,24.591667,7,1009.5,241,8,96.28441,608.5,33,583,33,58.400414,22.197832,0,0.8190924,11,0.824944,33.3087,9,10,9453.71393444352
D040,NR051,S010,NR051_S010,AS,China,Neijiang River,2,Palearctic,PA04,AS2,104.048,30.721,104.0480892,30.72025642,104.048,30.721,11,NA,121.76599,508,0.278,117603.89,16.735416,7.525,27.564104,719.6687,29.8,2.5,27.3,24.4,7.4333334,25.2,7.4333334,932,234,7,98.53066,567,30,549,30,83.3833,1.6389717,0.5735026,35.402954,11,0.915231,40.7282,10,10,9453.71393444352
D040,NR051,S011,NR051_S011,AS,China,Neijiang River,2,Palearctic,PA04,AS2,103.964,30.839,103.9494263,30.81997193,103.965,30.8394,7,NA,51.005463,546.5,4.604,49927.062,16.104166,7.791667,28.230677,717.2957,29.1,1.5,27.6,23.766666,6.8,24.483334,6.8,947.5,229,7,96.61163,572.5,30,547.5,30,36.20218,1.9655477,0,14.17359,21,0.819785,30.4504,9,10,9453.71393444352
D040,NR051,S012,NR051_S012,AS,China,Neijiang River,2,Palearctic,PA04,AS2,103.959,30.717,103.9596662,30.71766625,103.959,30.717,1,NA,89.64318,522.5,5.533,89635.45,16.385418,7.8166666,28.366547,716.7206,29.45,1.9,27.6,24.041666,7.1083336,24.783333,7.1083336,939.5,232.5,7,97.8969,571.5,29,549.5,29,70.27636,7.4538136,0.2458887,11.14673,11,0.891038,40.207,10,10,9453.71393444352
D040,NR051,S013,NR051_S013,AS,China,Neijiang River,2,Palearctic,PA04,AS2,104.076,30.59,104.0761333,30.59038071,104.081,30.5875,10,NA,525.3367,487,10.402,505103.9,16.754168,7.4750004,27.481619,718.75946,29.8,2.6,27.199999,24.416666,7.5,25.216667,7.5,987,245,8,97.752785,597,34,581,34,183.92087,15.080273,1.2295585,322.94067,11,0.910802,29.4367,10,9,9453.71393444352
D041,NR052,S001,NR052_S001,AS,4 countries,Mekong River,1,Indomalayan,IN01,AS1,102.6979667,17.829,102.6929358,17.82799383,102.695,17.8275,54,NA,225369.58,166,4501.322,315710820,26.270834,10.012501,52.43692,254.46913,34.7,15.6,19.1,28.15,22.75,28.7,22.666666,1514,310.5,5,93.318245,814,22,562.5,25.5,38511.336,147177.45,38000.69,533.8328,23,0.672561,31.75,5,8,83027.3755014279
D041,NR052,S002,NR052_S002,AS,4 countries,Mekong River,1,Indomalayan,IN01,AS1,104.7544667,17.06225,104.7586308,17.06076284,104.762,17.0593,88,NA,295461.9,139,7065.823,456997950,26.19375,9.429167,51.73993,241.3384,34.35,16.1,18.25,27.708334,22.816666,28.6,22.816666,1823,454.5,3,104.18652,1124.5,15,628,15,65579.625,176673.31,49575.316,749.629,21,0.55756,25.5,0,7,83027.3755014279
D041,NR052,S003,NR052_S003,AS,4 countries,Mekong River,1,Indomalayan,IN01,AS1,105.5456167,15.39705,105.5463705,15.39466586,105.546,15.3969,54,NA,340121.47,136.5,1.6719999,539308700,26.941666,9.320833,55.522293,181.77887,35,18.2,16.8,27.275002,24.916666,29.191666,24.458334,1916.5,420.5,2,103.130356,1185,14,327.5,27,85499.95,195031.36,55527.664,793.4836,61,0.396654,17,0,5,83027.3755014279
D041,NR052,S004,NR052_S004,AS,4 countries,Mekong River,1,Indomalayan,IN01,AS1,106.0029667,13.58025,106.0038725,13.58466171,106,13.5819,54,NA,479584.16,47,9919.864,724347840,27.14375,8.316666,53.656063,168.99088,34.45,18.9,15.500002,27.416666,25.158333,29.108334,24.825,1784,337,1,91.0067,978,20,300.5,60,194039.67,219289.6,58916.336,1627.4167,43,0.193057,18.6464,0,4,83027.3755014279
D041,NR052,S005,NR052_S005,AS,4 countries,Mekong River,1,Indomalayan,IN01,AS1,105.47435,12.00736667,105.4721046,12.00725229,105.474,12.0074,88,NA,576750.1,11,6785.706,932580200,27.558334,8.116667,60.509953,125.16279,34.3,20.8,13.5,27.550001,26.199999,29.25,26.016666,1685,279,5,76.41763,756,31,345,116,212639.19,289896.9,65550.42,1754.9526,23,0.496908,39,8,9,83027.3755014279
D041,NR052,S006,NR052_S006,AS,4 countries,Mekong River,1,Indomalayan,IN01,AS1,105.6127333,10.40856667,105.6340235,10.41299622,105.614,10.4151,37,NA,1997.4211,4.5,14.6775,2714859.5,27.654167,7.025,61.231884,99.44494,33.5,22,11.5,27.716667,27.05,28.816666,26.366667,1461.5,254,1,76.24655,683,18,387,47.5,1857.6449,65.53476,23.244202,9.190917,21,0.689366,25.8135,7,10,83027.3755014279
D041,NR052,S007,NR052_S007,AS,4 countries,Mekong River,1,Indomalayan,IN01,AS1,106.0066,10.3248,106.0058182,10.26296801,106.027,10.3061,54,NA,3568.6216,2,49.962,4858516.5,27.6125,7,62.351185,93.27684,33.4,22.2,11.200001,27.616667,27.05,28.75,26.466667,1394,241,1,78.138565,645,14,369,182,3202.674,65.47501,120.22348,60.33352,34,-9999,17.7282,5,10,83027.3755014279
D041,NR052,S008,NR052_S008,AS,4 countries,Mekong River,1,Indomalayan,IN01,AS1,106.4484833,10.31165,106.4480591,10.30959219,106.446,10.3082,20,NA,644.60425,2,4.623,806846.5,27.4125,6.7499995,61.590916,99.21184,33.1,22.1,10.999998,27.433334,26.75,28.65,26.166666,1375,247,1,81.56436,638,9,388,40,307.0304,140.65613,134.10486,17.924442,21,0.460996,10.3395,0,9,83027.3755014279
D041,NR052,S009,NR052_S009,AS,4 countries,Mekong River,1,Indomalayan,IN01,AS1,106.5249,10.2711,106.5251082,10.27047539,106.525,10.2711,20,NA,14.328537,1,10.17,8228.064,27.416666,6.5083337,61.526474,97.20723,32.9,22.3,10.600002,27.433334,26.75,28.616667,26.183332,1342,245,1,82.331924,618,9,389,36,2.8161626,0.56323117,2.909957,0.09387365,21,0.384061,9.68149,0,9,83027.3755014279
D041,NR052,S010,NR052_S010,AS,4 countries,Mekong River,1,Indomalayan,IN01,AS1,106.6283,10.2508,106.6239558,10.24452842,106.627,10.2421,20,NA,58.80622,1,10.56,46385.977,27.4625,6.4083333,61.61859,97.21402,32.8,22.4,10.4,27.466667,26.8,28.683332,26.216667,1299.5,241,0,83.28235,596,8,385.5,30,16.804623,23.377174,2.3469105,0.3755374,21,-9999,16.9263,0,8,83027.3755014279
D041,NR052,S011,NR052_S011,AS,4 countries,Mekong River,1,Indomalayan,IN01,AS1,106.7361,10.2019,106.7371742,10.1979161,106.683142,10.22238036,20,NA,203.37141,1,32.31975,189956.34,27.485416,6.2291665,61.674927,96.549355,32.6,22.5,10.099998,27.491667,26.8,28.716667,26.25,1282,236,0,83.93348,584,7,390,28,105.44184,33.892006,3.6610117,2.065698,21,0.250916,-9999,-9999,-9999,83027.3755014279
D041,NR052,S012,NR052_S012,AS,4 countries,Mekong River,1,Indomalayan,IN01,AS1,106.7632167,10.17838333,106.738851,10.1961817,106.7296026,10.19148704,37,NA,203.55734,1,32.31975,189956.34,27.4875,6.233333,61.674927,96.591034,32.6,22.5,10.099998,27.491667,26.8,28.716667,26.258333,1281.5,236,0,83.95042,583.5,7,389,28,96.70171,41.588577,3.754774,0.18776706,21,0.250916,-9999,-9999,-9999,83027.3755014279
D041,NR052,S013,NR052_S013,AS,4 countries,Mekong River,1,Indomalayan,IN01,AS1,106.8158,10.1209,106.7843027,10.13026828,106.762972,10.17350308,20,NA,28.56229,1,0.349,30542.057,27.5,5.9166665,60.93749,96.0114,32.4,22.7,9.700001,27.566666,26.733334,28.7,26.233334,1297,234,1,83.817665,589,7,396,28,26.86055,0.46957964,0,0,21,0.2708,11.0021,0,7,83027.3755014279
D041,NR052,S014,NR052_S014,AS,4 countries,Mekong River,1,Indomalayan,IN01,AS1,107.0249,10.3198,107.0931955,10.35206321,107.1387722,10.46226173,37,NA,5.7606525,9,32.31975,7895.334,27.216667,6.35,63.283825,99.43778,32.1,22.1,10,28.066666,26.433334,28.483334,25.933334,1502,249,2,84.513084,687,9,470,37,1.8767844,0,0,0,11,0.779598,34.7575,10,10,83027.3755014279
D041,NR052,S015,NR052_S015,AS,4 countries,Mekong River,1,Indomalayan,IN01,AS1,104.4555667,12.51831667,104.4588327,12.52033717,104.459,12.5255,37,NA,55791.605,6,552.044,75988490,27.429167,7.1833334,54.41919,149.07797,33.9,20.7,13.200001,27.483334,25.45,29.15,25.45,1400,251,4,75.969864,666,32,393,32,31766.057,15999.017,5447.311,106.82889,62,-9999,14.3187,0,7,83027.3755014279
D043,NR053,S001,NR053_S001,SA,multiple,Javari River,1,Neotropic,NO01,SA1,-70.783699,-4.1750698,-70.77938623,-4.177449261,-70.78130676,-4.177751384,106,NA,62946.42,82,0.225,163386500,26.510418,8.325,80.28846,42.48662,31.6,21.2,10.4,26.533333,26.233334,26.95,25.95,2723,292,160,20.617054,836,509,587,530,17.854439,62763.71,34.901474,6.3743906,53,0.01243,4,0,0,29324.8782274901
D043,NR053,S002,NR053_S002,SA,multiple,Javari River,1,Neotropic,NO01,SA1,-70.2934036,-4.2912502,-70.28755013,-4.287252706,-70.2873,-4.28617,126,NA,64686.285,82,1406.7996,168058030,26.579166,8.108334,79.69771,42.36699,31.5,21.3,10.2,26.666666,26.041666,27.025,26.016666,2727.5,299.5,137,26.356663,869,449.5,618,554.5,17.854439,64375.34,51.552734,11.988426,52,0.0205425,4.00046,0,0,29324.8782274901
D043,NR053,S003,NR053_S003,SA,multiple,Javari River,1,Neotropic,NO01,SA1,-70.259903,-4.4271102,-70.25861809,-4.428157163,-70.2586,-4.42923,38,NA,43133.55,81,337.69,109773416,26.541666,8.266666,80.2589,43.386467,31.5,21.2,10.299999,26.633333,25.933334,26.983334,25.933334,2609,291,122,28.285246,850,410,594,410,32.24388,43092.527,11.498476,1.897411,53,0.0287877,4.29673,0,0,29324.8782274901
D044,NR054,S001,NR054_S001,AS,China,Juma River,2,Palearctic,PA04,AS2,116.1732,39.671,116.1745325,39.67171384,116.168,39.6644,18,NA,198.19931,41,0.328,111937.516,12.03125,11.979166,29.141321,1113.6238,30.6,-10.5,41.1,24.933334,-2.4416666,24.933334,-2.4416666,576,219.5,1.5,147.04022,462,7.5,462,7.5,54.914696,52.055817,13.77249,76.85564,22,0.831413,27.2593,8,9,3376.96085120036
D044,NR054,S002,NR054_S002,AS,China,Juma River,2,Palearctic,PA04,AS2,116.1443,39.7116,116.1443857,39.71268503,116.144,39.7089,12,NA,160.49118,45,0.249,90244.445,12.270833,11.816667,28.882114,1111.8169,31,-9.9,40.9,25.2,-2.1166666,25.2,-2.1166666,586,220,2,144.93654,467,10,467,10,38.918175,51.689842,13.698846,53.30607,22,0.858824,37.6295,10,8,3376.96085120036
D044,NR054,S003,NR054_S003,AS,China,Juma River,2,Palearctic,PA04,AS2,116.0364,39.6685,116.0372328,39.66885692,116.036,39.6695,13,NA,751.4298,37.5,0.895,407868.03,12.3875,11.854167,28.937748,1107.8301,31.1,-9.85,41,25.275,-1.9749999,25.275,-1.9749999,583,221,2,146.0028,466.5,9,466.5,9,20.30587,438.12442,226.32033,66.52546,22,0.890475,28.3395,8,9,3376.96085120036
D044,NR054,S004,NR054_S004,AS,China,Juma River,2,Palearctic,PA04,AS2,116.0195,39.7229,116.0156929,39.72343538,116.016,39.7236,15,NA,700.8359,61,0.82,378337.38,12.458333,11.841667,29.105392,1101.4257,31.1,-9.5,40.7,25.266666,-1.8000001,25.266666,-1.8000001,584,216,3,143.25255,462,11,462,11,13.849961,422.50018,223.2427,32.258007,22,0.945029,30.7282,10,8,3376.96085120036
D044,NR054,S005,NR054_S005,AS,China,Juma River,2,Palearctic,PA04,AS2,116.0192,39.7214,116.0153929,39.72193538,116.017,39.7206,18,NA,700.93494,61,0.82,378395.5,12.458333,11.841667,29.105392,1101.4257,31.1,-9.5,40.7,25.266666,-1.8000001,25.266666,-1.8000001,584,216,3,143.25255,462,11,462,11,13.849961,422.50018,223.2427,32.478134,22,0.945029,30.7282,10,8,3376.96085120036
D044,NR054,S006,NR054_S006,AS,China,Juma River,2,Palearctic,PA04,AS2,115.7567,39.5318,115.7571487,39.53200395,115.757,39.5318,13,NA,4971.8574,89,3.307,2434778.2,12.3,11.954166,29.166666,1105.054,30.95,-10.05,40.95,25.116667,-2.05,25.116667,-2.05,609,229,3,144.66605,484.5,12,484.5,12,861.5737,2501.494,1571.0303,32.773323,22,0.879229,26,7,8,3376.96085120036
D044,NR054,S007,NR054_S007,AS,China,Juma River,2,Palearctic,PA04,AS2,115.6829,39.5972,115.6837756,39.59742843,115.683,39.5972,23,NA,4798.4795,211,2.997,2336026.8,11.679167,11.383333,28.5804,1081.3925,29.9,-9.8,39.8,24.233334,-2.35,24.233334,-2.35,588,216,4,141.64575,461,13,461,13,797.00366,2452.502,1518.5901,26.154491,32,0.483986,16.527,2,7,3376.96085120036
D044,NR054,S008,NR054_S008,AS,China,Juma River,2,Palearctic,PA04,AS2,116.1735,39.6643,116.1719296,39.66439518,116.171,39.6615,15,NA,341.3094,40,0.328,193693.52,12.027082,12.020833,29.191986,1114.9714,30.6,-10.6,41.2,24.933334,-2.4666667,24.933334,-2.4666667,575,220.5,1,148.00789,464,7,464,7,96.272156,59.89384,18.241425,166.14024,22,0.861059,24.255,8,9,3376.96085120036
D044,NR054,S009,NR054_S009,AS,China,Juma River,2,Palearctic,PA04,AS2,116.192,39.7092,116.1927767,39.70924249,116.206,39.704,14,NA,124.28401,42.5,0.328,70870.805,12.020833,12.020833,29.191986,1114.1625,30.7,-10.5,41.2,24.95,-2.45,24.95,-2.45,574.5,217,2,145.94724,459,8,459,8,31.006603,7.250476,2.564075,82.89702,22,0.86719,28.2799,9,9,3376.96085120036
D044,NR054,S010,NR054_S010,AS,China,Juma River,2,Palearctic,PA04,AS2,116.1885,39.7639,116.1895946,39.76392379,116.189,39.7642,7,NA,40.667824,48,0.088,23223.457,12.083333,11.966666,29.186993,1113.0381,30.8,-10.3,41.1,25.016666,-2.35,25.016666,-2.35,574,212,2,142.49338,454,8,454,8,6.6684437,0.43960163,0.43970528,33.416397,22,0.898661,37.6295,10,8,3376.96085120036
D044,NR054,S011,NR054_S011,AS,China,Juma River,2,Palearctic,PA04,AS2,116.1811,39.7544,116.182028,39.7553042,116.207,39.7411,13,NA,61.34864,47,0.061499998,34814.29,12.13125,11.916667,29.120872,1109.7548,30.8,-10.1,40.9,25.016666,-2.25,25.016666,-2.25,572.5,211.5,2,143.26698,453.5,8,453.5,8,15.388789,6.884104,2.0509365,35.397404,22,0.898661,38.3395,10,9,3376.96085120036
D044,NR054,S012,NR054_S012,AS,China,Juma River,2,Palearctic,PA04,AS2,116.157,39.7647,116.1571428,39.76534245,116.158,39.7656,12,NA,42.87471,51,0.088,24245.824,12.191667,11.908334,29.156479,1107.78,30.9,-10,40.9,25.066666,-2.1666667,25.066666,-2.1666667,571,210,2,143.07498,450,8,450,8,13.042784,7.0303955,2.0509663,20.662704,23,0.900419,36,10,8,3376.96085120036
D044,NR055,S001,NR055_S001,AS,China,Yongding River,2,Palearctic,PA04,AS2,116.0982,40.5889,116.1021975,40.58704402,116.101,40.5897,31,NA,15.271374,745,0.017,7164.4863,8.208333,12.841666,29.864342,1162.0726,28,-15,43,21.75,-6.8166666,21.75,-6.8166666,466,140,1,119.545044,330,6,330,6,1.7384729,10.935004,2.2450216,0,32,0.767301,21,0,6,7687.9761367375
D044,NR055,S002,NR055_S002,AS,China,Yongding River,2,Palearctic,PA04,AS2,115.8863,40.4511,115.8863,40.4511,115.886,40.4506,14,NA,834.23236,481.5,0.59,396398,9.541667,12.516666,29.244549,1157.9492,29.05,-13.7,42.8,22.991667,-5.45,22.991667,-5.45,456.5,139,2,120.3324,325,8.5,325,8.5,300.59515,363.9504,126.45754,39.557262,22,0.681129,15.3664,2,6,7687.9761367375
D044,NR055,S003,NR055_S003,AS,China,Yongding River,2,Palearctic,PA04,AS2,116.0426,40.4625,116.0426,40.4625,116.042,40.4644,14,NA,554.9057,497.5,0.411,264923.3,9.308333,12.783333,29.591118,1167.1008,28.95,-14.25,43.2,22.833334,-5.8416667,22.833334,-5.8416667,471,145,2,121.56552,338,8,338,8,177.94821,286.28406,81.19403,10.804555,22,0.709304,19.7282,4,6,7687.9761367375
D044,NR055,S004,NR055_S004,AS,China,Yongding River,2,Palearctic,PA04,AS2,116.335,39.8608,116.3356187,39.86132348,116.334,39.8617,11,NA,13.789471,49,0.087,8003.5107,12.495833,11.408333,28.259075,1109.058,31.4,-9,40.4,25.45,-1.8166667,25.45,-1.8166667,585,205,4,133.72534,442,14,442,14,0,0,0,14.786497,11,0.943566,39.6295,10,10,7687.9761367375
D044,NR055,S005,NR055_S005,AS,China,Yongding River,2,Palearctic,PA04,AS2,116.3245,39.8913,116.3252138,39.89134759,116.325,39.8917,7,NA,6.5149307,52,0.087,3752.3716,12.458333,11.25,28.047264,1106.5907,31.3,-8.9,40.199997,25.4,-1.8166666,25.4,-1.8166666,578,201,4,133.5877,435,14,435,14,0,0,0,6.7335625,11,0.93955,39.6295,10,10,7687.9761367375
D044,NR055,S006,NR055_S006,AS,China,Yongding River,2,Palearctic,PA04,AS2,116.6253,39.7781,116.6252429,39.77701497,116.625,39.7738,8,NA,295.96872,26,0.34,169110.67,11.960417,11.5875,28.575787,1108.9404,30.349998,-10.2,40.6,24.841667,-2.4166667,24.841667,-2.4166667,551,212,2,144.14062,433,9,433,9,7.33041,4.1691437,6.959908,277.09955,22,0.810549,27.527,8,9,7687.9761367375
D044,NR055,S007,NR055_S007,AS,China,Yongding River,2,Palearctic,PA04,AS2,116.5141,39.7702,116.5154461,39.77045834,116.515,39.7709,8,NA,222.9025,33,0.104,127513.54,12.166667,11.666666,28.685503,1112.035,30.8,-9.9,40.699997,25.1,-2.2333333,25.1,-2.2333333,567,214,2,142.66241,444,9,444,9,0.80502516,4.89947,2.854086,213.92355,22,0.950545,29.3965,10,9,7687.9761367375
D044,NR055,S008,NR055_S008,AS,China,Yongding River,2,Palearctic,PA04,AS2,116.3479,39.8679,116.345473,39.86713857,116.341,39.8644,14,NA,71.25312,52,0.104,40144.297,12.5,11.283334,28.137989,1105.595,31.3,-8.8,40.1,25.433334,-1.7666668,25.433334,-1.7666668,582,204,4,133.36584,438,15,438,15,0.5851547,3.8026264,2.3406157,63.87361,11,0.941748,38.8525,10,10,7687.9761367375
D044,NR055,S009,NR055_S009,AS,China,Yongding River,2,Palearctic,PA04,AS2,116.5301,39.7523,116.5319368,39.75889358,116.538,39.7591,7,NA,225.08057,31,0.104,128759.31,12.164583,11.679167,28.69574,1111.6663,30.8,-9.9,40.699997,25.1,-2.2333333,25.1,-2.2333333,569,216,2,142.91042,446,9,446,9,0.9511269,6.873706,3.3656235,214.27936,22,0.906241,29.4151,10,9,7687.9761367375
D044,NR055,S010,NR055_S010,AS,China,Yongding River,2,Palearctic,PA04,AS2,116.3692,39.721,116.3819896,39.7284953,116.371,39.7227,1,NA,43.810795,39,0.102,25229.893,12.227083,11.758333,28.819445,1110.8191,30.95,-9.85,40.8,25.166668,-2.15,25.166668,-2.15,569.5,216,2,144.97739,452,8,452,8,1.1735576,0.07334735,0.43994802,41.933678,22,0.882916,29.8525,10,9,7687.9761367375
D044,NR055,S011,NR055_S011,AS,China,Yongding River,2,Palearctic,PA04,AS2,116.159,39.8876,116.1607846,39.88878973,116.1594697,39.89048158,11,NA,45454.16,83,16.0835,18369780,12.2875,11.775,29.063532,1099.6799,31,-9.5,40.4,25.1,-1.9499999,25.1,-1.9499999,569,199,4,135.47043,437,12,437,12,16007.72,5441.928,22653.375,1278.496,22,0.938861,42,10,10,7687.9761367375
D044,NR055,S012,NR055_S012,AS,China,Yongding River,2,Palearctic,PA04,AS2,116.087,39.9654,116.0887251,39.96623281,116.089,39.9647,10,NA,45338.96,145,31.916,18306130,11.791667,11.508333,28.770834,1091.1208,30.1,-9.7,40,24.45,-2.3166666,24.45,-2.3166666,543,188,3,135.02881,416,9,416,9,16005.089,5392.1167,22644.455,1225.7452,11,0.831962,46,10,10,7687.9761367375
D044,NR056,S001,NR056_S001,AS,China,Chaobai River,2,Palearctic,PA04,AS2,116.8356,40.4108,116.8363995,40.41119975,116.836,40.4114,17,NA,15390.577,93,9.952,7233942.5,11.2875,12.35,29.176517,1145.0139,30.4,-11.9,42.3,24.566666,-3.6333332,24.566666,-3.6333332,507,177,3,132.66222,380,9,380,9,1914.7285,7846.0034,5492.645,40.483574,22,0.853069,34,9,7,7538.66507706061
D044,NR056,S002,NR056_S002,AS,China,Chaobai River,2,Palearctic,PA04,AS2,116.8173,40.5544,116.8158213,40.55796919,116.818,40.5547,16,NA,8820.625,204,3.121,4081106,10.239583,11.845833,28.305437,1137.2979,29.25,-12.65,41.9,23.45,-4.6083336,23.45,-4.6083336,494,169,2,131.24185,369,8,369,8,1018.03,4158.555,3615.0388,15.594455,51,0.442336,12,0,7,7538.66507706061
D044,NR056,S003,NR056_S003,AS,China,Chaobai River,2,Palearctic,PA04,AS2,116.8362,39.7622,116.8356289,39.76296143,116.836,39.7636,8,NA,2791.0442,19,3.69,1466470.8,11.858334,11.658334,28.574345,1110.2965,30.2,-10.6,40.800003,24.766666,-2.5500002,24.766666,-2.5500002,542,211,2,143.9179,423,10,423,10,798.664,756.6669,133.31938,1093.3127,22,0.785196,30,6,9,7538.66507706061
D044,NR056,S004,NR056_S004,AS,China,Chaobai River,2,Palearctic,PA04,AS2,116.7854,39.8006,116.7846576,39.80042868,116.783,39.8004,6,NA,2770.8357,22,3.479,1455831.6,11.854167,11.733334,28.667482,1114.987,30.3,-10.6,40.9,24.783333,-2.6333334,24.783333,-2.6333334,545,212,2,144.29349,427,10,427,10,778.52216,746.22,132.22687,1098.3663,22,0.804161,32,9,9,7538.66507706061
D044,NR056,S005,NR056_S005,AS,China,Chaobai River,2,Palearctic,PA04,AS2,116.7675,39.8439,116.768014,39.84441396,116.766,39.8424,10,NA,2765.4282,21.5,3.479,1453537.5,11.858334,11.75,28.68336,1116.2166,30.349998,-10.6,40.95,24.825,-2.641667,24.825,-2.641667,547.5,211,2,142.88603,427,10,427,10,784.0515,748.72614,132.36916,1101.9341,22,0.854372,36,9,9,7538.66507706061
D044,NR056,S006,NR056_S006,AS,China,Chaobai River,2,Palearctic,PA04,AS2,116.7506,40.0665,116.7503593,40.06455326,116.749,40.0644,17,NA,17104.773,30,12.12,8103861,11.59375,12.158334,29.076954,1128.7533,30.4,-11.4,41.8,24.691666,-3.0833333,24.691666,-3.0833333,537,201,3,139.18576,411.5,11,411.5,11,2468.475,8735.458,5584.032,208.3271,22,0.835838,36,9,9,7538.66507706061
D044,NR056,S007,NR056_S007,AS,China,Chaobai River,2,Palearctic,PA04,AS2,116.6633,40.1326,116.667012,40.13250482,116.667,40.1306,18,NA,16910.838,34,11.837,8000804.5,11.716666,12.116667,28.918058,1132.8854,30.7,-11.2,41.9,24.883333,-3.0166667,24.883333,-3.0166667,530,195,3,137.51534,404,10,404,10,2326.724,8714.652,5567.4805,166.13245,22,0.799503,33,10,9,7538.66507706061
D044,NR056,S008,NR056_S008,AS,China,Chaobai River,2,Palearctic,PA04,AS2,116.8087,40.3487,116.8096042,40.34877478,116.809,40.3487,17,NA,15796.614,65,5.276,7435095.5,11.408334,12.333333,28.883686,1157.1742,30.8,-11.9,42.699997,24.833332,-3.6499999,24.833332,-3.6499999,523,186,3,134.11902,395,10,395,10,2005.558,8025.869,5551.4556,75.00324,22,0.983984,31.7282,10,9,7538.66507706061
D044,NR056,S009,NR056_S009,AS,China,Chaobai River,2,Palearctic,PA04,AS2,116.8977,40.3859,116.8978713,40.38532893,116.898,40.3853,11,NA,307.61108,92,0.392,150860.97,11.0875,12.408334,29.137392,1149.2063,30.3,-12.3,42.6,24.4,-3.9166667,24.4,-3.9166667,509,179,3,133.71617,383,9,383,9,61.830887,174.79123,48.674362,8.138522,22,0.807788,38,9,7,7538.66507706061
D044,NR056,S010,NR056_S010,AS,China,Chaobai River,2,Palearctic,PA04,AS2,116.6619,40.2648,116.6628994,40.26487138,116.664,40.2649,26,NA,957.36676,41,1.066,483087.16,11.458334,12.3875,29.147058,1144.2522,30.6,-11.85,42.5,24.716667,-3.4333334,24.716667,-3.4333334,519,185,3,134.96758,393,9,393,9,214.74042,661.35803,18.88947,56.930305,22,0.832348,29.3395,9,9,7538.66507706061
D044,NR056,S011,NR056_S011,AS,China,Chaobai River,2,Palearctic,PA04,AS2,116.6233,40.2996,116.6228539,40.2996,116.623,40.2996,18,NA,529.95355,57,0.59,264657.5,11.395833,11.65,28.064903,1132.9243,30.2,-11.3,41.5,24.533333,-3.3666668,24.533333,-3.3666668,508,178,3,133.56111,382,9,382,9,82.78401,425.60214,6.540709,8.069434,22,0.903458,45,10,9,7538.66507706061
D044,NR057,S001,NR057_S001,AS,China,North Canal,2,Palearctic,PA04,AS2,116.4213,39.9488,116.4213,39.94951384,116.421,39.9488,13,NA,20.062788,51,0.1965,11370.525,12.429167,11.15,27.757048,1109.8676,31.3,-8.9,40.199997,25.4,-1.8999999,25.4,-1.8999999,565,201,4,134.81656,428,13,428,13,0,0,0,20.038265,11,0.932359,46,10,10,3903.32393515976
D044,NR057,S002,NR057_S002,AS,China,North Canal,2,Palearctic,PA04,AS2,116.367,39.948,116.368047,39.94895178,116.367,39.948,24,NA,9.656664,55,0.176,5492.3057,12.466666,11.191667,27.902157,1105.8508,31.4,-8.8,40.2,25.416666,-1.7833333,25.416666,-1.7833333,570,198,4,133.35811,429,13,429,13,0,0,0,9.873343,11,0.943645,38,10,10,3903.32393515976
D044,NR057,S003,NR057_S003,AS,China,North Canal,2,Palearctic,PA04,AS2,116.5341,39.9702,116.5346711,39.97129455,116.535,39.9709,16,NA,99.67723,35,0.142,55852.066,12.25,11.5,28.255527,1116.9604,31.1,-9.6,40.7,25.266666,-2.2,25.266666,-2.2,555,203,3,138.40312,427,10,427,10,0.58478934,0,0.14622334,97.48268,11,0.938966,30.2967,10,10,3903.32393515976
D044,NR057,S004,NR057_S004,AS,China,North Canal,2,Palearctic,PA04,AS2,116.4961,39.968,116.495981,39.96877332,116.496,39.968,17,NA,26.400286,41,0.052,14576.36,12.304167,11.233334,27.825907,1114.5535,31.1,-9.3,40.4,25.316666,-2.0833333,25.316666,-2.0833333,558,203,3,137.89255,428,10,428,10,0,0,0,26.978382,11,0.941448,38.4367,10,10,3903.32393515976
D044,NR057,S005,NR057_S005,AS,China,North Canal,2,Palearctic,PA04,AS2,116.4594,39.9686,116.4595428,39.96876316,116.4560932,39.97383149,16,NA,18.858517,43,0.1965,10398.496,12.395833,11.125,27.680798,1111.4995,31.2,-9,40.2,25.4,-1.9499999,25.4,-1.9499999,556,201,3,136.79352,426,10,426,10,0,0,0,18.861988,11,0.942191,34,10,10,3903.32393515976
D044,NR057,S006,NR057_S006,AS,China,North Canal,2,Palearctic,PA04,AS2,116.4916,39.959,116.4916,39.95959487,116.5117589,39.9713941,13,NA,53.746597,39.5,0.1965,30386.4,12.341667,11.175,27.695158,1112.9818,31.150002,-9.15,40.300003,25.341667,-2.0333333,25.341667,-2.0333333,553,202,3,138.47118,425,10,425,10,0,0,0,54.34645,11,0.939644,30.527,10,10,3903.32393515976
D044,NR057,S007,NR057_S007,AS,China,North Canal,2,Palearctic,PA04,AS2,116.4413,39.9438,116.4422135,39.94458097,116.446,39.9489,NA,NA,29.214092,50,0.032,16567.926,12.458333,11.125,27.70158,1109.0485,31.3,-8.8,40.1,25.433334,-1.8333333,25.433334,-1.8333333,566,202,4,135.24492,429,13,429,13,0,0,0,29.84018,11,0.938003,42,10,10,3903.32393515976
D044,NR057,S008,NR057_S008,AS,China,North Canal,2,Palearctic,PA04,AS2,116.3649,39.9497,116.3649,39.9497,116.363,39.9472,23,NA,8.675827,55.5,0.176,4934.13,12.464582,11.1875,27.895409,1105.7043,31.349998,-8.8,40.1,25.408333,-1.7916666,25.408333,-1.7916666,569,198,4,133.48022,428,13,428,13,0,0,0,8.045063,11,0.943645,38,10,10,3903.32393515976
D044,NR057,S009,NR057_S009,AS,China,North Canal,2,Palearctic,PA04,AS2,116.2934,39.9513,116.2934,39.95225178,116.29,39.9552,23,NA,7.0174055,57.5,0.1965,3953.459,12.395833,11.120833,27.802082,1104.331,31.2,-8.8,40,25.308332,-1.8333333,25.308332,-1.8333333,562,194,3,133.60724,425,11,425,11,0,0,0,7.533403,11,0.940499,38,10,10,3903.32393515976
D044,NR057,S010,NR057_S010,AS,China,North Canal,2,Palearctic,PA04,AS2,116.4299,39.8707,116.4297858,39.87132818,116.436,39.8759,15,NA,42.500557,46,0.176,24276.844,12.50625,11.2875,28.026554,1109.1987,31.4,-8.9,40.3,25.491667,-1.7833333,25.491667,-1.7833333,565.5,205.5,3,138.20389,434.5,11,434.5,11,0,0,0,43.6932,11,0.931025,32.7282,10,10,3903.32393515976
D044,NR057,S011,NR057_S011,AS,China,North Canal,2,Palearctic,PA04,AS2,116.2737,40.1165,116.2737,40.1165,116.273,40.1183,6,NA,242.61937,43,0.28,128611.96,12.029166,11.925,28.974047,1118.417,31,-10.2,41.1,25.066666,-2.45,25.066666,-2.45,535,183,3,132.27832,403,10,403,10,84.45431,50.594162,7.0818524,96.142334,22,0.953527,46,10,10,3903.32393515976
D044,NR057,S012,NR057_S012,AS,China,North Canal,2,Palearctic,PA04,AS2,116.2239,40.098,116.2239,40.098,116.224,40.098,11,NA,175.79562,44,0.205,92759.53,11.870833,11.933333,29.095354,1111.9666,30.7,-10.3,41,24.816668,-2.5166667,24.816668,-2.5166667,528,180,3,132.85419,399,9,399,9,72.84729,47.67349,4.5994997,46.571907,22,0.885822,31.3395,10,10,3903.32393515976
D044,NR057,S013,NR057_S013,AS,China,North Canal,2,Palearctic,PA04,AS2,116.311,40.0179,116.311,40.0179,116.315,40.0145,13,NA,79.59302,48,0.188,42240.426,12.258333,11.45,28.217821,1112.8318,31.2,-9.4,40.6,25.25,-2.1166666,25.25,-2.1166666,549,189,3,133.53941,415,10,415,10,7.894913,17.10191,2.630935,49.411816,11,0.947796,46,10,10,3903.32393515976
D044,NR057,S014,NR057_S014,AS,China,North Canal,2,Palearctic,PA04,AS2,116.3709,40.0298,116.3703289,40.02975241,116.368,40.0326,15,NA,151.86026,44,0.235,82343.35,12.233334,11.558333,28.329247,1117.978,31.2,-9.6,40.800003,25.3,-2.2166667,25.3,-2.2166667,544,190,3,134.50833,414,10,414,10,8.041017,18.270746,2.7039828,120.24456,11,0.887272,34,10,10,3903.32393515976
D044,NR057,S015,NR057_S015,AS,China,North Canal,2,Palearctic,PA04,AS2,116.5508,39.9054,116.5512895,39.90544079,116.551,39.9069,18,NA,72.872215,35,0.121,41653.7,12.422916,11.470834,28.288128,1114.1062,31.2,-9.3,40.5,25.416668,-1.9666667,25.416668,-1.9666667,567.5,211,3,139.54343,438,12,438,12,0,0,0,71.357544,11,0.943739,38,10,10,3903.32393515976
D044,NR057,S016,NR057_S016,AS,China,North Canal,2,Palearctic,PA04,AS2,116.4766,39.9031,116.4766,39.9031,116.477,39.9037,12,NA,57.22992,44,0.121,32748.059,12.485416,11.1625,27.819393,1108.6196,31.3,-8.85,40.149998,25.45,-1.8083333,25.45,-1.8083333,578,209,4,135.95953,439,15,439,15,0,0,0,57.014507,11,0.956869,42,10,10,3903.32393515976
D044,NR057,S017,NR057_S017,AS,China,North Canal,2,Palearctic,PA04,AS2,116.621,40.0062,116.6212379,40.00721127,116.621,40.008,7,NA,2099.6052,28.5,2.821,1088243.8,12.043751,11.8375,28.717178,1123.334,30.9,-10.35,41.2,25.125,-2.5333333,25.125,-2.5333333,543,201,3,138.92743,417,10,417,10,584.4867,745.4276,118.70661,646.42755,22,0.87702,30.6295,10,9,3903.32393515976
D044,NR057,S018,NR057_S018,AS,China,North Canal,2,Palearctic,PA04,AS2,116.5255,40.0685,116.5255381,40.06798604,116.525,40.0685,18,NA,1956.9937,29,2.566,1011371.75,11.85,11.908334,28.863268,1122.5316,30.6,-10.6,41.3,24.9,-2.7166667,24.9,-2.7166667,537,194,3,136.99539,410,9,410,9,520.7131,734.901,113.820076,586.7266,22,0.767312,34,10,10,3903.32393515976
D044,NR057,S019,NR057_S019,AS,China,North Canal,2,Palearctic,PA04,AS2,116.4258,39.9751,116.4258,39.97545692,116.427,39.9761,9,NA,7.3430195,50,0.1965,3963.1152,12.35,11.108334,27.63267,1112.1743,31.2,-9,40.2,25.35,-2,25.35,-2,539,194,2,138.39401,415,8,415,8,0,0,0,8.187876,11,0.935725,42,10,10,3903.32393515976
D044,NR057,S020,NR057_S020,AS,China,North Canal,2,Palearctic,PA04,AS2,116.3472,39.9746,116.3479818,39.97456601,116.353,39.9754,21,NA,9.521622,56,0.1965,5361.222,12.3875,11.166667,27.798508,1108.169,31.3,-8.9,40.199997,25.366667,-1.8999999,25.366667,-1.8999999,563,195,4,133.1863,424,12,424,12,0,0,0,10.454958,11,0.936395,34,10,10,3903.32393515976
D044,NR057,S021,NR057_S021,AS,China,North Canal,2,Palearctic,PA04,AS2,116.9113,39.7746,116.9105862,39.77474277,116.925,39.7728,9,NA,2818.0574,18.5,3.69,1481250.2,11.825,11.583334,28.390522,1109.0796,30.2,-10.6,40.800003,24.733334,-2.5833335,24.733334,-2.5833335,540,210,2,143.49338,421,11,421,11,823.38135,746.14,132.81387,1101.8098,22,0.763022,21.4151,5,9,3903.32393515976
D044,NR057,S022,NR057_S022,AS,China,North Canal,2,Palearctic,PA04,AS2,116.9455,39.7621,116.9455,39.7621,116.941,39.7617,10,NA,20381.453,17,16.4295,9828942,11.825,11.458333,28.16092,1110.7328,30.1,-10.5,40.7,24.75,-2.5833333,24.75,-2.5833333,539,209,2,143.10869,419,11,419,11,3617.6055,9460.216,5725.1807,1426.4625,22,0.844419,32,9,9,3903.32393515976
D044,NR057,S023,NR057_S023,AS,China,North Canal,2,Palearctic,PA04,AS2,116.943,39.7137,116.943,39.7137,116.943,39.7137,14,NA,20409.283,16,16.455,9848934,11.845833,11.55,28.308823,1113.0292,30.2,-10.6,40.800003,24.8,-2.6000001,24.8,-2.6000001,541,209,2,142.90608,421,11,421,11,3642.0264,9468.74,5724.8364,1435.6222,22,0.773805,29.3395,10,8,3903.32393515976
D044,NR057,S024,NR057_S024,AS,China,North Canal,2,Palearctic,PA04,AS2,116.9427,39.6789,116.9502572,39.68468685,116.946,39.6783,13,NA,20415.098,15,16.455,9852062,11.877083,11.554167,28.270172,1114.1833,30.3,-10.6,40.9,24.85,-2.5833335,24.85,-2.5833335,540,209,2,143.53215,422,11,422,11,3660.8108,9467.45,5742.5264,1410.2112,22,0.756025,21.3395,5,8,3903.32393515976
D044,NR057,S025,NR057_S025,AS,China,North Canal,2,Palearctic,PA04,AS2,116.9685,39.6376,116.9888002,39.6579274,116.971,39.6392,11,NA,20420.072,13.5,0.1965,9850615,11.893749,11.533334,28.209047,1113.5525,30.3,-10.6,40.9,24.866667,-2.55,24.866667,-2.55,540,208.5,2,143.11716,420.5,11,420.5,11,3685.5154,9455.272,5816.792,1343.8912,22,0.781912,18.8525,3,8,3903.32393515976
D002,NR058,S001,NR058_S001,AS,Sourth Korea,Hyeongsan River,2,Palearctic,PA04,AS2,129.195,35.71,129.1954283,35.71085661,129.195,35.7102,NA,22,30.372766,154,0.514,37350.094,12.579166,9.5,28.432837,880.6067,28.3,-5.1,33.4,22.933332,1.3333334,22.933332,1.3333334,1196,231,22,71.7145,607,92,607,92,11.543607,18.437962,0,0.46485975,32,0.789889,34,9,7,12104.4228830488
D002,NR058,S002,NR058_S002,AS,Sourth Korea,Hyeongsan River,2,Palearctic,PA04,AS2,129.24,35.93722222,129.2404283,35.93874508,129.241,35.9372,NA,13,653.3761,31.5,9.577,758937.25,13.204166,9.675,28.641964,891.73596,28.95,-4.8,33.8,23.666668,1.7750001,23.666668,1.7750001,1104.5,209,23,69.509674,552,94,552,94,349.3283,266.28094,16.319538,16.08593,23,0.820346,43.6951,9,7,12104.4228830488
D002,NR058,S003,NR058_S003,AS,Sourth Korea,Hyeongsan River,2,Palearctic,PA04,AS2,129.2886111,35.99222222,129.2885757,35.99365262,129.288,35.9925,NA,18,1039.1914,29,0.335,1186941.9,13.120833,9.591667,28.521826,893.1163,28.8,-4.9,33.7,23.583334,1.6333333,23.583334,1.6333333,1093,204,24,68.03319,540,97,540,97,555.1116,431.48093,21.104189,18.71085,32,0.663746,46.75,10,8,12104.4228830488
D002,NR058,S004,NR058_S004,AS,Sourth Korea,Hyeongsan River,2,Palearctic,PA04,AS2,129.3836111,36.03083333,129.3721856,36.00958542,129.3554805,36.00132868,NA,11,1127.8865,5,15.663,1283208.2,13.804167,9.583333,28.72873,883.21844,29.4,-3.9,33.3,24.133333,2.4666667,24.133333,2.4666667,1137,208,27,66.505424,557,107,557,107,605.35596,458.96878,23.188232,26.045494,11,0.754536,39.6464,10,8,12104.4228830488
D002,NR059,S001,NR059_S001,AS,Sourth Korea,Taehwa River,2,Palearctic,PA04,AS2,129.1075,35.54777778,129.1075714,35.54884854,129.108,35.5487,NA,14,15.514495,216,0.314,20946.818,12.641666,9.383333,28.434343,868.9161,28.2,-4.9,33,22.866667,1.5500001,22.866667,1.5500001,1261,246,21,73.09013,649,90,649,90,4.2687654,11.796898,0,0,22,0.780626,36,10,8,7632.3257627931
D002,NR059,S002,NR059_S002,AS,Sourth Korea,Taehwa River,2,Palearctic,PA04,AS2,129.2311111,35.58527778,129.2311111,35.58527778,129.231,35.5862,NA,8,344.2722,61,5.352,433443.38,13.285417,9.2625,28.412577,856.45667,28.75,-3.9,32.6,23.366667,2.4083333,23.425,2.4083333,1213.5,227.5,23,69.60428,606.5,94.5,581,94.5,166.11311,162.68947,4.578267,5.7430243,51,0.795616,29.0764,9,8,7632.3257627931
D002,NR059,S003,NR059_S003,AS,Sourth Korea,Taehwa River,2,Palearctic,PA04,AS2,129.2938889,35.545,129.2948128,35.54545176,129.294,35.5463,NA,12,433.02295,51,6.866,542833.94,13.70625,9.416666,28.828453,856.2687,29.25,-3.45,32.7,23.8,2.875,23.849998,2.875,1236,227.5,24,67.83624,609.5,100,584,100,207.14655,206.98032,5.820027,13.504523,11,0.661416,40.75,10,10,7632.3257627931
D002,NR059,S004,NR059_S004,AS,Sourth Korea,Taehwa River,2,Palearctic,PA04,AS2,129.3566667,35.54416667,129.3574635,35.54709273,129.359,35.5456,NA,16,650.99023,7,5.1485,809068.8,14.154167,9.495833,29.083569,849.94055,29.8,-2.9,32.65,24.191666,3.3416667,24.3,3.3416667,1255,227.5,26.5,66.54428,613.5,108,587.5,108,328.74942,253.16241,10.937915,56.099895,11,0.764984,36.7282,10,10,7632.3257627931
D002,NR060,S001,NR060_S001,AS,Sourth Korea,Seomjin River,2,Palearctic,PA04,AS2,127.6225,35.18833333,127.6229283,35.18754811,127.623,35.1865,NA,24,4452.4385,147,2.244,6093347.5,12.445833,9.575,27.89855,926.0803,28.9,-5.5,34.3,23.5,0.65000004,23.5,0.65000004,1361,291,24,79.69345,740,92,740,92,1724.6406,2577.7769,78.41362,15.647012,52,0.531724,24,6,6,8735.56253576319
D002,NR060,S002,NR060_S002,AS,Sourth Korea,Seomjin River,2,Palearctic,PA04,AS2,127.7263889,35.075,127.7298153,35.07856919,127.731,35.0786,NA,31,4602.118,45,93.19,6304918,13.245833,9.533334,28.422619,898.8301,29.3,-4.3,33.6,23.933334,1.85,23.933334,1.85,1372,281,21,78.78634,740,88,740,88,1759.0154,2695.4155,78.72452,15.647012,51,0.676108,37,8,7,8735.56253576319
D002,NR060,S003,NR060_S003,AS,Sourth Korea,Seomjin River,2,Palearctic,PA04,AS2,127.7755556,35.03166667,127.7751273,35.02995346,127.775,35.0311,NA,18,4635.7344,9,96.273,6345995,13.516666,9.675,28.794643,894.07477,29.5,-4,33.6,24.116667,2.2333333,24.116667,2.2333333,1380,276,21,77.97846,739,88,739,88,1766.3008,2715.6963,80.211075,16.427881,32,0.551793,31,4,7,8735.56253576319
D002,NR060,S004,NR060_S004,AS,Sourth Korea,Seomjin River,2,Palearctic,PA04,AS2,127.7577778,34.96694444,127.7636313,34.97422559,127.7814547,34.98933492,NA,18,4894.169,48,95.1185,6709098.5,13.604167,9.325,28.343466,880.7189,29.3,-3.6,32.9,23.983334,2.4499998,23.983334,2.4499998,1386,272,21,76.96108,735,88,734,88,1885.9598,2847.9465,82.31555,16.427881,12,0.595994,32.6295,9,8,8735.56253576319
D002,NR061,S001,NR061_S001,AS,Sourth Korea,Nakdong River,2,Palearctic,PA04,AS2,128.4858333,35.38861111,128.4864339,35.38629861,128.487,35.3863,NA,19,20355.152,13,255.865,24850316,13.327084,10.454166,29.906952,909.1431,29.55,-5.4,34.95,24.075,1.7166666,24.075,1.7166666,1305,265,18,78.88587,702,81,702,81,9561.802,9748.77,432.8521,382.00494,21,0.654868,37.75,10,6,20693.9575778452
D002,NR061,S002,NR061_S002,AS,Sourth Korea,Nakdong River,2,Palearctic,PA04,AS2,128.7738889,35.34444444,128.7739467,35.34872067,128.774,35.3487,NA,16,21145.36,5.5,266.527,25866292,13.595833,10.041666,29.386002,888.948,29.5,-4.6499996,34.15,24.05,2.25,24.05,2.25,1304.5,254,21,74.76487,682.5,89.5,682.5,89.5,9991.344,10037.507,448.56445,398.42767,31,0.606918,31.1867,9,8,20693.9575778452
D002,NR061,S003,NR061_S003,AS,Sourth Korea,Nakdong River,2,Palearctic,PA04,AS2,128.9769444,35.29916667,128.9811798,35.29962897,128.981,35.3018,NA,19,23019.408,58,291.543,28222244,13.525,9.066667,27.616869,863.42474,29,-3.8,32.8,23.616667,2.5333333,23.766666,2.5333333,1326,250,21,71.96742,675,92,631,92,10758.696,11106.118,467.68402,423.94446,23,0.648522,37,10,9,20693.9575778452
D002,NR061,S004,NR061_S004,AS,Sourth Korea,Nakdong River,2,Palearctic,PA04,AS2,128.9519444,35.12027778,128.9595424,35.13553896,128.9945584,35.20704835,NA,14,23372.486,2,0.402,28685366,14.21875,8.8375,27.31836,856.8626,29.6,-2.8,32.35,24.166666,3.2833333,24.391666,3.2833333,1422.5,252.5,24,68.82089,701,103.5,656.5,103.5,10773.25,11372.446,476.93246,474.5722,11,0.563902,-9999,-9999,-9999,20693.9575778452
D015,NR062,S001,NR062_S001,AS,Thailand,Chao Phraya,1,Indomalayan,IN02,AS1,98.7577972,18.4023991,98.75037328,18.43361763,98.698165,18.423255,41,25,11858.871,279,0.042,13064757,26.11875,11.991667,51.121796,272.08148,36.9,13.5,23.400002,26.85,22.316668,28.908335,22.316668,909.5,169.5,2,79.40335,437.5,18,291,18,2860.893,8610.34,281.28625,82.920906,21,0.769834,21,0,6,30171.3209446157
D015,NR062,S002,NR062_S002,AS,Thailand,Chao Phraya,1,Indomalayan,IN02,AS1,98.6011963,18.0648994,98.60238603,18.06326352,98.593871,18.092984,42,24,19300.973,269,28.1605,20622420,26.229168,11.695833,51.114765,245.81606,37.2,14.25,22.9,26.650002,22.95,28.9,22.925,973,181,3,77.729965,455.5,22,241,53,4498.581,14052.535,645.1242,85.54713,21,0.539016,19,0,4,30171.3209446157
D015,NR062,S003,NR062_S003,AS,Thailand,Chao Phraya,1,Indomalayan,IN02,AS1,98.9989014,17.2453995,98.9989014,17.24159236,99.02437422,17.23962792,30,12,26287.719,259,73.735,27626190,26.291666,10.683333,51.368755,235.5104,36.4,15.8,20.8,26.383333,23.533333,29.05,23.05,1000,206,4,84.30368,504,20,247,54,5192.134,19658.943,1096.7463,85.54713,61,0.393979,8.75751,0,4,30171.3209446157
D015,NR062,S004,NR062_S004,AS,Thailand,Chao Phraya,1,Indomalayan,IN02,AS1,99.1797028,16.7873993,99.18098771,16.78889836,99.18349814,16.78607088,35,19,39109.492,106,96.6425,41257180,27.391666,11.099999,52.269173,232.75482,37.7,16.5,21.2,27.35,24.816668,30.233334,24.216667,1263,239,4,83.8287,626,21,257,52,9279.102,27772.893,1559.686,128.74207,32,0.69789,14,0,6,30171.3209446157
D015,NR062,S005,NR062_S005,AS,Thailand,Chao Phraya,1,Indomalayan,IN02,AS1,99.5050964,16.4740009,99.51520911,16.48209107,99.52236768,16.45340921,45,25,42588.555,79,112.0775,45569224,27.697918,10.929167,54.920433,198.76848,37.4,17.5,19.900002,27.691668,25.425001,30.083334,25,1201.5,225,3,82.23872,593,21,251,50,11114.942,29073.695,1885.8068,131.11937,21,0.680543,39,10,7,30171.3209446157
D015,NR062,S006,NR062_S006,AS,Thailand,Chao Phraya,1,Indomalayan,IN02,AS1,99.7341003,16.2208996,99.72294658,16.21703298,99.72362379,16.21729939,43,22,42775.1,60,135.223,45780116,27.8125,10.674999,55.025772,197.23346,37.3,17.9,19.4,27.833332,25.483334,30.108334,25.133333,1075.5,204,3,79.946785,528.5,21,238,45,11168.989,29093.244,2061.9265,133.41394,21,0.783542,20,0,5,30171.3209446157
D015,NR062,S007,NR062_S007,AS,Thailand,Chao Phraya,1,Indomalayan,IN02,AS1,99.9991989,15.9556999,99.98868338,15.93464745,99.97643188,15.93476296,41,22,44671.445,42,130.547,48115640,28.025,10.599999,55.745617,192.86662,37.2,18.1,19.1,27.966667,25.833332,30.266666,25.366667,1110,220,4,80.446915,548,21,258,46,12667.422,29105.469,2385.6575,136.16516,21,0.607627,26,0,7,30171.3209446157
D015,NR062,S008,NR062_S008,AS,Thailand,Chao Phraya,1,Indomalayan,IN02,AS1,100.0719986,15.8472996,100.0698879,15.84594274,100.0534317,15.85066,49,21,44688.434,37,128.238,48114710,28.1125,10.674999,55.8312,197.68054,37.25,18.1,19.15,28,25.925,30.4,25.4,1112,221,4,80.8872,550,21,259,43,12743.786,29228.178,2199.3801,139.63571,23,0.699736,19.3795,0,7,30171.3209446157
D015,NR062,S009,NR062_S009,AS,Thailand,Chao Phraya,1,Indomalayan,IN02,AS1,99.6496964,19.3304005,99.61562252,19.33116193,99.61708,19.33834,21,17,192.736,587,1.03,229083.78,24.14375,11.308333,50.46503,283.03064,34.3,11.9,22.400002,25.625,20.208334,26.933332,20.183334,1168,226.5,4,83.02782,604,25,374,54.5,11.787879,166.10008,13.765919,0,54,0.391767,5.31221,0,5,30171.3209446157
D015,NR062,S010,NR062_S010,AS,Thailand,Chao Phraya,1,Indomalayan,IN02,AS1,99.6377029,19.1375999,99.6227123,19.13795682,99.62258384,19.14501388,28,10,505.32007,421,2.986,588880.7,25.116667,11.975,51.216022,285.75357,35.8,12.4,23.4,26.516666,21.166666,27.983334,21.116667,1141,215,3,82.95235,583,21,373,50,122.23529,361.98535,18.356195,0,23,0.757884,20,0,5,30171.3209446157
D015,NR062,S011,NR062_S011,AS,Thailand,Chao Phraya,1,Indomalayan,IN02,AS1,99.6496964,18.7880993,99.64017856,18.78838484,99.63039,18.78524,19,14,1361.4948,345.5,5.412,1546941.1,25.445833,11.675,50.96228,277.60596,36,13.1,22.9,26.675,21.65,28.25,21.558334,1139.5,209,3,82.434906,574.5,20,374,47,376.02338,943.6916,52.65324,0.18025161,54,0.729939,16,0,5,30171.3209446157
D015,NR062,S012,NR062_S012,AS,Thailand,Chao Phraya,1,Indomalayan,IN02,AS1,99.553299,18.6555004,99.54558955,18.65621424,99.56273187,18.669677,26,16,2416.8572,300,7.139,2737391.2,25.55,11.599999,50.25362,278.22354,36.2,13.1,23,26.766666,21.699999,28.333334,21.683332,1131,203,3,82.792244,567,19,371,46,537.33655,1736.6222,132.62961,0.99346673,54,0.57443,20,0,5,30171.3209446157
D015,NR062,S013,NR062_S013,AS,Thailand,Chao Phraya,1,Indomalayan,IN02,AS1,99.6496964,18.4867992,99.63199321,18.48717991,99.63251644,18.51834865,19,6,2942.9744,286,7.4,3309345.8,25.666666,11.841666,51.1544,274.8674,36.5,13.3,23.100002,26.8,21.933334,28.433334,21.816668,1144,212,3,84.39219,576,17,376,45,607.721,2139.9128,188.42058,1.1743535,32,0.592384,7.25342,0,7,30171.3209446157
D015,NR062,S014,NR062_S014,AS,Thailand,Chao Phraya,1,Indomalayan,IN02,AS1,99.3965988,18.1613007,99.39207592,18.16341138,99.38732327,18.15915002,28,18,5331.3696,222,2.177,5861726.5,26.402084,12.291666,52.0218,269.4254,37.5,13.9,23.6,26.933334,22.816666,29.158333,22.633333,1014.5,201,4,82.00844,491,19,333,53,1637.4076,3329.0076,306.87164,28.079235,23,0.763198,22,0,7,30171.3209446157
D015,NR062,S015,NR062_S015,AS,Thailand,Chao Phraya,1,Indomalayan,IN02,AS1,99.2398987,17.6068993,99.22695443,17.6166075,99.23207,17.641443,16,23,8972.298,175,14.386,9520511,26.900002,11.8625,52.20752,252.54874,37.7,15,22.7,27.166668,23.758333,29.666668,23.383333,978,202,3,83.66262,487,19,243,53,2692.6887,5854.924,366.66925,32.974564,23,0.807385,28,8,5,30171.3209446157
D015,NR062,S016,NR062_S016,AS,Thailand,Chao Phraya,1,Indomalayan,IN02,AS1,99.1194,17.2695007,99.09709255,17.26533664,99.09539055,17.26057263,27,20,10284.656,142.5,9.026999,10764052,27.335417,11.5875,52.078705,244.57503,38.15,15.9,22.25,27.441666,24.433334,30.183332,23.958334,1008,215,4,87.0805,514,20,253,57,3092.6526,6751.0054,351.64832,33.88241,32,0.676397,15.1651,0,4,30171.3209446157
D015,NR062,S017,NR062_S017,AS,Thailand,Chao Phraya,1,Indomalayan,IN02,AS1,100.3010025,19.1014004,100.2654593,19.10303628,100.2750638,19.11983802,34,21,1647.8232,306.5,7.8975,1931237.8,25.504168,11.758333,52.72795,271.55975,35.5,13.2,22.3,26.933332,21.75,28.15,21.616667,1141,229,4,85.40886,609,20,370,41,438.70526,1037.9598,157.75574,0.09012884,23,0.601861,20,0,5,30171.3209446157
D015,NR062,S018,NR062_S018,AS,Thailand,Chao Phraya,1,Indomalayan,IN02,AS1,100.276001,18.8845005,100.2658883,18.88702868,100.2638221,18.88597684,29,17,2115.1636,266,17.836,2451112.8,25.845833,12.158333,53.545322,270.54938,36.1,13.4,22.699999,27.216667,22.116667,28.5,22.05,1131,222,4,84.71664,592,19,375,38,515.4344,1408.9912,188.66986,0.27060983,23,0.747211,15,0,4,30171.3209446157
D015,NR062,S019,NR062_S019,AS,Thailand,Chao Phraya,1,Indomalayan,IN02,AS1,100.1800003,18.4867992,100.1588826,18.47757879,100.1599592,18.51035558,20,15,5573.891,186,26.672,6240207.5,26.175,12,53.33333,263.20108,36.4,13.9,22.5,27.383333,22.516666,28.816668,22.5,1113,216,4,84.67161,568,19,377,37,1054.8926,3989.6396,531.17035,1.4450284,32,0.765153,13.6295,0,5,30171.3209446157
D015,NR062,S020,NR062_S020,AS,Thailand,Chao Phraya,1,Indomalayan,IN02,AS1,100.1320038,18.1371994,100.1253413,18.13796083,100.1254502,18.13385473,41,27,7615.62,157,29.649,8439360,26.525,12.000001,53.148148,260.28067,37,14.5,22.5,27.583334,22.933334,29.216667,22.916666,1130,221,6,84.75778,574,23,389,38,1936.7235,4928.725,735.52356,14.763481,11,0.825137,32.7282,9,7,30171.3209446157
D015,NR062,S021,NR062_S021,AS,Thailand,Chao Phraya,1,Indomalayan,IN02,AS1,99.7823029,17.5105,99.76267235,17.52120757,99.758724,17.517281,31,29,12589.252,75.5,33.453,13845406,27.377083,11.545834,53.206604,235.76648,37.75,16.05,21.7,27.8,24.391666,29.95,24.125,1138.5,224.5,5,83.94525,543.5,22,275.5,48,3128.6594,7243.0464,2162.4836,29.185673,21,0.713308,24.3795,7,5,30171.3209446157
D015,NR062,S022,NR062_S022,AS,Thailand,Chao Phraya,1,Indomalayan,IN02,AS1,99.8063965,17.0042992,99.79797321,17.00715455,99.82046004,17.021528,39,25,16583.467,49,4.187,18005530,27.779167,10.691667,52.929043,217.60536,37.5,17.3,20.2,28.016666,25.016666,30.183334,24.8,1127,222,3,84.89934,554,21,259,46,5522.4336,8548.114,2431.7754,34.01376,21,0.815821,33.5,9,7,30171.3209446157
D015,NR062,S023,NR062_S023,AS,Thailand,Chao Phraya,1,Indomalayan,IN02,AS1,100.2160034,16.6427002,100.2079812,16.63622807,100.1894263,16.65463425,29,23,21811.13,41.5,67.037994,23879056,27.7125,10.020833,54.144146,200.59892,36.7,18.2,18.5,28.183334,25.116667,29.933334,24.983334,1155.5,217,4,83.49452,581,22.5,253,37,10214.595,8844.717,2544.4812,64.11099,21,0.688231,18.2856,0,7,30171.3209446157
D015,NR062,S024,NR062_S024,AS,Thailand,Chao Phraya,1,Indomalayan,IN02,AS1,100.2639999,16.3293991,100.2661686,16.32705363,100.269535,16.30993982,35,24,47889.863,35,75.718,55519636,27.795834,10.091667,54.256268,195.0578,36.9,18.3,18.600002,27.916666,25.383333,30.016666,25.133333,1110,218,3,83.95375,551,18,254,34,20184.514,20916.969,6246.186,114.323456,21,0.742944,17.0002,0,6,30171.3209446157
D015,NR062,S025,NR062_S025,AS,Thailand,Chao Phraya,1,Indomalayan,IN02,AS1,100.8190002,19.1495991,100.8063415,19.14887098,100.8131099,19.16444915,42,17,2225.9956,262,35.045,2804833.5,25.5,12.125,55.189396,259.72888,35.1,13.2,21.999998,27.066668,21.833334,27.95,21.833334,1247,261,4,89.57874,695,21,399,21,308.30603,1462.4476,444.64813,1.5312638,22,0.683789,15.7282,0,6,30171.3209446157
D015,NR062,S026,NR062_S026,AS,Thailand,Chao Phraya,1,Indomalayan,IN02,AS1,100.7590027,18.5590992,100.7647317,18.55593318,100.7665623,18.57503145,45,26,8751.015,188,24.574,10510518,26.179167,11.975,54.22323,259.67163,36.2,14.1,22.1,27.516666,22.566666,28.733334,22.55,1188,226,3,85.92386,623,18,404,32,2135.5586,5162.1973,1433.5117,10.92206,23,0.722876,20,0,5,30171.3209446157
D015,NR062,S027,NR062_S027,AS,Thailand,Chao Phraya,1,Indomalayan,IN02,AS1,100.8909988,18.3059998,100.8736049,18.29468546,100.89173,18.33093,21,22,227.95515,268.5,2.23,257814.94,25.710417,11.141666,53.445515,248.6578,35.25,14.3,20.9,26.933334,22.308332,28.15,22.158333,1182,218.5,3,85.464035,605,16,418.5,27,0.72472644,224.42188,1.7217187,0,52,0.136563,7.64645,0,4,30171.3209446157
D015,NR062,S028,NR062_S028,AS,Thailand,Chao Phraya,1,Indomalayan,IN02,AS1,100.5419998,17.7033005,100.5177293,17.7218603,100.5570721,17.73907893,13,7,2912.679,110,180.645,3448022.5,26.733334,11.066667,53.80609,232.17677,36.5,15.8,20.600002,27.533333,23.666666,29.133333,23.466667,1457,308,5,90.3979,779,25,509,30,520.93976,1987.0267,269.91733,0.5449604,51,0.540083,9.06868,0,5,30171.3209446157
D015,NR062,S029,NR062_S029,AS,Thailand,Chao Phraya,1,Indomalayan,IN02,AS1,100.1320038,17.6068993,100.1036604,17.60297947,100.09945,17.610415,33,11,16817.625,66,188.984,19774200,27.516666,11.766667,55.218067,226.15695,37.6,16.3,21.3,28.216667,24.516666,29.933334,24.4,1397,269,6,87.60806,718,27,481,43,4137.7344,9677.344,2700.7192,18.559105,21,0.755361,33.75,9,7,30171.3209446157
D015,NR062,S030,NR062_S030,AS,Thailand,Chao Phraya,1,Indomalayan,IN02,AS1,100.2399979,16.8476009,100.2537036,16.84959965,100.260212,16.823194,40,16,24217.37,49.5,258.037,29555244,27.916666,10.583334,55.66478,200.99365,37,17.95,19,28.391666,25.375,30.125,25.133333,1226,226,4.5,84.00698,616,26,266.5,36.5,7975.4023,12285.894,3639.2024,25.761677,21,0.790202,33.4782,9,8,30171.3209446157
D015,NR062,S031,NR062_S031,AS,Thailand,Chao Phraya,1,Indomalayan,IN02,AS1,100.4329987,16.3414001,100.4061176,16.33545145,100.3926999,16.34757108,37,16,1342.876,34,6.275,1691642.2,27.904167,10.258333,55.360363,194.62617,36.8,18.3,18.5,28.3,25.516666,30.099998,25.216667,1164,227,4,84.49784,588,19,265,33,1279.1216,42.71601,9.515711,5.581528,21,0.722567,26.0004,0,7,30171.3209446157
D015,NR062,S032,NR062_S032,AS,Thailand,Chao Phraya,1,Indomalayan,IN02,AS1,100.276001,15.8955002,100.2836811,15.88216391,100.2645361,15.86845217,38,20,370.37262,27,296.368,402559.44,28.083334,10.275,55.36036,195.87024,37,18.5,18.5,28.083332,25.766666,30.333334,25.383333,1062,214,2,83.888565,536,15,246,33,357.77563,3.8501215,1.6486179,2.6599376,21,0.778356,22,0,7,30171.3209446157
D015,NR062,S033,NR062_S033,AS,Thailand,Chao Phraya,1,Indomalayan,IN02,AS1,100.1679993,15.7146997,100.1675472,15.7129389,100.1445486,15.70414563,49,31,64289.887,25,0.355,74201180,28.358334,10.591667,56.8018,186.16139,37.2,18.6,18.6,28.166666,26.416668,30.566668,25.833332,1089,218,4,81.45237,539,20,250,40,33910.74,22861.873,6781.3267,181.80783,23,0.794681,42.75,9,8,30171.3209446157
D015,NR062,S034,NR062_S034,AS,Thailand,Chao Phraya,1,Indomalayan,IN02,AS1,100.1200027,15.5579996,100.1147203,15.55257443,100.115004,15.55008037,48,29,109080.37,24,540.951,122440230,28.183334,10.383333,56.278038,183.28389,37.1,18.650002,18.449997,28.083332,26.116665,30.341667,25.7,1088,224.5,4,81.369675,542.5,20,248.5,45.5,46760.793,52003.766,9012.589,340.36804,32,0.716205,21,0,6,30171.3209446157
D015,NR062,S035,NR062_S035,AS,Thailand,Chao Phraya,1,Indomalayan,IN02,AS1,100.0839996,15.276,100.0561871,15.27179515,100.083389,15.250957,33,25,116964.13,20.5,12.169,131706030,27.952084,9.929167,55.875465,173.49655,36.7,18.9,17.800001,27.958334,25.9,29.966667,25.616667,1018.5,221.5,3,83.857315,530.5,16.5,222.5,43,52864.586,53208.438,9461.517,370.22803,21,0.772433,12.0895,0,7,30171.3209446157
D015,NR062,S036,NR062_S036,AS,Thailand,Chao Phraya,1,Indomalayan,IN02,AS1,100.3970032,14.9385004,100.3738587,14.91806168,100.4005133,14.89863702,46,32,118573.1,12,492.433,133417780,27.783333,9.633333,56.66667,169.187,36.1,19.1,16.999998,27.833334,25.733334,29.683332,25.466667,888,209,2,88.32264,481,13,191,35,54456.516,53068.055,9543.063,372.7196,21,0.786463,20.3395,0,8,30171.3209446157
D015,NR062,S037,NR062_S037,AS,Thailand,Chao Phraya,1,Indomalayan,IN02,AS1,100.4449997,14.6131001,100.3604812,14.59634869,100.4511334,14.57653397,52,36,119193.21,9,13.04,133984500,27.872917,9.720833,58.034973,166.57574,36.05,19.3,16.75,27.916666,25.866667,29.725,25.583332,947,210,4,85.08772,500.5,19,204,47,54284.63,53835.938,9687.063,374.78967,21,0.797658,36.5,9,8,30171.3209446157
D015,NR062,S038,NR062_S038,AS,Thailand,Chao Phraya,1,Indomalayan,IN02,AS1,100.5419998,14.1550999,100.5120548,14.15697464,100.5359588,14.11932582,52,33,153989.06,4.5,391.46597,171320770,27.816666,9.008334,58.959694,153.50916,35.2,19.9,15.300001,27.908333,25.875,29.491667,25.725,1038,235,4,86.79414,553,15,256,42.5,84251.77,57183.406,10648.209,640.9958,21,0.694314,34,9,7,30171.3209446157
D015,NR062,S039,NR062_S039,AS,Thailand,Chao Phraya,1,Indomalayan,IN02,AS1,100.4929962,13.8176003,100.5029465,13.8195638,100.4977334,13.7406153,26,19,154891.92,6,824.622,172301150,28.175,8.775001,61.30536,134.5447,34.7,20.4,14.300001,28.166666,26.55,29.683332,26.333334,1202,268,4,88.13078,650,20,329,50,85067.625,57013.062,10415.376,988.9594,11,0.826731,41.75,10,10,30171.3209446157
D045,NR063,S001,NR063_S001,AS,China,Dongjiang River,1,Indomalayan,IN01,AS1,115.4582,25.1888,115.5937163,25.16292336,115.455,25.1888,93,30,27.301224,662,0.279,47489.957,17.545834,8.3,31.25,655.11316,29.9,3.4,26.5,21.116667,10.533333,24.966667,8.95,1716,279,39,57.623093,759,150,599,198,9.587199,18.136349,0,0,12,0.381168,6.8525,0,6,10907.0171510157
D045,NR063,S002,NR063_S002,AS,China,Dongjiang River,1,Indomalayan,IN01,AS1,115.657811,25.095779,115.658739,25.09549346,115.658,25.0958,82,55,106.972725,373,2.537,182688,18.975,8.8,32.234432,666.21216,31.8,4.5,27.3,22.583334,11.849999,26.533333,10.25,1646,268,39,58.039185,735,147,573,192,24.703413,82.04484,0,0,12,0.691406,6.27992,0,6,10907.0171510157
D045,NR063,S003,NR063_S003,AS,China,Dongjiang River,1,Indomalayan,IN01,AS1,115.756838,24.965357,115.7573139,24.96547597,115.757,24.9654,77,36,409.7188,302,10.407,684687.6,19.558332,8.925,32.78186,659.7708,32.4,5,27.300001,23.116667,12.483334,26.983334,10.883333,1620,263,38,58.19095,723,144,565,187,155.29048,253.87222,0.25927562,0.6913389,51,0.685692,9.72822,0,7,10907.0171510157
D045,NR063,S004,NR063_S004,AS,China,Dongjiang River,1,Indomalayan,IN01,AS1,115.589112,25.035367,115.5894689,25.03543838,115.59,25.0354,90,35,53.005512,462.5,0.245,91441.67,18.579166,8.508333,31.856342,657.3685,31.1,4.3,26.75,22.133333,11.558333,26,9.933333,1677.5,274,38,58.45503,749,145.5,588.5,192,19.70398,33.356743,0.34568805,0,51,0.527148,14,0,6,10907.0171510157
D045,NR063,S005,NR063_S005,AS,China,Dongjiang River,1,Indomalayan,IN01,AS1,115.626175,24.987508,115.6268531,24.98718677,115.626,24.9871,91,28,89.676544,368,1.1800001,153283.11,19.254166,9.033333,33.105286,662.7058,32.05,4.75,27.3,22.816666,12.183333,26.75,10.566668,1655,271.5,37.5,58.95501,743.5,144.5,586.5,188,30.338211,59.292217,0.34570175,0,23,0.805645,23,2,6,10907.0171510157
D045,NR063,S006,NR063_S006,AS,China,Dongjiang River,1,Indomalayan,IN01,AS1,115.688994,24.834056,115.6887561,24.83438318,115.69,24.8341,75,31,885.598,294,22.766,1480606.4,19.754168,9.008333,33.149513,653.1687,32.4,5.3,27.199999,23.266666,12.933333,27.116667,11.150001,1635,266,36,58.670723,729,143,581,186,413.1501,460.65607,2.7676535,6.573189,21,0.438797,6.31868,0,6,10907.0171510157
D045,NR063,S007,NR063_S007,AS,China,Dongjiang River,1,Indomalayan,IN01,AS1,115.597245,24.801479,115.5980064,24.80136003,115.598,24.8016,76,24,228.19818,279.5,6.415,389432.97,19.735416,8.8875,33.070015,650.35754,32.15,5.4,26.899998,23.266666,16.633333,27.041666,11.175,1641.5,271,36,59.226944,736,142,582.5,187,42.750748,183.25839,1.990218,0.08651192,23,0.408625,7.33947,0,6,10907.0171510157
D045,NR063,S008,NR063_S008,AS,China,Dongjiang River,1,Indomalayan,IN01,AS1,115.578525,24.894683,115.578525,24.894683,115.578,24.8954,83,26,142.09448,415,1.6435001,245106.48,18.945833,8.45,31.860903,651.8137,31.4,4.8,26.5,22.483334,11.983334,26.3,10.366667,1666,275,37,59.3758,749,143,591,188,21.453842,119.80904,0.6920485,0.08651192,51,0.274027,6.2593,0,6,10907.0171510157
D045,NR063,S009,NR063_S009,AS,China,Dongjiang River,1,Indomalayan,IN01,AS1,115.635971,24.726405,115.6354654,24.72625628,115.635,24.7261,77,44,1429.3676,241,6.759,2391630.2,20.229166,9.208333,33.73016,651.23004,33,5.7,27.3,23.716667,17.133333,27.566668,11.7,1633,267,35,58.77791,724,139,586,185,662.7367,747.9641,5.5371165,7.439204,21,0.75993,22,0,7,10907.0171510157
D045,NR063,S010,NR063_S010,AS,China,Dongjiang River,1,Indomalayan,IN01,AS1,115.518213,24.751577,115.5188376,24.75139854,115.518,24.7518,90,37,157.34537,291.5,3.973,267598.3,19.766666,8.970833,33.457947,646.06134,32.2,5.3500004,26.800001,23.266666,16.691668,27.008333,11.266666,1649.5,275,35,59.16497,738.5,140,584.5,189,52.567448,104.85161,0.4329176,0.25980031,32,0.377501,14.527,0,7,10907.0171510157
D045,NR063,S011,NR063_S011,AS,China,Dongjiang River,1,Indomalayan,IN01,AS1,115.495863,24.575623,115.4955418,24.57444517,115.496,24.5756,73,42,2241.0107,194.5,56.464,3748394.2,20.277082,8.679167,33.016476,637.8913,32.5,6.2,26.3,23.716667,17.266666,27.416668,11.891666,1621.5,272.5,34,58.944756,719,134,570.5,189,956.5272,1263.7642,8.310569,8.478943,23,0.318588,7.56868,0,7,10907.0171510157
D045,NR063,S012,NR063_S012,AS,China,Dongjiang River,1,Indomalayan,IN01,AS1,115.44458,24.455426,115.4453414,24.45437904,115.445,24.4546,84,33,2614.4485,218,0.518,4361968.5,20.339584,8.370833,32.811478,622.017,32.2,6.6499996,25.5,23.675,17.5,27.316666,12.158333,1640.5,278,33,59.242973,722,130.5,581,190.5,1144.1371,1442.9641,11.172329,9.346702,23,0.236714,11.9859,0,7,10907.0171510157
D045,NR063,S013,NR063_S013,AS,China,Dongjiang River,1,Indomalayan,IN01,AS1,115.289283,24.334629,115.289283,24.334629,115.29,24.3347,73,25,5443.3726,132.5,135.163,9081357,20.7125,8.379167,32.683556,624.9598,32.55,6.95,25.6,24.083334,17.791668,27.683334,12.491667,1657.5,287,33,59.81406,731.5,127,587.5,198,2141.2908,3202.3074,17.324547,21.214954,23,0.336176,22,0,7,10907.0171510157
D045,NR063,S014,NR063_S014,AS,China,Dongjiang River,1,Indomalayan,IN01,AS1,115.258692,24.137787,115.258692,24.137787,115.26,24.1378,74,30,7603.951,91,197.416,12774364,21.316666,8.583333,33.776245,613.43634,33,7.6,25.4,24.599998,18.458334,28.158333,13.266666,1674,292,31,60.812492,731.5,120,610,197.5,3160.6045,4305.8174,26.095963,33.98593,21,0.681767,32.7282,4,7,10907.0171510157
D045,NR063,S015,NR063_S015,AS,China,Dongjiang River,1,Indomalayan,IN01,AS1,115.094027,24.000363,115.0953119,24.00121961,115.094,24.0005,69,46,8094.801,81.5,210.225,13615255,21.35625,8.241667,33.199265,600.5589,32.7,7.9,24.8,24.55,18.641666,28.025,13.450001,1714,305,31,62.561253,769,123,635,191,3372.5376,4574.568,29.75063,49.836563,23,0.522384,16,2,6,10907.0171510157
D045,NR063,S016,NR063_S016,AS,China,Dongjiang River,1,Indomalayan,IN01,AS1,114.932361,23.885076,114.9321978,23.88546759,114.933,23.8846,71,18,9438.082,98.5,237.07849,15998964,21.16875,7.979167,32.903957,594.0496,32.2,7.95,24.2,24.341667,18.516666,27.716667,13.333333,1771,319.5,31,65.31091,826,127.5,674,182,3662.4521,5585.275,54.61615,52.27848,32,0.462283,13.75,0,6,10907.0171510157
D045,NR063,S017,NR063_S017,AS,China,Dongjiang River,1,Indomalayan,IN01,AS1,114.705594,23.721982,114.7053518,23.72119253,114.705,23.7212,71,24,15790.568,40,353.6635,26921756,22.04375,8.195833,33.883236,585.25037,33,8.9,24.15,25.1,15.916667,28.458334,14.333333,1891,345,32,69.881516,920.5,129,758.5,171,5107.265,9966.184,124.15999,144.9037,11,0.710187,39,10,7,10907.0171510157
D045,NR063,S018,NR063_S018,AS,China,Dongjiang River,1,Indomalayan,IN01,AS1,114.694263,23.529988,114.6935777,23.52975957,114.693,23.5295,79,28,16627.643,34.5,0.464,28447748,21.891666,7.979166,33.63095,576.6327,32.5,8.8,23.7,24.933334,15.866667,28.216667,14.283333,1841,330,31,68.69734,869.5,122,761,161,5370.254,10454.878,142.33784,176.4498,23,0.677338,27.75,2,7,10907.0171510157
D045,NR063,S019,NR063_S019,AS,China,Dongjiang River,1,Indomalayan,IN01,AS1,114.522443,23.318308,114.5228999,23.31883012,114.52,23.318,76,27,20496.09,22,609.32446,35472360,21.933332,7.55,32.546497,571.2738,32.2,9,23.2,27.166666,15.95,28.183332,14.35,1817,315,32,67.89088,840,116,794,151,6709.049,12862.767,253.72935,204.17783,23,0.365624,19.75,0,8,10907.0171510157
D045,NR063,S020,NR063_S020,AS,China,Dongjiang River,1,Indomalayan,IN01,AS1,114.605266,23.167819,114.6046133,23.16777821,114.604,23.1689,74,33,20754.316,15,615.812,35918084,22.181252,7.4624996,32.640404,559.8887,32.3,9.4,22.9,27.325,16.3,28.283333,14.733334,1823,312.5,32,68.537315,845,113,827,144,6846.637,12924.649,255.48651,205.58063,22,0.555577,23,6,9,10907.0171510157
D045,NR063,S021,NR063_S021,AS,China,Dongjiang River,1,Indomalayan,IN01,AS1,114.394956,23.114175,114.3953095,23.11376709,114.395,23.114,74,52,25147.08,16,1.166,43884388,22.370832,6.966666,31.636501,559.4537,32.1,10.1,21.999998,28.4,16.566666,28.416666,14.916667,1804,302,32,69.02106,831,109,831,137,8554.287,15071.077,329.62878,608.49963,11,0.685404,42,10,10,10907.0171510157
D045,NR063,S022,NR063_S022,AS,China,Dongjiang River,1,Indomalayan,IN01,AS1,114.122396,23.046564,114.1199214,23.04980007,114.117,23.0495,77,25,25720.889,7,783.414,44897016,22.3375,7.3083334,32.51488,560.7199,32.3,9.8,22.5,28.45,16.533333,28.45,14.9,1816,298,36,69.00223,860,118,860,147,8786.306,15310.941,350.76575,665.5128,22,0.759082,42,10,10,10907.0171510157
D045,NR063,S023,NR063_S023,AS,China,Dongjiang River,1,Indomalayan,IN01,AS1,113.868512,23.102135,113.8667274,23.1047762,113.869,23.1054,65,25,27860.373,4,4.0875,48783264,22.504166,7.291667,32.552086,563.3376,32.6,10.2,22.399998,28.633333,16.733334,28.633333,15.033333,1765,285,37,67.351974,819,120,819,153,9494.246,15716.062,373.78235,1594.483,11,0.738538,42.005,10,10,10907.0171510157
D045,NR063,S024,NR063_S024,AS,China,Dongjiang River,1,Indomalayan,IN01,AS1,114.882658,24.380337,114.8830577,24.38121264,114.883,24.3816,81,24,335.75897,293,5.163,598574.1,19.908333,8.141666,32.09635,623.1512,31.6,6.2,25.4,23.300001,17.016666,26.883333,11.716666,1745,313,35,62.75683,804,134,629,196,41.052765,296.7464,1.9101554,0.26052135,51,0.416118,6.8525,0,6,10907.0171510157
D045,NR063,S025,NR063_S025,AS,China,Dongjiang River,1,Indomalayan,IN01,AS1,114.934695,24.417544,114.9347093,24.41697293,114.935,24.4175,78,23,215.38905,179,6.957,375005.56,20.5375,8.583333,32.886337,635.7677,32.6,6.5,26.099998,24,17.566668,27.65,12.183333,1722,306,35,62.416344,790,133,625,195,89.06698,114.660446,1.9090639,6.9475784,23,0.516504,19,5,6,10907.0171510157
D045,NR063,S026,NR063_S026,AS,China,Dongjiang River,1,Indomalayan,IN01,AS1,114.981275,24.336339,114.9813749,24.33720988,114.981,24.337,65,35,672.72906,163.5,20.92,1184374.8,20.622917,8.720834,33.397186,633.4856,32.6,6.5,26.100002,24.075,17.633333,27.708334,12.283334,1707.5,307.5,33,62.716385,785,129,613,193,180.17542,484.73605,3.8192196,7.2949715,32,0.338533,6.75751,0,6,10907.0171510157
D045,NR063,S027,NR063_S027,AS,China,Dongjiang River,1,Indomalayan,IN01,AS1,115.063057,24.370146,115.0636995,24.37047437,115.063,24.3701,80,35,62.163177,158,1.941,106170.7,20.75,8.75,33.365017,631.9594,32.8,6.6,26.2,24.183334,17.733334,27.833334,12.4,1702,302,33,61.740467,772,129,609,196,30.580862,30.660923,0.08685768,0.2606839,23,0.729697,21,0,6,10907.0171510157
D045,NR063,S028,NR063_S028,AS,China,Dongjiang River,1,Indomalayan,IN01,AS1,115.153816,24.386553,115.1546786,24.38649351,115.154,24.3866,65,20,556.47327,136,1.076,944985.4,20.710417,8.629167,33.077415,634.27466,32.8,6.7,26.099998,24.15,17.725,27.833334,12.358334,1671,293,33,60.935738,751,128,594,196.5,322.44522,231.4056,2.6034842,0.86795914,23,0.564185,8.93834,0,7,10907.0171510157
D045,NR063,S029,NR063_S029,AS,China,Dongjiang River,1,Indomalayan,IN01,AS1,115.144592,24.28588,115.1445716,24.28612474,115.145,24.2859,76,26,1615.2819,160,36.678,2789687,20.7875,8.591667,33.333336,621.16504,32.6,6.9,25.7,24.15,17.883333,27.733334,12.616667,1692,300,33,61.447018,761,127,605,197,708.3556,887.555,6.7703776,11.987888,23,0.47362,9.90375,0,7,10907.0171510157
D045,NR063,S030,NR063_S030,AS,China,Dongjiang River,1,Indomalayan,IN01,AS1,114.065567,22.772248,114.0653386,22.77293328,114.067,22.7723,87,38,186.50601,36,6.683,361176.84,22.6125,7.05,32.790703,538.4882,32.1,10.6,21.499998,28.441666,17.066666,28.441666,15.458334,1978.5,349.5,30,76.62814,1013,104,1013,115.5,36.172714,27.72647,2.2008133,119.71669,23,0.835378,30.8525,10,10,10907.0171510157
D045,NR063,S031,NR063_S031,AS,China,Dongjiang River,1,Indomalayan,IN01,AS1,114.10338,22.814773,114.10338,22.814773,114.103,22.8148,76,24,434.48083,26,8.768,845079.1,22.597916,7.0916667,32.869297,539.52344,32.1,10.6,21.599998,28.449999,17.058334,28.449999,15.425,1921.5,331,30,75.19859,969.5,103,969.5,116.5,110.60901,57.02092,3.5205092,252.67265,11,0.796642,30.4151,10,10,10907.0171510157
D045,NR063,S032,NR063_S032,AS,China,Dongjiang River,1,Indomalayan,IN01,AS1,114.082698,22.88755,114.0827337,22.88801399,114.083,22.8876,68,27,628.92175,47,21.842,1215527.8,22.216667,6.9166665,31.989248,545.3189,31.9,10.2,21.7,28.133333,16.566666,28.133333,14.933333,1904,320,32,73.330025,947,108,947,128,161.33932,139.04137,4.9270077,313.95917,23,0.651403,38,10,10,10907.0171510157
D045,NR063,S033,NR063_S033,AS,China,Dongjiang River,1,Indomalayan,IN01,AS1,115.000375,23.213929,115.000375,23.213929,115.001,23.2133,76,35,112.11985,103,4.08,202514.75,21.55,7.6166663,33.665195,555.35,31.5,8.8,22.6,26.666666,15.75,27.616667,14.183333,1759,292,30,66.91701,800,111,780,145,30.848936,80.17155,0.7007451,0,23,0.447037,15,0,7,10907.0171510157
D045,NR063,S034,NR063_S034,AS,China,Dongjiang River,1,Indomalayan,IN01,AS1,115.023444,23.125779,115.023908,23.12538639,115.024,23.1255,80,28,97.67624,97,0.647,175326.86,21.658333,7.4083333,33.52187,547.29224,31.3,9.2,22.099998,26.65,15.950001,27.6,14.383333,1749,289,30,67.31093,796,109,791,141,22.804558,75.33085,0.61389303,0,23,0.591328,14.2624,0,7,10907.0171510157
D045,NR063,S035,NR063_S035,AS,China,Dongjiang River,1,Indomalayan,IN01,AS1,114.974225,23.185481,114.9755099,23.18614725,114.975,23.1863,76,28,103.08304,129,3.703,186608.14,21.466667,7.5458336,33.51811,553.4258,31.4,8.8,22.5,26.566666,15.658333,27.516666,14.1,1775.5,295.5,30,67.1844,810,111,792.5,144,22.527828,73.63179,7.802019,0,23,0.521014,15,0,7,10907.0171510157
D045,NR063,S036,NR063_S036,AS,China,Dongjiang River,1,Indomalayan,IN01,AS1,114.988092,23.153133,114.988901,23.15282367,114.988,23.1531,89,30,284.43164,99,10.464,512257.56,21.6625,7.591666,33.74074,551.6303,31.5,9,22.5,26.75,15.883333,27.683334,14.316667,1756,291,30,67.34239,800,108,789,140,68.98642,201.14787,10.695228,0.17538682,32,0.422834,7.27992,0,7,10907.0171510157
D045,NR063,S037,NR063_S037,AS,China,Dongjiang River,1,Indomalayan,IN01,AS1,114.953006,23.137086,114.953006,23.137086,114.954,23.1372,88,37,81.49025,194,1.347,150857.02,21.254166,7.45,33.48148,546.7625,31,8.8,22.3,26.283333,15.55,27.216667,14,1793,296,30,67.49155,816,110,808,143,14.996958,65.337616,3.5957017,0.087699786,32,0.459999,7.31868,0,7,10907.0171510157
D045,NR063,S038,NR063_S038,AS,China,Dongjiang River,1,Indomalayan,IN01,AS1,114.990944,23.100504,114.9905021,23.10057198,114.99,23.1012,85,29,396.39343,81,14.454,717274.94,21.814583,7.4791665,33.709473,547.13495,31.5,9.3,22.2,26.85,16.108334,27.758333,14.541666,1749,290,30,67.600784,798,108,794.5,139,99.59964,281.57605,14.817257,0.26308662,32,0.367394,7.27992,0,7,10907.0171510157
D045,NR063,S039,NR063_S039,AS,China,Dongjiang River,1,Indomalayan,IN01,AS1,114.954146,23.04845,114.953105,23.04868795,114.954,23.0494,79,34,1554.7086,38,2.499,2695928.5,22.104166,7.491667,33.819134,545.15216,31.8,9.7,22.099998,28.033333,16.433334,28.033333,14.866667,1743,290,30,68.19502,801,106,801,134,320.04022,1151.6667,37.79788,0.35085908,22,0.791945,15,4,7,10907.0171510157
D045,NR063,S040,NR063_S040,AS,China,Dongjiang River,1,Indomalayan,IN01,AS1,114.827683,23.037196,114.8277017,23.03798462,114.828,23.0379,79,30,1835.0393,42,66.4085,3203883.2,22.066668,7.333334,33.333332,546.7105,31.7,9.7,22,28,16.4,28,14.816667,1778,298,30,69.00786,821,105,821,133,435.05167,1321.4299,50.524025,2.1068988,23,0.750636,22.0472,0,7,10907.0171510157
D045,NR063,S041,NR063_S041,AS,China,Dongjiang River,1,Indomalayan,IN01,AS1,114.774899,23.00534,114.7752036,23.00537807,114.774,23.0059,65,18,2053.7612,25,3.3140001,3607833.2,22.195833,7.275,33.105022,548.077,31.8,9.8,22,28.166666,16.483334,28.166666,14.916667,1798,302,30,69.52679,837,104,837,131,519.43896,1440.4548,56.58171,2.633868,23,0.772937,19.8111,4,7,10907.0171510157
D045,NR063,S042,NR063_S042,AS,China,Dongjiang River,1,Indomalayan,IN01,AS1,114.682535,22.975854,114.6825231,22.97621092,114.682,22.9888,75,29,2196.378,27,0.395,3866133.8,22.320833,7.2,32.838657,546.511,31.9,10,21.9,28.25,16.616667,28.25,15.049999,1825,306,30,70.27657,857,105,857,130,593.48816,1482.7129,59.657257,23.36241,23,0.684708,30.3087,9,7,10907.0171510157
D045,NR063,S043,NR063_S043,AS,China,Dongjiang River,1,Indomalayan,IN01,AS1,114.726977,22.945788,114.728062,22.94634479,114.728,22.9458,85,35,37.432816,60,0.961,68111.96,22.03125,6.9875,32.38372,542.8436,31.5,9.9,21.55,27.933334,16.383333,27.933334,14.816666,1824,305,30,70.65055,861.5,103,861.5,128.5,18.365873,16.696415,1.5815345,0,23,0.684244,33.8377,8,7,10907.0171510157
D045,NR063,S044,NR063_S044,AS,China,Dongjiang River,1,Indomalayan,IN01,AS1,114.518593,23.030435,114.5188904,23.0313273,114.519,23.0304,78,32,2773.147,13,90.897,4929149.5,22.316666,7.3916664,32.85185,553.4867,32.2,9.7,22.5,28.35,16.533333,28.35,14.966666,1854,314,32,70.21291,872,110,872,136,951.3292,1693.5782,67.377266,36.71067,22,0.756778,27.6295,6,9,10907.0171510157
D045,NR063,S045,NR063_S045,AS,China,Dongjiang River,1,Indomalayan,IN01,AS1,114.499468,22.933549,114.4995572,22.93390592,114.499,22.9335,64,25,964.81476,87,33.787,1875737.8,21.8375,6.9333334,31.80428,550.96246,31.4,9.6,21.8,27.8,16.116667,27.8,14.5,1890,315,31,71.868385,909,105,909,128,339.22485,342.64746,4.6601696,270.45233,23,0.671642,25.937,7,9,10907.0171510157
D046,NR064,S001,NR064_S001,AS,China,Yangtze River,2,Palearctic,PA04,AS2,101.704992,26.559301,101.6980545,26.56071225,101.697,26.5601,10,5,237785.55,1116,10.735,124234380,20.829166,11.725,46.343876,484.8967,31.7,6.3,25.3,25.8,14.366667,25.8,14.366667,771,169,7,93.17459,456,24,366,24,16250.484,60695.902,154875.72,222.19806,11,0.905399,32,10,8,187700.725478489
D046,NR064,S002,NR064_S002,AS,China,Yangtze River,2,Palearctic,PA04,AS2,104.663765,28.770983,104.6595924,28.76551998,104.66,28.7664,7,8,587210.8,279,5068.866,410135460,18.154167,6.291667,24.770342,697.53827,31.2,5.8,25.400002,26.45,9.166667,26.45,9.166667,1168,225,20,78.38169,615,64,615,64,68748.52,233154.58,275064.12,2573.1157,11,0.65343,40,9,9,187700.725478489
D046,NR064,S003,NR064_S003,AS,China,Yangtze River,2,Palearctic,PA04,AS2,106.569237,29.549194,106.5714465,29.54871811,106.57,29.5466,4,5,660309.5,226,8538.119,488018080,18.608334,6.166667,22.744036,748.0772,33.1,6,27.1,27.608334,9.066667,27.608334,9.066667,1133,189,18,68.23666,517.5,59,517.5,59,126034.13,246448.48,275385.4,4220.4517,11,0.750187,35.3395,10,10,187700.725478489
D046,NR064,S004,NR064_S004,AS,China,Yangtze River,2,Palearctic,PA04,AS2,108.431135,30.762567,108.4204274,30.75960967,108.421,30.7633,7,8,923950.1,260,13106.904,754656830,18.04375,7.4416666,25.54504,777.4146,33.25,4.05,29.2,25.325,8.15,27.358334,8.15,1286,202.5,19,63.812714,549,67,531.5,67,258621.42,365049.44,283910.6,6665.6426,23,0.784782,33.4782,9,8,187700.725478489
D046,NR064,S005,NR064_S005,AS,China,Yangtze River,2,Palearctic,PA04,AS2,110.339299,31.052607,110.3394078,31.05301491,110.339,31.0522,9,6,948673.44,262,6806.699,786240400,16.545834,8.2625,27.079826,813.966,31.7,1.1500001,30.55,26.266666,6.1,26.266666,6.1,1179,210.5,21,64.46835,530.5,68.5,530.5,68.5,269594.7,378904.38,283391.66,6804.4346,23,0.516513,29.3122,8,7,187700.725478489
D046,NR064,S006,NR064_S006,AS,China,Yangtze River,2,Palearctic,PA04,AS2,111.401279,30.572617,111.3920807,30.57286174,111.388,30.5645,10,5,958917.06,73,0.5035,798241800,16.858334,7.9249997,25.9772,837.0813,31.9,1.3,30.5,26.866667,6.25,26.866667,6.25,1082,189,20,62.75219,495,72,495,72,271597.4,386348.8,284049.7,6924.548,23,0.590998,19.2669,7,8,187700.725478489
D046,NR064,S007,NR064_S007,AS,China,Yangtze River,2,Palearctic,PA04,AS2,113.115862,29.404822,113.1485895,29.46212007,113.114,29.4153,9,5,1241458.1,24.5,14226.009,1182777700,17.229166,7.008333,23.084332,858.423,32.1,1.7,30.399998,21.508333,6.4666667,27.616667,6.4666667,1278,212,43,50.315903,553,157,429.5,157,404527.72,523779.03,286294.12,10625.165,23,-9999,21.2532,7,10,187700.725478489
D046,NR064,S008,NR064_S008,AS,China,Yangtze River,2,Palearctic,PA04,AS2,114.295957,30.554757,114.2904078,30.56044221,114.285,30.5617,10,6,1262384.8,24,21791.426,1206835200,17.291666,7.8708334,24.815693,894.16516,32.8,1.1,31.75,25.85,6.041667,28.016666,6.016667,1283.5,209.5,33.5,54.537083,571,133.5,516,133.5,419715.53,527757.75,286111.3,11302.043,11,0.751452,37.75,10,10,187700.725478489
D046,NR064,S009,NR064_S009,AS,China,Yangtze River,2,Palearctic,PA04,AS2,116.027114,29.749655,116.0278673,29.75121593,116.027,29.7488,10,6,1471324.2,15,0.39,1413682300,17.566668,7.9666667,24.488752,907.5325,34,1.5,32.5,21.891666,8.341666,28.45,6.116667,1401,220,42,50.026505,600,162,473,177.5,514665.53,634126.9,286402.78,14629.468,11,0.628644,33.8525,9,10,187700.725478489
D046,NR064,S010,NR064_S010,AS,China,Yangtze River,2,Palearctic,PA04,AS2,117.743273,30.85942,117.7278422,30.86409989,117.724,30.8677,8,6,1659806,5,14337.963,1707242600,16.5,7.5666666,24.447968,880.1504,31.7,0.8,30.95,24.775,5.491667,27.091667,5.491667,1373.5,249,33,52.363945,556,138,543.5,138,597098.44,728119.25,289319.6,17687.855,21,0.59186,19.0075,7,8,187700.725478489
D046,NR064,S011,NR064_S011,AS,China,Yangtze River,2,Palearctic,PA04,AS2,118.746263,32.1204,118.7487104,32.11708235,118.745,32.1203,8,7,1700259.1,5,0.739,1755831900,15.970834,8.25,25.437168,920.41565,31.6,-0.8,32.45,26.991667,4.3416667,26.991667,4.3416667,1020,203.5,27,60.19021,471.5,105.5,471.5,105.5,622729.94,740331.25,288101.16,19778.035,11,0.651976,43.3795,10,10,187700.725478489
D053,NR065,S001,NR065_S001,AS,Japan,Oohorikawa River,2,Palearctic,PA04,AS2,139.9848286,35.87311078,139.9854915,35.87311078,139.9845241,35.87296403,16,9,24.245514,17,0.385,32464.635,14.85,8.483334,27.56096,793.531,30,-0.75,30.75,22.025,5.125,24.591667,5.125,1341,192,37,45.67009,500,131,476.5,131,0.85012543,0,0,22.880844,11,0.918119,49.441,10,10,526.568861421054
D053,NR065,S002,NR065_S002,AS,Japan,Oohorikawa River,2,Palearctic,PA04,AS2,139.9795013,35.87606385,139.9795013,35.87606385,139.979,35.8772,20,12,15.9258995,19,0.385,21319.914,14.877083,8.483334,27.566189,794.221,30.1,-0.7,30.800001,22.041666,5.1583333,24.625,5.1583333,1341.5,192,37,45.672997,499.5,130.5,477.5,130.5,0.15460794,0,0,16.234074,11,0.882292,49.441,10,10,526.568861421054
D053,NR065,S003,NR065_S003,AS,Japan,Oohorikawa River,2,Palearctic,PA04,AS2,139.9750116,35.87410348,139.9750626,35.87463036,139.975,35.8745,23,12,15.4736805,19,0.385,20712.504,14.908334,8.491667,27.562029,794.3918,30.1,-0.7,30.800001,22.066668,5.1666665,24.633333,5.1666665,1342,192,37,45.7866,500,130,479,130,0.077305324,0,0,16.156446,11,0.915479,41.2929,10,10,526.568861421054
D053,NR065,S004,NR065_S004,AS,Japan,Oohorikawa River,2,Palearctic,PA04,AS2,139.9689698,35.8720498,139.9689698,35.8720498,139.969,35.8735,22,13,13.859535,19,0.385,18550.215,14.904167,8.508333,27.597403,794.8369,30.1,-0.7,30.800001,22.066668,5.1666665,24.633333,5.1666665,1342,192,37,45.982952,502,130,481,130,0,0,0,14.301468,11,0.915479,41.2929,10,10,526.568861421054
D053,NR065,S005,NR065_S005,AS,Japan,Oohorikawa River,2,Palearctic,PA04,AS2,139.9623186,35.87332985,139.9622615,35.87390092,139.962,35.8746,22,12,11.876484,20,0.385,15894.664,14.904167,8.516667,27.615967,795.2057,30.1,-0.7,30.9,22.066668,5.1666665,24.65,5.1666665,1341,192,37,46.127228,502,129,481,129,0,0,0,12.21387,11,0.9175,41.2094,10,10,526.568861421054
D053,NR065,S006,NR065_S006,AS,Japan,Oohorikawa River,2,Palearctic,PA04,AS2,139.9562433,35.87382102,139.9562433,35.87467763,139.957,35.8746,22,13,11.563391,20,0.385,15474.467,14.904167,8.516667,27.615967,795.2057,30.1,-0.7,30.9,22.066668,5.1666665,24.65,5.1666665,1341,192,37,46.127228,502,129,481,129,0,0,0,11.904654,11,0.920526,41.0986,10,10,526.568861421054
D053,NR065,S007,NR065_S007,AS,Japan,Oohorikawa River,2,Palearctic,PA04,AS2,139.9532,35.87391557,139.9529145,35.87454375,139.953,35.8746,22,11,7.4020395,19,0.385,9930.923,14.904167,8.533334,27.615967,795.5796,30.150002,-0.75,30.900002,22.066666,5.1499996,24.658333,5.1499996,1343,192,37,46.15802,502,129,481,129,0,0,0,7.6521406,11,0.920526,41.0986,10,10,526.568861421054
D053,NR065,S008,NR065_S008,AS,Japan,Oohorikawa River,2,Palearctic,PA04,AS2,139.9464037,35.87398266,139.9460611,35.87466794,139.946,35.8729,28,12,5.4680166,20,0.385,7331.171,14.872917,8.5375,27.629452,795.9049,30.1,-0.8,30.900002,22.041666,5.116667,24.641666,5.116667,1341.5,192,36.5,46.268013,502,128.5,481,128.5,0,0,0,6.028946,11,0.899702,45,10,10,526.568861421054
D053,NR065,S009,NR065_S009,AS,Japan,Oohorikawa River,2,Palearctic,PA04,AS2,139.9392772,35.87173932,139.9392772,35.87201296,139.939,35.8729,20,11,4.6678953,20,0.385,6254.681,14.870833,8.5375,27.629452,796.1649,30.1,-0.8,30.9,22.041666,5.116667,24.641666,5.116667,1341,192,36,46.360306,502,128,481,128,0,0,0,4.7149634,11,0.899702,45,10,10,526.568861421054
D053,NR065,S010,NR065_S010,AS,Japan,Oohorikawa River,2,Palearctic,PA04,AS2,139.9339803,35.87700753,139.9345038,35.87699563,139.9344901,35.87709802,20,12,3.8051484,21,0.385,5097.932,14.845834,8.545834,27.633741,796.37866,30.1,-0.8,30.9,22.016666,5.0916667,24.608334,5.0916667,1340,192,36,46.419,502.5,127.5,482.5,127.5,0,0,0,3.8646262,11,0.93488,43.7282,10,10,526.568861421054
D014,NR066,S001,NR066_S001,EU,Switzerland,Thur River,2,Palearctic,PA04,EU2,9.1000004,47.4874992,9.101071157,47.4870709,9.10125,47.4868,NA,1,5.1223702,644,0.709,5740.925,8.4125,8.208334,32.16602,664.25665,22.5,-3,25.5,16.633333,1.5666667,16.633333,0.35000002,1112,135,59,27.79811,393,192,393,203,0.12891436,0.19337493,4.769759,0.12891436,23,0.761731,17.7575,7,8,1972.39281890499
D014,NR066,S002,NR066_S002,EU,Switzerland,Thur River,2,Palearctic,PA04,EU2,9.1395798,47.4478989,9.140579174,47.44725645,9.14041,47.4477,NA,2,9.939003,584,0.345,11526.869,8.716666,8.099999,31.679893,671.3972,22.8,-2.8,25.599998,16.966667,1.8,16.966667,0.5,1133,138,60,28.23257,401,197,401,206,0.45175233,2.130096,4.195421,3.2265568,23,0.832334,35,9,8,1972.39281890499
D014,NR066,S003,NR066_S003,EU,Switzerland,Thur River,2,Palearctic,PA04,EU2,9.08288,47.3750992,9.082909743,47.37453408,9.08288,47.3751,NA,2,308.08786,663,13.601,478679.1,8.277083,8.020834,31.83495,655.4867,22.1,-3.05,25.2,16.35,1.4666667,16.35,0.2916667,1243,152.5,65.5,28.164536,441,218,441,226.5,6.086561,147.3566,148.69675,4.3997087,32,0.59233,15.6295,7,7,1972.39281890499
D014,NR066,S004,NR066_S004,EU,Switzerland,Thur River,2,Palearctic,PA04,EU2,9.0989399,47.4547997,9.094565091,47.45724205,9.09885,47.4563,NA,1,1.9625765,575,0.709,2177.105,8.741667,8.25,31.853281,674.4588,23,-2.8,25.9,17.050001,1.8166667,17.050001,0.5,1116,135,59,27.580278,393,195,393,205,0.19352493,0,1.5482504,0,23,0.805648,35,9,8,1972.39281890499
D014,NR066,S005,NR066_S005,EU,Switzerland,Thur River,2,Palearctic,PA04,EU2,9.0971603,47.4618988,9.097231684,47.46075666,9.09716,47.4619,NA,3,546.2237,534,23.327,790234.6,8.918751,8.295834,31.858952,680.65607,23.3,-2.8,26.099998,17.291666,1.925,17.291666,0.5583333,1088.5,131,58,27.40543,382,191,382,201.5,15.832951,241.73245,275.38947,13.627195,23,0.741309,35,9,8,1972.39281890499
D014,NR066,S006,NR066_S006,EU,Switzerland,Thur River,2,Palearctic,PA04,EU2,9.0457602,47.4533005,9.044713237,47.45332429,9.045224621,47.45300257,NA,1,7.8632364,605,0.28,8886.453,8.608334,8.216666,31.847546,672.3393,22.9,-2.9,25.8,16.9,1.6833334,16.9,0.4,1117,135,59,27.778793,393,195,393,206,0.45139802,1.61176,4.641919,1.7413664,23,0.839445,45,10,9,1972.39281890499
D014,NR066,S007,NR066_S007,EU,Switzerland,Thur River,2,Palearctic,PA04,EU2,9.0750303,47.4272995,9.075315835,47.42728046,9.07541,47.4274,NA,2,498.50427,612.5,21.0665,737026.75,8.591666,8.158333,31.86849,665.797,22.6,-2.9,25.5,16.783333,1.6999999,16.783333,0.43333337,1165,141,61,27.85189,410,203,410,213,9.898083,231.99136,251.45316,7.0476933,23,0.730793,39,9,8,1972.39281890499
D014,NR066,S008,NR066_S008,EU,Switzerland,Thur River,2,Palearctic,PA04,EU2,9.0761003,47.4236984,9.076899799,47.42531643,9.07713,47.4245,NA,0,497.92917,622,0.435,736362.94,8.5125,8.125,31.841766,665.57263,22.5,-2.9,25.5,16.683334,1.6500001,16.683334,0.38333336,1167,141,61,27.739769,412,203,412,213,9.314003,229.65652,248.01726,6.918536,23,0.812464,39,9,8,1972.39281890499
D014,NR066,S009,NR066_S009,EU,Switzerland,Thur River,2,Palearctic,PA04,EU2,9.03333,47.4249992,9.032913594,47.42904428,9.03376,47.4239,NA,1,2.7477517,734,0.458,3341.7842,7.9541664,8.025,32.033333,650.5049,21.7,-3.3,25,16.016666,1.2,16.016666,0.083333336,1215,146,65,27.257322,427,214,427,225,0,1.7424911,1.0972681,0,23,0.605485,32,9,9,1972.39281890499
D014,NR066,S010,NR066_S010,EU,Switzerland,Thur River,2,Palearctic,PA04,EU2,9.2070303,47.4737015,9.208763907,47.47553708,9.20617,47.4746,NA,3,22.660286,535,0.54700005,25542.562,8.88125,8.3,31.864624,676.5139,23.2,-2.85,26.05,17.216667,1.8999999,17.216667,0.5999999,1088.5,133,57,28.51823,385.5,186.5,385.5,195,1.1605633,3.4174025,18.250679,0.6447388,23,0.700257,31,7,7,1972.39281890499
D014,NR066,S011,NR066_S011,EU,Switzerland,Thur River,2,Palearctic,PA04,EU2,9.2083902,47.4623985,9.207105291,47.46214866,9.20711,47.462,NA,1,16.870785,592,0.734,19320.768,8.670834,8.224999,31.879845,670.1338,22.8,-3,25.8,16.916666,1.7499999,16.916666,0.48333332,1124,138,58,28.654089,399,192,399,199,0.06452875,1.1613574,14.389164,0.8388057,23,0.69513,24,7,8,1972.39281890499
D014,NR066,S012,NR066_S012,EU,Switzerland,Thur River,2,Palearctic,PA04,EU2,9.1521196,47.4520988,9.151405762,47.45481139,9.15148,47.453,NA,3,682.2388,530,3.424,955420.7,8.933333,8.3,31.813845,681.1366,23.349998,-2.7,26.05,17.333332,1.95,17.333332,0.6166666,1092.5,133,58,28.034416,386,189.5,386,200,21.571695,270.26404,362.42917,28.794472,23,0.814665,35,9,8,1972.39281890499
D014,NR066,S013,NR066_S013,EU,Switzerland,Thur River,2,Palearctic,PA04,EU2,9.1756802,47.4583015,9.173787509,47.45873796,9.17464,47.4595,NA,1,687.2551,502.5,25.013,960882.25,9.108334,8.345833,31.891634,685.1352,23.55,-2.7,26.25,17.533333,2.0666666,17.533333,0.68333334,1073.5,130.5,57,27.916885,378.5,186.5,378.5,197.5,22.090187,273.50543,363.86646,28.794632,23,0.800001,18.3395,8,8,1972.39281890499
D014,NR066,S014,NR066_S014,EU,Switzerland,Thur River,2,Palearctic,PA04,EU2,9.1291704,47.4353981,9.131359504,47.43425596,9.13035,47.4336,NA,0,5.536161,650,0.31800002,6574.143,8.325,7.983333,31.705729,658.3502,22.2,-3,25.2,16.45,1.5166667,16.45,0.31666666,1183,144,62,28.229277,419,206,419,214,0.25814906,1.6782416,2.2591434,1.419837,23,0.842935,44,9,9,1972.39281890499
D014,NR066,S015,NR066_S015,EU,Switzerland,Thur River,2,Palearctic,PA04,EU2,9.2866802,47.4241982,9.2866802,47.4241982,9.28644,47.4246,NA,1,4.7040024,796,0.447,6007.96,7.7979164,7.7625,31.605692,640.05566,21.3,-3.3,24.599998,15.75,1.1333333,15.75,0.13333337,1265.5,155.5,63,30.614164,453.5,209.5,453.5,214,0,0.9033616,3.6777875,0,23,0.753907,31,9,8,1972.39281890499
D014,NR066,S016,NR066_S016,EU,Switzerland,Thur River,2,Palearctic,PA04,EU2,9.18542,47.4271011,9.186371784,47.42787442,9.18535,47.4278,NA,0,74.84532,617,2.53,95023.81,8.520833,7.9625,31.36483,665.3124,22.4,-3,25.4,16.708334,1.6166668,16.708334,0.3833334,1167.5,143,60,29.067982,414.5,199.5,414.5,206.5,1.6787828,19.120064,45.588974,7.8772893,23,0.729557,34,8,8,1972.39281890499
D014,NR066,S017,NR066_S017,EU,Switzerland,Thur River,2,Palearctic,PA04,EU2,9.1937504,47.4229012,9.1937504,47.4229012,9.19375,47.4229,NA,2,73.81137,631.5,2.53,93838.91,8.464583,7.9333334,31.299213,663.3938,22.349998,-3,25.349998,16.633333,1.5833333,16.633333,0.37500003,1174.5,145,61,29.11845,419,201,419,208,1.6787828,19.766176,45.008324,8.135553,23,0.702292,38,8,8,1972.39281890499
D014,NR066,S018,NR066_S018,EU,Switzerland,Thur River,2,Palearctic,PA04,EU2,9.1631899,47.4129982,9.16301144,47.41186796,9.16486,47.4112,NA,1,4.2248635,721,0.275,5239.7886,8.06875,7.7875,31.438658,649.26605,21.650002,-3.1,24.800001,16.083334,1.3083334,16.083334,0.20833331,1231.5,150.5,64,28.740318,436.5,212,436.5,220,0.06456281,2.518286,1.4850059,0,32,0.653262,27.7575,9,8,1972.39281890499
D014,NR066,S019,NR066_S019,EU,Switzerland,Thur River,2,Palearctic,PA04,EU2,9.21875,47.4104004,9.21777918,47.4104004,9.21875,47.4104,NA,1,59.592133,670,1.388,76765.875,8.3125,7.8916664,31.376518,657.5268,22.1,-3.1,25.2,16.416668,1.4666667,16.416668,0.30000004,1206,150,62,29.736725,432,205,432,210,1.5496913,17.24778,35.001156,5.876023,23,0.737539,39,9,8,1972.39281890499
D014,NR066,S020,NR066_S020,EU,Switzerland,Thur River,2,Palearctic,PA04,EU2,9.1875,47.4124985,9.187916406,47.41184415,9.18757,47.413,NA,2,5.9337673,752,0.709,7364.4546,7.945833,7.725,31.300814,646.0842,21.4,-3.2,24.6,15.933333,1.1999999,15.933333,0.116666675,1255,154,64,29.018476,446,213,446,219,0,1.2269387,3.9391315,0.83926207,23,0.805763,35.3395,8,8,1972.39281890499
D014,NR066,S021,NR066_S021,EU,Switzerland,Thur River,2,Palearctic,PA04,EU2,9.15417,47.4042015,9.156787407,47.40580764,9.15274,47.4071,NA,1,1.3425064,734,0.709,1687.3932,8.029167,7.7583337,31.410257,648.70544,21.6,-3.2,24.7,16.050001,1.2666667,16.050001,0.16666663,1238,152,64,28.732292,439,212,439,220,0,0.839412,0.3228549,0,32,0.523206,15.4367,7,8,1972.39281890499
D014,NR066,S022,NR066_S022,EU,Switzerland,Thur River,2,Palearctic,PA04,EU2,9.0764599,47.4104996,9.077245122,47.40981432,9.07772,47.4103,NA,3,485.68024,621,1.177,719923,8.4875,8.158334,32.058823,664.2259,22.5,-3,25.5,16.683334,1.6166668,16.683334,0.38333336,1176,142,62,27.635347,415,206,415,216,8.606791,226.56766,244.93262,6.3376446,32,0.732651,38,8,8,1972.39281890499
D014,NR066,S023,NR066_S023,EU,Switzerland,Thur River,2,Palearctic,PA04,EU2,9.0124998,47.3978996,9.0124998,47.3978996,9.0125,47.3979,NA,1,2.9759443,825,0.709,3858.1016,7.4895835,7.8291664,31.998486,633.28265,20.849998,-3.55,24.45,15.341666,0.8666667,15.341666,-0.116666675,1311,156.5,71.5,26.687561,458,234.5,458,244.5,0,0.7103476,2.195677,0.06457643,32,0.50655,12.4367,5,7,1972.39281890499
D014,NR066,S024,NR066_S024,EU,Switzerland,Thur River,2,Palearctic,PA04,EU2,9.2562504,47.4020996,9.255850651,47.40147142,9.25536,47.4021,NA,1,17.077286,771.5,0.69,22551.809,7.8770833,7.8166666,31.518787,645.02423,21.45,-3.3,24.8,15.858334,1.1333333,15.858334,0.083333336,1280,158,64,30.488304,460,214,460,217,0.4521882,3.2304692,10.9826565,2.0023563,23,0.646042,45,10,9,1972.39281890499
D014,NR066,S025,NR066_S025,EU,Switzerland,Thur River,2,Palearctic,PA04,EU2,9.2229204,47.3624992,9.2229204,47.3624992,9.22292,47.3625,NA,1,4.03697,917,0.844,5570.5454,7.1749997,7.6666665,31.805555,625.37384,20.3,-3.7,24.099998,14.933333,0.59999996,14.933333,-0.2833333,1381,169,73,28.631256,488,241,488,244,0,2.3266978,1.744983,0,23,0.481823,13.2967,6,7,1972.39281890499
D014,NR066,S026,NR066_S026,EU,Switzerland,Thur River,2,Palearctic,PA04,EU2,9.2729197,47.3792,9.268865098,47.37857182,9.26965,47.3796,NA,1,7.1474943,872,0.336,9596.979,7.4125004,7.7166667,31.724785,630.7759,20.650002,-3.6,24.3,15.225,0.775,15.225,-0.17500001,1344.5,165,69,29.50928,478,230.5,478,232.5,0,2.067668,5.0401206,0.06463089,23,0.763374,39,9,8,1972.39281890499
D014,NR066,S027,NR066_S027,EU,Switzerland,Thur River,2,Palearctic,PA04,EU2,9.2583303,47.3708,9.258273193,47.37022893,9.2591,47.3703,NA,1,1.3142432,873,0.336,1776.5078,7.4041667,7.675,31.714876,629.2834,20.6,-3.6,24.2,15.216667,0.78333336,15.216667,-0.15000002,1343,164,69,29.24694,477,231,477,233,0,0.4522767,0.96917415,0,23,0.568485,28.6295,9,8,1972.39281890499
D014,NR066,S028,NR066_S028,EU,Switzerland,Thur River,2,Palearctic,PA04,EU2,9.1051197,47.3852005,9.105262468,47.38466512,9.103733338,47.38535949,NA,1,122.90134,688.5,5.333,172023.14,8.2125,7.9083333,31.706507,651.9974,21.9,-3,24.9,16.25,1.4333333,16.25,0.28333333,1232,151,65,28.306042,438,215,438,223,1.3574865,65.12393,55.734493,0.9047983,32,0.515532,12.7575,5,7,1972.39281890499
D014,NR066,S029,NR066_S029,EU,Switzerland,Thur River,2,Palearctic,PA04,EU2,9.12082,47.3745003,9.121048428,47.37394827,9.121257176,47.37372154,NA,2,110.960335,701,3.863,156679.97,8.164583,7.866667,31.676735,650.15454,21.8,-3.05,24.85,16.175,1.3916667,16.175,0.25,1244,153,65,28.649586,443.5,215.5,443.5,223,1.0345669,60.667717,48.242195,0.9048018,32,0.493766,19.3187,5,6,1972.39281890499
D014,NR066,S030,NR066_S030,EU,Switzerland,Thur River,2,Palearctic,PA04,EU2,9.1833296,47.3604012,9.1835961,47.3612007,9.183139643,47.36220839,NA,1,3.117109,834,0.499,4147.771,7.575,7.5166664,31.302082,630.72,20.7,-3.35,24,15.4,0.9583333,15.4,-0.008333365,1321.5,162,68.5,28.961296,469,228,469,233,0,0.9693067,1.4214133,0.38765264,23,0.526517,21.2541,6,7,1972.39281890499
D014,NR066,S031,NR066_S031,EU,Switzerland,Thur River,2,Palearctic,PA04,EU2,9.0412302,47.3769989,9.042015422,47.37614229,9.0423,47.3762,NA,2,23.793404,743,0.414,31736.734,7.95,7.941667,31.933332,645.6831,21.6,-3.3,24.800001,15.916667,1.2,15.916667,0.116666675,1269,153,68,27.49591,447,224,447,233,0.064617276,9.76021,13.245055,0,32,0.506788,15.7282,7,6,1972.39281890499
D014,NR066,S032,NR066_S032,EU,Switzerland,Thur River,2,Palearctic,PA04,EU2,8.9958296,47.3688011,8.996186519,47.36802778,8.99654,47.368,NA,0,1.634345,882,0.349,2230.9941,7.3083334,7.55,31.590126,622.8697,20.400002,-3.5,23.900002,15.041666,0.7583333,15.041666,-0.14166667,1363.5,164,75,26.644852,476,245.5,476,255,0,1.0986401,0.5815691,0,51,0.47091,8.52698,2,6,1972.39281890499
D014,NR066,S033,NR066_S033,EU,Switzerland,Thur River,2,Palearctic,PA04,EU2,9.0038605,47.3494987,9.002432823,47.3486064,9.0031,47.3477,NA,1,6.0918016,988,0.414,8661.525,6.9166665,7.4333334,31.573277,611.3262,19.8,-3.7,23.5,14.533333,0.50000006,14.533333,-0.31666663,1433,171,81,25.940355,497,261,497,270,0,4.9132338,0.77571356,0,32,0.456501,8.41508,3,5,1972.39281890499
D014,NR066,S034,NR066_S034,EU,Switzerland,Thur River,2,Palearctic,PA04,EU2,9.0616798,47.3666,9.061727389,47.3670283,9.06114,47.3671,NA,1,3.280331,767,0.709,4231.695,7.8375,7.991667,32.142857,643.2698,21.4,-3.4,24.8,15.783333,1.1333333,15.783333,0.05000003,1290,156,69,27.65396,455,228,455,237,0.38771725,0.71084106,2.1324213,0.06462068,32,0.577972,23,8,7,1972.39281890499
D014,NR066,S035,NR066_S035,EU,Switzerland,Thur River,2,Palearctic,PA04,EU2,9.0831003,47.3473015,9.082914702,47.34788685,9.08315,47.3477,NA,2,296.26242,691.5,0.828,463516.28,8.19375,7.9083333,31.719898,651.54675,21.9,-3.1,25,16.216667,1.4166667,16.216667,0.27500004,1269,156,67,28.222147,451.5,223,451.5,231.5,5.4402685,147.16487,142.04031,3.882732,32,0.588625,25,6,7,1972.39281890499
D014,NR066,S036,NR066_S036,EU,Switzerland,Thur River,2,Palearctic,PA04,EU2,9.0745296,47.3455009,9.073987083,47.34570077,9.07453,47.3455,NA,1,21.300455,751,0.828,29604.516,7.9125,7.866667,31.728142,642.3505,21.4,-3.3,24.699999,15.85,1.1999999,15.85,0.13333337,1303,159,69,27.836214,463,230,463,238,0.12935701,13.450937,8.469351,0,32,0.577908,30,7,7,1972.39281890499
D014,NR066,S037,NR066_S037,EU,Switzerland,Thur River,2,Palearctic,PA04,EU2,9.1348495,47.3563004,9.129852632,47.35445632,9.132280182,47.35696625,NA,0,86.586334,759,3.62,124567.44,7.85,7.8166666,31.762268,641.8563,21.25,-3.3,24.55,15.758333,1.15,15.758333,0.06666664,1307,160.5,68,28.698757,464.5,226,464.5,232.5,0.7760978,45.290367,40.553204,0.3232939,32,0.500784,19.3187,5,6,1972.39281890499
D014,NR066,S038,NR066_S038,EU,Switzerland,Thur River,2,Palearctic,PA04,EU2,9.15417,47.3041992,9.154645892,47.30312844,9.15412,47.3029,NA,1,2.824323,934,0.415,4003.4868,7.195833,7.820833,32.199905,625.7986,20.400002,-3.85,24.25,14.958334,0.6166667,14.958334,-0.30833334,1411.5,171.5,76.5,27.955746,498.5,248.5,498.5,255,0,1.100024,1.7467955,0,32,0.464773,10.527,4,6,1972.39281890499
D014,NR066,S039,NR066_S039,EU,Switzerland,Thur River,2,Palearctic,PA04,EU2,9.1726799,47.3179016,9.173334252,47.31873441,9.1735865,47.31897614,NA,1,51.565617,827,0.916,76494.91,7.5479164,7.8583336,31.933243,637.9271,20.9,-3.7,24.6,15.408333,0.83333325,15.408333,-0.17500001,1346,165,70,29.089046,478,232.5,478,236.5,0.19412386,27.245125,24.70921,0.1940015,32,0.50656,10.2799,4,6,1972.39281890499
D014,NR066,S040,NR066_S040,EU,Switzerland,Thur River,2,Palearctic,PA04,EU2,9.0666704,47.3250008,9.065385491,47.32528634,9.06634,47.3254,NA,1,2.968654,850,0.709,4154.1255,7.520833,7.6416664,31.659836,629.54333,20.7,-3.4,24.1,15.316667,0.9333333,15.316667,-0.03333338,1372,169,74,27.967842,487,244,487,250,0,1.4875138,1.1641486,0,32,0.503852,13.6295,6,6,1972.39281890499
D014,NR066,S041,NR066_S041,EU,Switzerland,Thur River,2,Palearctic,PA04,EU2,9.1000004,47.2999992,9.098572723,47.30363978,9.09857,47.303,NA,1,3.4815145,940,0.184,4886.6797,7.166667,7.775,32.1281,625.5348,20.349998,-3.85,24.199999,14.933333,0.60833335,14.933333,-0.31666666,1412,171,76.5,27.572718,496.5,250.5,496.5,256.5,0.064678505,1.4229442,2.1345878,0,32,0.530965,15.7282,6,7,1972.39281890499
D014,NR066,S042,NR066_S042,EU,Switzerland,Thur River,2,Palearctic,PA04,EU2,9.2250004,47.3021011,9.2250004,47.3021011,9.224881027,47.30281384,NA,1,2.6317008,1066.5,0.709,3910.8914,6.520833,7.6541667,32.072952,616.47815,19.5,-4.3,23.85,14.166666,-0.008333337,14.166666,-0.76666665,1490.5,180.5,83,27.171623,520,267,520,270.5,0,1.0997249,1.4878335,0,32,0.445425,9.75751,4,5,1972.39281890499
D014,NR066,S043,NR066_S043,EU,Switzerland,Thur River,2,Palearctic,PA04,EU2,9.18958,47.2854004,9.18958,47.28605475,9.18958,47.2854,NA,1,18.49788,1030,0.653,29015.342,6.625,7.6416664,32.05128,616.1753,19.6,-4.3,23.800001,14.25,0.083333336,14.25,-0.68333334,1489,180,82,27.184374,520,266,520,270,0.12945898,15.01799,4.271799,0,32,0.433306,6.52698,1,5,1972.39281890499
D014,NR066,S044,NR066_S044,EU,Switzerland,Thur River,2,Palearctic,PA04,EU2,9.2104197,47.2770996,9.209705862,47.27555295,9.210610357,47.27538679,NA,1,11.938474,1208.5,0.653,19275.14,5.9104166,7.4625,32.01377,600.27185,18.55,-4.6,23.25,13.383333,-0.49166662,13.383333,-1.0833333,1600.5,190,93,25.516436,548.5,293.5,548.5,298.5,0.12945898,9.711016,1.8772366,0,32,0.414243,5.52698,0,5,1972.39281890499
D014,NR066,S045,NR066_S045,EU,Switzerland,Thur River,2,Palearctic,PA04,EU2,9.0995102,47.286499,9.098368059,47.286499,9.09861,47.2865,NA,1,219.67638,682,9.491,356551.97,8.15,7.9083333,31.526104,654.2275,21.8,-3.3,25.099998,16.166666,1.2833333,16.166666,0.13333337,1314,163,69,28.175264,468,233,468,239,4.1461983,105.373566,107.23805,1.4893014,32,0.607397,30,7,7,1972.39281890499
D014,NR066,S046,NR066_S046,EU,Switzerland,Thur River,2,Palearctic,PA04,EU2,9.06668,47.2728996,9.066537232,47.27461281,9.06645,47.2739,NA,1,12.334471,867,0.743,18045.787,7.4270835,7.7375,31.864729,631.3943,20.650002,-3.65,24.300001,15.241667,0.77500004,15.241667,-0.18333331,1408.5,173,76.5,27.60856,497,252,497,257.5,0,5.56742,6.2139497,0,32,0.509227,22,6,7,1972.39281890499
D014,NR066,S047,NR066_S047,EU,Switzerland,Thur River,2,Palearctic,PA04,EU2,9.1380596,47.267601,9.132063358,47.26560225,9.136294822,47.26450513,NA,1,1.35161,1020.5,0.709,2005.0096,6.8125,7.825,32.47219,618.53174,19.9,-4.2,24.099998,14.491667,0.2916667,14.491667,-0.55833334,1480,178,83,26.497736,514,267.5,514,272,0,0.12944539,1.1004353,0.06473968,32,0.544083,27,5,6,1972.39281890499
D014,NR066,S048,NR066_S048,EU,Switzerland,Thur River,2,Palearctic,PA04,EU2,9.0474005,47.2664986,9.045424868,47.26477995,9.051238948,47.26616719,NA,1,4.6776924,961,0.743,6812.3545,7.170833,7.6833334,31.927298,625.34155,20.3,-3.8,24.099998,14.916666,0.5833333,14.916666,-0.3166667,1440,176,79,27.136925,505,260,505,265,0,1.5533004,3.2363653,0,32,0.491157,21,5,7,1972.39281890499
D014,NR066,S049,NR066_S049,EU,Switzerland,Thur River,2,Palearctic,PA04,EU2,9.1849604,47.232399,9.185126962,47.23275592,9.1852,47.2324,NA,1,158.39249,881,1.313,266090.1,7.383333,7.825,31.747639,634.0005,20.6,-3.9,24.6,15.183333,0.6499999,15.183333,-0.28333342,1399,173,74,28.553507,496,245,496,248,3.9521558,74.99483,78.74717,0.45348686,32,0.539029,26,5,5,1972.39281890499
D014,NR066,S050,NR066_S050,EU,Switzerland,Thur River,2,Palearctic,PA04,EU2,9.1208296,47.2458,9.120472681,47.24547282,9.12057,47.2461,NA,1,2.4660919,1128.5,0.709,3815.1162,6.333333,7.375,31.529316,606.9056,19.099998,-4.3,23.399998,13.9,-0.108333334,13.9,-0.7833333,1551,186,88.5,25.744278,535,282.5,535,288.5,0,1.9433148,0.64769226,0,52,0.519544,13.6295,5,6,1972.39281890499
D014,NR066,S051,NR066_S051,EU,Switzerland,Thur River,2,Palearctic,PA04,EU2,9.1385603,47.2164001,9.138993298,47.21614772,9.13965,47.2158,NA,1,7.798888,1300,0.709,13104.862,5.5333333,7.15,31.14815,591.8858,17.9,-4.8,22.7,12.95,-0.78333336,12.95,-1.2666667,1678,196,100,24.018703,564,310,564,318,0,6.416146,0.77774554,0,52,0.314361,8.41508,1,6,1972.39281890499
D014,NR066,S052,NR066_S052,EU,Switzerland,Thur River,2,Palearctic,PA04,EU2,9.2875004,47.2438011,9.2875004,47.2438011,9.28783,47.2434,NA,1,3.4332395,1328,0.422,5997.6353,5.19375,7.3791666,31.935425,596.8438,17.75,-5.4,23.099998,12.633333,-1.2166667,12.633333,-1.7083334,1677.5,201,101,25.116293,574,310.5,574,316.5,0,2.0076299,1.3600903,0,32,0.406503,13.0869,0,5,1972.39281890499
D014,NR066,S053,NR066_S053,EU,Switzerland,Thur River,2,Palearctic,PA04,EU2,9.23207,47.2430992,9.231441822,47.24464109,9.23177,47.2447,NA,1,21.761295,1154,1.313,36115.516,6.1833334,7.5833335,32.03235,613.475,19.1,-4.7,23.8,13.783333,-0.36666667,13.783333,-1.05,1543,188,88,27.05986,538,277,538,281,0,14.571995,8.031439,0,32,0.402372,10,1,5,1972.39281890499
D014,NR066,S054,NR066_S054,EU,Switzerland,Thur River,2,Palearctic,PA04,EU2,9.3113098,47.2139015,9.3113098,47.21628096,9.31488,47.2136,NA,1,6.2111754,1561,0.115,10826.225,5.0041666,7.3916664,32.13768,594.87756,17.5,-5.6,23,12.416666,-1.4,12.416666,-1.8666667,1708,201,104,23.814638,576,320,576,327,0.12956427,1.3605895,4.5356984,0,32,0.406724,7.46727,0,5,1972.39281890499
D014,NR066,S055,NR066_S055,EU,Switzerland,Thur River,2,Palearctic,PA04,EU2,9.2104197,47.2187996,9.209563094,47.21876391,9.21012,47.2181,NA,1,116.53763,945,3.707,199129.25,6.9312496,7.6708336,31.835438,623.1304,20,-4.1,24.099998,14.633333,0.2833334,14.633333,-0.5333333,1447.5,178,78,28.423565,514,254.5,514,258,3.4338412,53.61852,59.508617,0,32,0.461366,16,3,5,1972.39281890499
D014,NR066,S056,NR066_S056,EU,Switzerland,Thur River,2,Palearctic,PA04,EU2,9.1890297,47.1924019,9.188863138,47.19466239,9.19121,47.1916,NA,1,11.489787,1200,0.183,19451.762,5.8791666,7.3166666,31.46976,602.43616,18.5,-4.7,23.2,13.4,-0.5666666,13.4,-1.1166666,1592,191,91,26.10651,550,286,550,293,0,7.326011,3.176672,0,32,0.295032,9.8525,3,5,1972.39281890499
D014,NR066,S057,NR066_S057,EU,Switzerland,Thur River,2,Palearctic,PA04,EU2,9.2361403,47.1735001,9.236174292,47.17295622,9.23614,47.1735,NA,1,8.710123,1450,0.554,15530.657,4.60625,7.0125,32.070023,564.21655,16.45,-5.3500004,21.85,11.716667,-1.3916667,11.716667,-1.6583333,1808,208,110.5,21.923582,597,344,597,354,0,6.8752174,1.4920678,0,32,0.267813,10,0,5,1972.39281890499
D014,NR066,S058,NR066_S058,EU,Switzerland,Thur River,2,Palearctic,PA04,EU2,9.34583,47.1917,9.344342837,47.1903913,9.34497,47.1917,NA,1,3.9979389,1523,0.709,7117.416,4.55,7.383333,32.3508,585.7707,16.9,-5.9,22.8,11.866667,-1.7333333,11.866667,-2.1666667,1722,204,106,23.191137,581,329,581,339,0,2.0751429,1.7509114,0,32,0.421969,13.4875,3,5,1972.39281890499
D014,NR066,S059,NR066_S059,EU,Switzerland,Thur River,2,Palearctic,PA04,EU2,9.2604198,47.1853981,9.260990871,47.18703993,9.2632,47.1859,NA,2,62.496555,1231,1.847,108467.89,5.775,7.6,32.083336,601.9306,18.5,-5,23.4,13.266666,-0.88333327,13.266666,-1.3333334,1570,190,93,26.272058,545,285,545,293,3.2387738,18.929926,39.799316,0,32,0.434869,15,2,4,1972.39281890499
D014,NR066,S060,NR066_S060,EU,Switzerland,Thur River,2,Palearctic,PA04,EU2,9.3270798,47.1875,9.329518748,47.18946306,9.33017,47.1894,NA,1,5.1948986,1746,0.709,9802.073,3.5020833,6.9958334,32.01628,563.1538,15.25,-6.6,21.849998,10.558333,-2.5666666,10.558333,-2.7916665,1899,217,119.5,20.045177,617,376,617,390,0.06487206,1.6860087,2.9832973,0,32,0.421969,21.9896,5,5,1972.39281890499
D014,NR066,S061,NR066_S061,EU,Switzerland,Thur River,2,Palearctic,PA04,EU2,9.2333298,47.3333015,9.234638504,47.33288509,9.234495936,47.3328717,NA,1,4.212953,948,0.65,5993.7275,7.04375,7.7166667,32.03423,625.09106,20.2,-3.95,24.15,14.783334,0.43333334,14.783334,-0.44166666,1404.5,171.5,75,28.48295,496.5,245.5,496.5,249,0,1.4223727,3.0385532,0,32,0.507153,12.3395,5,6,1972.39281890499
D049,NR067,S001,NR067_S001,EU,Italy,Fosso del Tempio,7,Palearctic,PA12,EU7,14.44451,37.28849,14.44451,37.28849,14.4445,37.2885,4,NA,104.38663,397.5,0.218,51743.95,15.666667,8.466667,35.975178,567.5211,28.9,5.3,23.55,13.75,22.666666,22.908333,9.441667,467.5,76,3,65.0746,212.5,20,48,149.5,97.54263,1.5922866,1.3646393,1.1379255,23,0.72553,31,5,7,1230.76676351927
D049,NR067,S002,NR067_S002,EU,Italy,Fosso del Tempio,7,Palearctic,PA12,EU7,14.38684,37.33823,14.38689949,37.33894384,14.38709261,37.33875692,1,NA,25.983662,567.5,0.218,13497.628,14.820833,8.341667,35.049023,579.82153,28.2,4.5,23.7,12.75,22.05,22.183334,8.45,500,80,4,63.27204,223,22,53,196,24.185123,0.9093598,0.53050506,0.07581532,23,0.663468,14.6295,0,6,1230.76676351927
D049,NR067,S003,NR067_S003,EU,Italy,Fosso del Tempio,7,Palearctic,PA12,EU7,14.39355,37.34092,14.39355,37.34092,14.3935,37.3412,1,NA,24.891495,597,0.218,12957.586,14.627083,8.254167,34.827705,580.7771,28,4.3,23.7,12.533334,21.9,22.008333,8.233334,504,80.5,4,62.806015,223.5,23,54,197,23.274994,0.9093598,0.53050506,0.07581532,23,0.601639,14.6295,0,6,1230.76676351927
D049,NR067,S004,NR067_S004,EU,Italy,Fosso del Tempio,7,Palearctic,PA12,EU7,14.39255,37.37255,14.39454875,37.36289891,14.3928,37.3725,0,NA,6.5571194,684,0.218,3431.875,14.191667,8.041667,34.07486,587.989,27.6,3.9,23.6,12.05,21.566668,21.65,7.7166667,520,82,5,61.96266,228,24,56,203,6.1415663,0,0,0,23,0.465805,19.6295,5,6,1230.76676351927
D049,NR067,S005,NR067_S005,EU,Italy,Fosso del Tempio,7,Palearctic,PA12,EU7,14.41307,37.34802,14.41307,37.34802,14.4137,37.348,1,NA,13.4267645,659,0.218,7113.1113,14.377083,8.054167,34.200325,581.67065,27.650002,4.1,23.599998,12.291666,21.641666,21.758333,7.9666667,511,81.5,4,62.751347,225.5,23,54.5,200.5,11.901627,0.98514146,0.53050506,0,23,0.749889,15.4367,2,6,1230.76676351927
D049,NR067,S006,NR067_S006,EU,Italy,Fosso del Tempio,7,Palearctic,PA12,EU7,14.39551,37.31723,14.39616432,37.3171675,14.39534314,37.31794264,0,NA,43.820324,507.5,0.218,22423.238,15.058333,8.433333,35.434174,575.98975,28.5,4.7,23.8,13.008333,22.233334,22.391666,8.733334,488.5,78.5,4,63.36069,218,22,51.5,190,40.64314,0.9093598,0.53050506,0.45488352,32,0.499134,15.3395,1,6,1230.76676351927
D049,NR067,S007,NR067_S007,EU,Italy,Fosso del Tempio,7,Palearctic,PA12,EU7,14.38059,37.33681,14.38059,37.33716692,14.38035016,37.33719261,0,NA,36.951714,571,0.218,19022.217,14.808333,8.35,35.062866,580.09576,28.25,4.45,23.8,12.741667,22.05,22.183334,8.441667,499.5,80,4,63.156063,222,22,52.5,196,34.726093,0.9093598,0.53050506,0.379071,23,0.735813,18,1,6,1230.76676351927
D049,NR067,S008,NR067_S008,EU,Italy,Fosso del Tempio,7,Palearctic,PA12,EU7,14.44201,37.32996,14.43801251,37.32960308,14.44205711,37.33040939,0,NA,10.566812,519.5,0.114,5207.5723,15.095833,8.483334,35.490616,578.5791,28.6,4.7,23.9,13.041666,22.325,22.508333,8.733334,491,79,4,63.43892,220,22.5,53,192.5,10.238776,0,0.30330342,0.075860225,23,0.487164,36,8,6,1230.76676351927
D049,NR067,S009,NR067_S009,EU,Italy,Fosso del Tempio,7,Palearctic,PA12,EU7,14.42867,37.30483,14.42867,37.30483,14.4285,37.3052,2,NA,32.498234,437,0.114,16236.534,15.475,8.6,36.122734,571.86694,28.9,5.1,23.8,13.5,22.55,22.783333,9.183333,477,77,4,64.246056,215,21,50,154,30.18493,0.22762835,0.75831044,0.22758347,23,0.742556,30.6295,7,7,1230.76676351927
D049,NR067,S010,NR067_S010,EU,Italy,Fosso del Tempio,7,Palearctic,PA12,EU7,14.40994,37.29512,14.40994,37.29512,14.4099,37.2954,0,NA,51.046104,459.5,0.218,25809.912,15.352083,8.495833,35.88256,571.56323,28.75,5.05,23.7,13.358334,22.441666,22.633333,9.066667,476.5,77.5,3,64.34029,214.5,20,49,156.5,49.066025,0.9852397,0.53050506,0.379071,32,0.749877,27.6295,5,6,1230.76676351927
D049,NR067,S011,NR067_S011,EU,Italy,Fosso del Tempio,7,Palearctic,PA12,EU7,14.3781,37.33335,14.37875435,37.33335,14.3786,37.3334,0,NA,37.648056,574,0.218,19389.818,14.795834,8.366667,35.07671,580.37,28.3,4.4,23.8,12.733334,22.05,22.2,8.433333,499,80,4,63.139187,222,22,52,196,35.71226,0.9093598,0.53050506,0.379071,23,0.735813,18,1,6,1230.76676351927
D049,NR067,S012,NR067_S012,EU,Italy,Fosso del Tempio,7,Palearctic,PA12,EU7,14.37735,37.33998,14.37746897,37.34033692,14.3774,37.3404,0,NA,8.27187,586.5,0.218,4183.086,14.760416,8.362499,34.989788,582.4003,28.25,4.4,23.8,12.691667,22.016666,22.166668,8.366667,500.5,80,4,62.884987,222.5,23,53,196,7.27979,0,0,0.30325568,23,0.735813,14.6295,0,6,1230.76676351927
D049,NR067,S013,NR067_S013,EU,Italy,Fosso del Tempio,7,Palearctic,PA12,EU7,14.39561,37.31696,14.39626432,37.3168975,14.39618554,37.31724289,1,NA,43.820324,507.5,0.218,22423.238,15.058333,8.433333,35.434174,575.98975,28.5,4.7,23.8,13.008333,22.233334,22.391666,8.733334,488.5,78.5,4,63.36069,218,22,51.5,190,40.64314,0.9093598,0.53050506,0.45488352,32,0.499134,15.3395,1,6,1230.76676351927
D051,NR068,S001,NR068_S001,EU,Germany,Lippe River,2,Palearctic,PA04,EU2,7.35316,51.683844,7.35316,51.683844,7.35396,51.6839,36,NA,3322.1514,50,44.495,2921226.5,9.820833,8.341667,34.72222,586.5905,23.4,-0.7,24.1,3.95,5.65,17.183332,2.75,828,81,53,13.827511,231,173,230,206,2101.019,578.5628,250.41518,389.3316,23,0.682391,20,7,9,653.935220450528
D051,NR068,S002,NR068_S002,EU,Germany,Lippe River,2,Palearctic,PA04,EU2,7.339386,51.687472,7.343847489,51.68770995,7.34784,51.6883,42,NA,3334.249,49.5,44.495,2931379.8,9.81875,8.325,34.58321,585.66956,23.3,-0.7,24,3.9416666,5.65,17.133333,2.7666667,828.5,81,53,13.828535,231.5,173.5,230,207.5,2107.0085,591.75494,250.41516,382.2189,23,0.73074,18.7282,7,9,653.935220450528
D051,NR068,S003,NR068_S003,EU,Germany,Lippe River,2,Palearctic,PA04,EU2,7.341599,51.699675,7.342074892,51.699675,7.3416,51.698,34,NA,3336.3093,49,44.866,2933080.5,9.795834,8.3125,34.635418,585.07434,23.3,-0.7,24,3.9250002,5.633333,17.116667,2.7416668,827.5,81,53,13.922011,231,173,229.5,207,2111.674,585.4251,250.53406,385.83392,23,0.53879,16.6295,6,9,653.935220450528
D051,NR068,S004,NR068_S004,EU,Germany,Lippe River,2,Palearctic,PA04,EU2,7.331126,51.696587,7.331244973,51.69724135,7.33124,51.6982,42,NA,3338.0444,45,44.866,2934511,9.795834,8.266666,34.588562,584.2828,23.2,-0.7,23.900002,3.9166667,5.65,17.1,2.75,823,81,52,14.166754,230,172,228,205,2114.6252,580.15924,250.71095,389.74576,32,0.559625,16.6295,6,9,653.935220450528
D051,NR068,S005,NR068_S005,EU,Germany,Lippe River,2,Palearctic,PA04,EU2,7.317724,51.701863,7.317781107,51.70214854,7.31772,51.7019,38,NA,3338.9963,46,44.866,2935297.2,9.758333,8.258333,34.583336,583.42816,23.2,-0.7,23.800001,3.9,5.616667,17.066668,2.7333333,823,81,52,14.204343,230,172,228,205,2114.8025,580.9278,250.71095,389.74576,32,0.559625,14.7575,5,9,653.935220450528
D051,NR068,S006,NR068_S006,EU,Germany,Lippe River,2,Palearctic,PA04,EU2,6.632759,51.643927,6.632759,51.64470032,6.63255,51.6471,41,NA,4874.029,26,58.852,4190292.2,10.258333,7.65,33.369724,582.3964,23.2,0.3,22.900002,16.15,6.1,17.6,3.35,765,78,45,14.4746685,212,155,210,184,3084.2659,947.5591,312.12143,533.4403,23,0.702733,47.5,10,8,653.935220450528
D051,NR068,S007,NR068_S007,EU,Germany,Lippe River,2,Palearctic,PA04,EU2,6.628717,51.642198,6.628776487,51.64380414,6.62851,51.6454,34,NA,4874.146,26,58.852,4190381.5,10.258333,7.65,33.369724,582.3964,23.2,0.3,22.900002,16.15,6.1,17.6,3.35,765,78,45,14.4746685,212,155,210,184,3076.3733,943.0322,309.85928,529.3418,23,0.702733,47.5,10,8,653.935220450528
D051,NR068,S008,NR068_S008,EU,Germany,Lippe River,2,Palearctic,PA04,EU2,6.616242,51.643237,6.617074811,51.64282059,6.61681,51.6446,34,NA,4875.441,21.5,58.852,4190905,10.297916,7.6541667,33.351448,583.2763,23.25,0.3,22.900002,16.183334,6.133333,17.633333,3.3666666,760.5,77.5,45,14.470161,211,155,209,183.5,3069.3416,948.7174,311.9496,534.63434,23,0.829761,39.75,10,8,653.935220450528
D051,NR068,S009,NR068_S009,EU,Germany,Lippe River,2,Palearctic,PA04,EU2,6.61151,51.646545,6.603708767,51.64548274,6.61175,51.6473,37,NA,158531.7,18,2304.321,147972580,10.383333,7.55,33.059288,582.2368,23.25,0.4,22.8,16.25,6.2166667,17.683334,3.4666667,756,77,45,14.256766,209,155,208,182,51441.004,64094.652,26650.533,12740.95,23,0.702628,48,10,8,653.935220450528
D051,NR068,S010,NR068_S010,EU,Germany,Lippe River,2,Palearctic,PA04,EU2,6.626973,51.640894,6.626378135,51.64470114,6.62638,51.6446,22,NA,4874.3003,21,58.852,4190498.5,10.283334,7.6583333,33.369564,583.10736,23.2,0.3,23,16.166668,6.133333,17.6,3.3666666,762,77,45,14.4746685,211,155,209,184,3082.9375,942.198,309.06616,524.4017,23,0.702733,39.75,10,8,653.935220450528
D052,NR069,S001,NR069_S001,EU,Switzerland,Rhone River,2,Palearctic,PA04,EU2,7.95303083,46.30934879,7.953102214,46.30892049,7.95303,46.3093,18,6,937.14954,1191,24.228,635695.7,6.954167,9.375,34.892086,635.69385,21.7,-4.7,26.300001,14.983334,-0.46666667,14.983334,-0.46666673,989,104,64,15.791532,295,205,272,205,12.300585,245.72028,318.20743,5.072869,23,0.697577,44.25,9,7,10391.2098954089
D052,NR069,S002,NR069_S002,EU,Switzerland,Rhone River,2,Palearctic,PA04,EU2,7.88017966,46.28365823,7.881250417,46.28401515,7.88109,46.2847,18,4,784.1517,1038,0.272,329302.4,7.383333,9.466667,35.317463,647.8157,22.2,-4.6,26.800001,15.533333,0.68333334,15.533333,-0.38333333,890,95,60,15.894177,267,186,267,192,7.732707,145.08667,205.59229,2.181668,12,0.635023,45.6464,9,7,10391.2098954089
D052,NR069,S003,NR069_S003,EU,Switzerland,Rhone River,2,Palearctic,PA04,EU2,7.351819488,46.21751027,7.351486363,46.21789098,7.35143,46.2205,28,3,3309.2659,576,123.867,2208691.2,9.4875,10.474999,35.996563,699.8738,25.2,-3.9,29.1,5.0333333,9.6,18.033333,0.81666666,686,67,41,14.319589,196,140,182,185,112.5323,933.8977,1010.75354,45.16683,23,0.863969,33.6295,10,8,10391.2098954089
D052,NR069,S004,NR069_S004,EU,Switzerland,Rhone River,2,Palearctic,PA04,EU2,7.058713891,46.09106182,7.058713891,46.09106182,7.05871,46.0911,28,4,669.6573,850.5,0.64199996,674798.56,8.112499,9.108334,33.47531,662.8649,23,-4.1,27.099998,4.05,7.766667,16.333334,0.13333338,1007.5,98,64,13.007353,279,209.5,267.5,274.5,6.2237606,249.87735,188.27493,5.6254873,12,0.686111,47.2094,10,8,10391.2098954089
D052,NR069,S005,NR069_S005,EU,Switzerland,Rhone River,2,Palearctic,PA04,EU2,6.552558888,46.53426247,6.552558888,46.53426247,6.55256,46.5343,28,10,252.86107,426,7.67,314886.4,10.266666,8.866667,33.20849,663.40875,25.4,-1.3,26.699999,16.883333,3.5166667,18.633333,2.3833334,1142,120,77,12.946141,321,240,319,253,145.76944,77.975235,18.150236,11.802153,11,0.823072,39.75,10,10,10391.2098954089
D052,NR069,S006,NR069_S006,EU,Switzerland,Rhone River,2,Palearctic,PA04,EU2,6.269322331,46.40598798,6.270244372,46.40640439,6.26962,46.4071,19,1,129.68076,434,2.834,177569.58,10.085417,8.966667,33.786713,654.2512,25,-1.45,26.5,10.333334,5.8500004,18.308334,2.2583332,1069.5,106.5,71.5,12.2212715,300,231,273,257.5,27.936232,88.02142,10.444181,2.9585886,34,0.659976,35.1692,9,10,10391.2098954089
D052,NR069,S007,NR069_S007,EU,Switzerland,Rhone River,2,Palearctic,PA04,EU2,6.478314692,46.49346312,6.478814379,46.49367727,6.4781,46.4893,21,6,29.952106,427,1.118,35241.316,10.229167,8.7,33.20611,653.34265,25.1,-1.1,26.2,16.6,3.8333335,18.466667,2.5,1115,116,73,12.404486,305,237,304,256,22.38544,7.6772027,0.26241088,0.45954636,34,0.774148,38.75,9,9,10391.2098954089
D052,NR069,S008,NR069_S008,EU,Switzerland,Rhone River,2,Palearctic,PA04,EU2,6.406294774,46.47357811,6.407068099,46.47322119,6.4065,46.4732,18,1,90.16238,449,3.564,117760.945,10.014584,8.658334,33.237366,650.03455,24.75,-1.3,26.05,10.25,5.758333,18.2,2.2833333,1119,115,74.5,11.957493,306,239.5,299.5,260.5,34.339035,45.940277,6.630025,1.6414895,23,0.592307,47,9,9,10391.2098954089
D052,NR069,S009,NR069_S009,EU,Switzerland,Rhone River,2,Palearctic,PA04,EU2,6.836647088,46.46127974,6.837979586,46.46451581,6.8363,46.4629,16,4,65.26959,535.5,1.783,89008.11,9.908334,8.641666,32.70291,663.4941,24.6,-1.8,26.400002,18.233334,3.55,18.233334,1.9666667,1244.5,141.5,83,16.501274,378.5,253.5,378.5,263,5.121771,43.527054,12.933407,1.378988,11,0.730265,36.0986,9,10,10391.2098954089
D052,NR069,S010,NR069_S010,EU,Switzerland,Rhone River,2,Palearctic,PA04,EU2,6.933300484,46.32507886,6.933329038,46.32540723,6.93284,46.325,18,4,5084.5186,386,0.167,4164201.5,11.05,9.125,33.54938,677.9865,26,-1.1,27.1,19.516666,4.2333336,19.516666,2.8833332,1098,127,72,16.450397,331,225,331,234,257.11658,1691.4764,1479.5597,102.08995,22,0.794843,38,9,7,10391.2098954089
D052,NR069,S011,NR069_S011,EU,Switzerland,Rhone River,2,Palearctic,PA04,EU2,6.433165412,46.57479452,6.433165412,46.57550836,6.43445,46.5754,26,7,3.712702,673.5,0.632,4543.02,8.710417,8.508333,33.1384,641.8145,23.2,-2.45,25.699999,9.066667,4.3916664,16.766666,1.0916667,1223.5,122,82,10.447432,328,265.5,323.5,299,1.6394148,2.0330749,0.13115841,0.06557417,23,0.74009,12.8796,6,6,10391.2098954089
D052,NR069,S012,NR069_S012,EU,Switzerland,Rhone River,2,Palearctic,PA04,EU2,7.400484964,46.24772683,7.401079829,46.24463353,7.40049,46.2462,17,1,2905.4749,519,60.6895,1902302,9.675,10.3,35.78767,699.79706,25.3,-3.7,28.9,5.0833335,9.85,18.2,0.96666664,669,64,42,13.129833,186,142,181,173,97.07576,807.9034,907.94775,39.292194,23,0.739457,36,9,9,10391.2098954089
D052,NR070,S001,NR070_S001,EU,Switzerland,Rhein River,2,Palearctic,PA04,EU2,7.617931469,47.55725754,7.617931469,47.55725754,7.61793,47.5573,25,5,972.05255,270,19.323,1153268.5,10.68125,8.904166,33.348938,664.7023,25.650002,-1,26.65,17.25,3.9416666,19.008333,2.6666665,811,90,48,20.33422,260.5,150,255,165,148.74023,520.7306,252.97745,49.90046,11,0.900275,50,10,10,8918.27000193923
D052,NR070,S002,NR070_S002,EU,Switzerland,Rhein River,2,Palearctic,PA04,EU2,7.563227711,47.17885886,7.563227711,47.17885886,7.56323,47.1789,23,6,949.38275,467,0.654,1170427.9,9.329166,8.891666,33.775253,652.9309,23.9,-2.5,26.3,15.75,2.6666667,17.416666,1.3833333,1033,117,64,20.061691,326,195,320,203,209.65758,499.434,210.89946,28.20931,11,0.882787,44.1692,10,10,8918.27000193923
D052,NR070,S003,NR070_S003,EU,Switzerland,Rhein River,2,Palearctic,PA04,EU2,7.517682873,47.13883602,7.517682873,47.13883602,7.52289,47.1357,32,7,74.34718,474,1.732,76092.55,9.166666,8.854167,33.761875,650.2767,23.55,-2.6,26.2,15.516666,2.5166667,17.208332,1.2250001,1017,117,62.5,21.383907,324.5,188,319.5,197,47.99994,20.979965,5.129818,0.9740571,22,0.725323,39.5858,8,7,8918.27000193923
D052,NR070,S004,NR070_S004,EU,Switzerland,Rhein River,2,Palearctic,PA04,EU2,7.541223316,47.40784375,7.542147907,47.40784375,7.54122,47.4078,28,9,43.957478,489,0.887,56237.33,8.833333,8.316667,33.399734,634.3692,22.6,-2.3,24.9,14.983334,2.2833333,16.666666,1.1,1026,112,65,17.118069,319,200,309,217,4.134539,28.624485,9.5624275,1.8728696,23,0.802561,16.3187,8,8,8918.27000193923
D052,NR070,S005,NR070_S005,EU,Switzerland,Rhein River,2,Palearctic,PA04,EU2,8.26096555,46.91052538,8.26096555,46.91052538,8.2602,46.912,18,5,298.70425,565,5.579,412805.97,9.2,8.8,33.964645,651.465,23.3,-2.7,26,17.216667,1.9666667,17.216667,1.25,1383,158,87,22.306099,469,280,469,280,0.913152,161.83307,120.80701,3.9125347,32,0.714457,40,8,6,8918.27000193923
D052,NR070,S006,NR070_S006,EU,Switzerland,Rhein River,2,Palearctic,PA04,EU2,8.285281392,47.06427252,8.285451354,47.06468043,8.2857,47.0643,32,10,2260.0403,459,93.146,2872218.2,9.725,8.970833,33.598625,668.36804,24.4,-2.35,26.699999,17.991667,2.975,17.991667,1.55,1309.5,150,82,20.980038,434.5,262.5,434.5,267.5,47.104404,870.3932,885.2347,48.949528,11,0.904804,50,10,10,8918.27000193923
D052,NR070,S007,NR070_S007,EU,Switzerland,Rhein River,2,Palearctic,PA04,EU2,6.631926065,46.77575806,6.631926065,46.77575806,6.627055335,46.78119743,19,6,631.29047,431,0.476,825532,9.883333,8.8,33.3649,659.543,24.8,-1.6,26.4,16.316666,3.15,18.15,1.9833333,1102,113,74,12.851368,313,228,310,240,208.49387,325.4427,73.807274,14.459432,23,0.906721,45,10,9,8918.27000193923
D052,NR070,S008,NR070_S008,EU,Switzerland,Rhein River,2,Palearctic,PA04,EU2,6.995012857,46.87777994,6.994584554,46.87799409,6.99814,46.8732,28,10,65.751305,436,10.591,66303.22,9.458333,9.033334,33.76959,665.62164,24.5,-2.2,26.7,17.733334,2.6916666,17.733334,1.3916667,896.5,95,53,18.913315,274,171,274,175.5,43.157272,11.693368,8.297386,2.2194834,23,0.804159,44,9,9,8918.27000193923
D052,NR070,S009,NR070_S009,EU,Switzerland,Rhein River,2,Palearctic,PA04,EU2,9.43952311,47.49710997,9.436015105,47.49710997,9.43538,47.4981,17,2,24.43116,507,1.018,30657.002,9.191667,7.7583337,30.232557,677.6323,23.3,-2.4,25.699999,17.583332,2.2,17.583332,0.93333334,1151,142,59,29.780043,410,192,410,199,1.2897571,8.969845,6.579401,7.6792965,23,0.826476,37.6415,9,9,8918.27000193923
D052,NR070,S010,NR070_S010,EU,Switzerland,Rhein River,2,Palearctic,PA04,EU2,9.368866128,47.45892265,9.369669196,47.45898214,9.36887,47.4589,24,7,301.95905,635,13.879,441842.62,8.577084,7.6916666,30.615965,659.1722,22.3,-2.8,25.099998,16.733334,1.725,16.733334,0.57500005,1188.5,146.5,60,30.691107,426.5,197,426.5,202,9.761898,121.82541,157.09644,10.914688,23,0.7648,37.8217,9,9,8918.27000193923
D052,NR070,S011,NR070_S011,EU,Switzerland,Rhein River,2,Palearctic,PA04,EU2,9.194751102,47.470298,9.194501259,47.47126168,9.195321071,47.47076399,20,6,693.41473,531,29.156,967582.44,8.966666,8.325,31.875792,680.4288,23.3,-2.8,26.099998,17.333334,1.9666667,17.333334,0.6166667,1082,132,57,27.970118,381,187,381,196,22.736765,272.66174,370.19073,28.665735,23,0.749767,19,7,7,8918.27000193923
D052,NR070,S012,NR070_S012,EU,Switzerland,Rhein River,2,Palearctic,PA04,EU2,9.085101168,47.39334796,9.085493779,47.39291966,9.0851,47.3929,20,4,125.4184,643.5,5.333,175189.33,8.4,7.9666667,31.712936,658.79614,22.2,-2.95,25.15,16.508331,1.5666666,16.508331,0.35000002,1205.5,147.5,63,28.04232,427,209.5,427,218.5,1.4866972,65.77052,58.70609,0.9693782,32,0.59762,26,7,7,8918.27000193923
D052,NR070,S013,NR070_S013,EU,Switzerland,Rhein River,2,Palearctic,PA04,EU2,9.154335444,47.44431184,9.154335444,47.44431184,9.15434,47.4443,25,5,87.5977,585.5,2.918,110002.16,8.697916,8.095833,31.556698,670.81067,22.8,-2.85,25.6,16.975,1.75,16.975,0.4666667,1130,138,59,28.449154,400.5,194.5,400.5,204,1.8078982,23.768301,53.721714,8.07094,23,0.728481,35,9,8,8918.27000193923
D052,NR070,S014,NR070_S014,EU,Switzerland,Rhein River,2,Palearctic,PA04,EU2,7.893913792,47.30739021,7.894699014,47.30796128,7.89534,47.308,24,3,44.007137,450,0.958,54212.77,9.289583,8.820833,33.396706,658.098,23.9,-2.5,26.4,16.008335,2.55,17.475,1.3083334,1197,126,78.5,13.691769,352.5,252.5,352.5,273.5,18.715683,20.135277,2.5914993,1.8769511,23,0.860118,48.75,10,9,8918.27000193923
D052,NR070,S015,NR070_S015,EU,Switzerland,Rhein River,2,Palearctic,PA04,EU2,8.088319864,47.37126655,8.088795756,47.37207557,8.08874,47.3712,18,4,117.83852,456.5,3.077,156809.73,9.183333,8.85,33.364662,663.2534,23.95,-2.6,26.55,17.45,5.0916667,17.45,1.1333333,1225.5,126.5,82,12.3108015,355,268,355,296,42.08345,39.21312,24.617943,11.909109,23,0.872997,39,9,9,8918.27000193923
D052,NR070,S016,NR070_S016,EU,Switzerland,Rhein River,2,Palearctic,PA04,EU2,8.186345982,47.40963859,8.186288875,47.4105523,8.18655,47.4102,28,8,118.76403,419.5,3.449,147915.75,9.447916,9.079166,33.502407,675.6553,24.6,-2.5,27.1,17.866667,5.2916665,17.866667,1.2583333,1176,122.5,78,12.564074,342,258,342,285.5,62.924683,32.525154,6.859734,16.743778,23,0.812289,39.441,9,9,8918.27000193923
D052,NR070,S017,NR070_S017,EU,Switzerland,Rhein River,2,Palearctic,PA04,EU2,8.266274392,47.56432899,8.26641716,47.56475729,8.26694,47.5645,22,3,66.73181,425,1.667,75441.17,9.18125,9.141666,33.810875,673.88086,24.349998,-2.6999998,27,16.35,8.35,17.625,1.075,1104.5,109,73.5,11.773396,302.5,244.5,301,291.5,34.726406,22.934324,3.0923548,4.252376,23,0.755308,42.75,9,8,8918.27000193923
D052,NR070,S018,NR070_S018,EU,Switzerland,Rhein River,2,Palearctic,PA04,EU2,7.989815064,47.53932307,7.989815064,47.53932307,7.98982,47.5393,22,4,126.61043,385,2.903,163315.1,9.454166,9.025001,33.86194,664.97723,24.5,-2.2,26.8,16.233334,5.2999997,17.816666,1.4666666,1165,113,78,10.717747,320,260,313,298,57.571705,51.52257,10.833563,7.4118214,23,0.778119,40.6464,8,7,8918.27000193923
D052,NR070,S019,NR070_S019,EU,Switzerland,Rhein River,2,Palearctic,PA04,EU2,8.083479087,47.37716711,8.083853002,47.3772011,8.08291,47.3772,24,6,250.53024,414.5,6.522,309167.34,9.454166,9.025,33.675373,668.3368,24.45,-2.4,26.85,17.791666,5.35,17.791666,1.35,1197,124,79,12.736427,347,260.5,347,287,77.53601,61.819134,72.043335,22.596718,23,0.872997,48.0986,10,9,8918.27000193923
D052,NR070,S020,NR070_S020,EU,Switzerland,Rhein River,2,Palearctic,PA04,EU2,8.489509857,47.39889703,8.489757321,47.39950617,8.48954,47.3995,25,6,2181.2502,412,85.322,3064727,9.745833,8.575001,32.116104,682.5304,24.6,-2.1,26.7,18.2,2.8000002,18.2,1.45,1093,127,67,20.319242,357,215,357,231,95.20693,874.13885,843.6429,130.45322,11,0.877401,46,10,10,8918.27000193923
D052,NR070,S021,NR070_S021,EU,Switzerland,Rhein River,2,Palearctic,PA04,EU2,8.580656107,47.52994318,8.57976024,47.53079146,8.58068,47.5309,13,3,428.39066,445.5,10.777,486926.94,9.2,8.483334,32.092876,682.4503,23.8,-2.55,26.45,17.591667,2.225,17.591667,0.8416667,999,115,60.5,19.778423,322,198,322,217,127.860466,219.63043,39.830833,41.260757,23,0.800449,42.441,9,8,8918.27000193923
D052,NR070,S022,NR070_S022,EU,Switzerland,Rhein River,2,Palearctic,PA04,EU2,8.525628246,47.36731399,8.525378403,47.36788506,8.52367,47.3674,25,7,79.493256,449,11.83,103847.53,9.508333,8.166667,31.496063,670.50806,23.9,-2.1,26,17.816666,2.6333334,17.816666,1.3333334,1127,131,68,21.778315,372,217,372,229,5.9541993,33.675488,28.387802,11.0589695,11,0.929469,49.25,10,10,8918.27000193923
D052,NR070,S023,NR070_S023,EU,Switzerland,Rhein River,2,Palearctic,PA04,EU2,8.476905427,47.57262699,8.477916698,47.57295417,8.47721,47.5727,21,5,421.8839,404,12.194,455363.7,9.291667,8.808333,32.804726,682.2717,24.2,-2.6,26.800001,17.733334,5.0833335,17.733334,0.9833334,1000,107,63,14.470357,298,215,298,242,179.04767,96.18692,46.232677,90.25642,23,0.770515,36.75,7,7,8918.27000193923
D052,NR070,S024,NR070_S024,EU,Switzerland,Rhein River,2,Palearctic,PA04,EU2,8.645833616,47.37949609,8.646190535,47.38028131,8.64621,47.3816,24,10,176.17851,444,6.431,195694.28,9.45,8.2,31.51341,678.29663,23.8,-2.3,26.099998,17.783333,2.4666667,17.783333,1.1,1089,131,62,24.963224,374,200,374,213,62.20383,32.651493,41.329613,27.798323,11,0.881388,32.1512,10,10,8918.27000193923
D052,NR070,S025,NR070_S025,EU,Switzerland,Rhein River,2,Palearctic,PA04,EU2,8.720534427,47.31099983,8.72114119,47.31142813,8.72111,47.3114,26,11,38.410133,462,0.6955,46231.367,9.354166,8.4125,32.231728,676.89844,23.7,-2.5,26.15,17.658333,2.4166665,17.658333,1,1167,139,64,26.451225,408.5,211,408.5,222,16.629032,3.558949,14.625425,3.8822024,23,0.80822,30.7282,9,9,8918.27000193923
D052,NR070,S026,NR070_S026,EU,Switzerland,Rhein River,2,Palearctic,PA04,EU2,8.695254716,47.34846549,8.695462919,47.34879267,8.68719,47.3413,24,6,62.016376,467.5,2.464,72406.46,9.35625,8.245833,31.77569,675.4978,23.6,-2.35,25.95,17.658333,2.4166667,17.658333,1.0583334,1119.5,134,62,26.101824,388.5,202.5,388.5,215,13.318364,14.225069,21.079311,12.090553,11,0.825344,32.75,9,9,8918.27000193923
D052,NR070,S027,NR070_S027,EU,Switzerland,Rhein River,2,Palearctic,PA04,EU2,8.403417575,47.41524482,8.403607932,47.41538759,8.40532,47.4145,22,4,2222.685,407,86.365,3114259.8,9.625,8.825,32.808643,681.22705,24.6,-2.3,26.9,18.083334,2.65,18.083334,1.3,1097,122,70,16.511965,343,228,343,247,104.76352,886.84924,843.8306,147.75955,23,0.852476,46,10,10,8918.27000193923
D052,NR070,S028,NR070_S028,EU,Switzerland,Rhein River,2,Palearctic,PA04,EU2,8.836229912,47.2393528,8.836229912,47.2393528,8.83716,47.2393,25,6,62.050583,469.5,2.016,81553.12,9.439583,8.229166,31.818176,669.99304,23.5,-2.4,25.9,17.691668,2.5083332,17.691668,1.175,1247.5,151,68,27.32137,442.5,225.5,442.5,235,8.4796715,15.209391,31.323282,6.602739,11,0.802239,40,9,9,8918.27000193923
D052,NR070,S029,NR070_S029,EU,Switzerland,Rhein River,2,Palearctic,PA04,EU2,8.386747751,47.44953579,8.386747751,47.44953579,8.38675,47.4495,27,8,33.38993,454.5,1.095,37049.92,9.277083,8.854166,33.024117,677.1601,24.25,-2.6,26.8,17.708334,2.45,17.708334,1.0666666,1101.5,118,71,14.517121,332,238,332,260,15.224421,9.287335,0.387026,7.354758,23,0.810194,42.1692,9,9,8918.27000193923
D052,NR070,S030,NR070_S030,EU,Switzerland,Rhein River,2,Palearctic,PA04,EU2,8.676146089,47.60012031,8.676955106,47.60052482,8.67666,47.6008,26,4,1719.9725,392,64.621,2160513.8,9.327084,8.55,32.27794,687.58887,24.1,-2.4,26.5,17.783333,2.2916665,17.783333,0.875,936,110,54,21.330647,305.5,180,305.5,199.5,288.8711,541.8868,801.6306,84.79799,23,0.77416,39.6537,7,7,8918.27000193923
D052,NR070,S031,NR070_S031,EU,Switzerland,Rhein River,2,Palearctic,PA04,EU2,7.077424306,46.65940796,7.078138144,46.66018128,7.07874,46.6594,24,7,48.461628,724.5,1.009,60997.47,8.241667,9.35,34.501846,662.4795,23.1,-3.95,27.1,16.475,1.4499999,16.475,0.22499998,1151,126,75,16.729496,354,232,354,248,3.4717977,9.044271,31.643852,3.6032863,23,0.743554,33,8,7,8918.27000193923
D052,NR070,S032,NR070_S032,EU,Switzerland,Rhein River,2,Palearctic,PA04,EU2,7.619667784,46.85114763,7.620442808,46.85122921,7.62032,46.8512,29,11,48.852665,691.5,1.312,59368.32,8.487499,9.058333,34.654877,644.59875,22.8,-3.3,26.099998,16.458332,1.9416667,16.458332,0.6666667,1144,131,73,19.707546,365,223.5,365,233,8.150295,21.126438,17.079487,2.281842,23,0.730606,25.1867,7,7,8918.27000193923
D052,NR070,S033,NR070_S033,EU,Switzerland,Rhein River,2,Palearctic,PA04,EU2,7.485305469,46.92071486,7.485275726,46.92119075,7.47799,46.9227,22,8,2946.167,512,103.074,2868542,9.168751,9.25,34.450714,662.0482,23.9,-3,26.8,15.666666,2.4666667,17.333334,1.0416666,1023.5,121,61,23.7943,333.5,185,330,190,125.41203,1097.5454,1090.2017,52.427307,11,0.747758,42.0895,10,9,8918.27000193923
D052,NR070,S034,NR070_S034,EU,Switzerland,Rhein River,2,Palearctic,PA04,EU2,7.351643118,46.88808243,7.351952448,46.88882006,7.35324,46.8893,21,5,348.34012,657,3.7185001,429940.2,8.364584,8.95,34.093792,650.4116,22.9,-3.4,26.3,16.433334,1.7333333,16.433334,0.45833325,1065,120.5,66.5,20.069065,334.5,201,334.5,211.5,43.59711,156.5513,147.02371,2.3502746,23,0.763869,39.9844,8,8,8918.27000193923
D052,NR070,S035,NR070_S035,EU,Switzerland,Rhein River,2,Palearctic,PA04,EU2,7.816399503,47.24637135,7.816399503,47.24637135,7.81595,47.2505,29,6,1.6556382,466,4.7910004,1917.6492,9.195833,8.766666,33.58876,653.02423,23.6,-2.5,26.1,16.5,2.5166667,17.3,1.2416667,1163.5,124.5,76.5,15.297485,349.5,238.5,349.5,255,0.84203696,0,0.12955408,0.58291185,23,0.829227,46.75,9,8,8918.27000193923
D052,NR070,S036,NR070_S036,EU,Switzerland,Rhein River,2,Palearctic,PA04,EU2,8.815183128,47.44218992,8.815183128,47.44218992,8.81596,47.4431,27,4,127.005196,597.5,4.121,164807.58,8.472917,7.9666667,31.315617,665.71576,22.45,-3,25.45,16.650002,1.5916667,16.650002,0.3,1120,135,61.5,26.19241,390,203,390,215,7.0375295,101.236916,17.120728,2.3240905,23,0.676825,29,8,8,8918.27000193923
D052,NR070,S037,NR070_S037,EU,Switzerland,Rhein River,2,Palearctic,PA04,EU2,7.716849319,47.53476733,7.716849319,47.53476733,7.71685,47.5348,34,10,282.18985,325,6.088,355959.1,9.883333,8.483334,32.910156,648.5758,24.2,-1.6,25.8,16.366667,3.2333333,17.983334,2.0333333,967,101,61,15.482121,292,194,285,215,77.94575,131.58247,44.59479,24.509617,12,0.82365,48,9,9,8918.27000193923
D052,NR070,S038,NR070_S038,EU,Switzerland,Rhein River,2,Palearctic,PA04,EU2,7.353592258,47.36738242,7.353592258,47.36738242,7.35359,47.3674,24,7,285.1381,432,5.135,344224.56,9.202084,8.895834,33.98665,650.92224,23.7,-2.4,26.15,15.516666,2.5333333,17.275002,1.2916667,931.5,101.5,59,17.837345,291,181,278.5,195,33.235626,138.03065,108.0201,7.75776,23,0.908544,43,9,8,8918.27000193923
D052,NR070,S039,NR070_S039,EU,Switzerland,Rhein River,2,Palearctic,PA04,EU2,7.431492177,47.34820235,7.431492177,47.3488822,7.43139,47.3488,26,6,72.29318,533.5,0.75600004,92971.38,8.597917,8.366667,33.45,634.0081,22.4,-2.6,25,14.733334,2.0416665,16.433332,0.8833333,1044.5,113.5,67,17.107124,324,207,310.5,223.5,11.829145,45.84639,14.546122,0.25852355,32,0.677214,16.25,6,6,8918.27000193923
D052,NR070,S040,NR070_S040,EU,Switzerland,Rhein River,2,Palearctic,PA04,EU2,8.894011086,47.56970613,8.894534567,47.56977751,8.89537,47.5702,24,7,212.23497,425,6.614,231550.47,9.416667,8.508333,32.012577,692.16833,24.2,-2.4,26.599998,17.933332,2.3333333,17.933332,0.8999999,957,117,54,25.517092,330,173,330,187,43.370728,62.493473,89.28705,17.401459,23,0.775549,41.75,9,9,8918.27000193923
D052,NR070,S041,NR070_S041,EU,Switzerland,Rhein River,2,Palearctic,PA04,EU2,8.930103165,47.52022258,8.93043629,47.52043673,8.93019,47.5211,22,4,138.77342,482.5,1.439,152192.1,9.06875,8.337501,31.790712,685.07544,23.6,-2.6,26.2,17.483334,2.0500002,17.483334,0.64166677,1017,124,56,26.437641,354,181,354,195,23.32825,33.927124,71.29096,8.702615,22,0.757114,37.2282,8,8,8918.27000193923
D052,NR070,S042,NR070_S042,EU,Switzerland,Rhein River,2,Palearctic,PA04,EU2,9.055608641,47.59750146,9.056251095,47.59747767,9.05647,47.5974,22,5,34.975906,477,1.158,33704.96,9.108334,8.220833,31.497444,687.8463,23.6,-2.5,26.1,17.575,2.0666666,17.575,0.65833336,939,116,51,26.644806,325,164.5,325,177.5,17.94469,7.2671404,8.425487,0.70747936,23,0.796134,19.5922,6,7,8918.27000193923
D052,NR070,S043,NR070_S043,EU,Switzerland,Rhein River,2,Palearctic,PA04,EU2,8.386490074,46.96362037,8.385429514,46.9603979,8.38649,46.9636,23,6,225.18059,548,10.003,302888.38,9.047916,8.470833,32.8273,651.5772,23.1,-2.8,25.8,17.058334,1.925,17.058334,0.98333335,1393,161.5,84,24.186565,480,273.5,480,273.5,4.829357,80.88257,106.739,1.6305405,23,0.793949,40.5,8,8,8918.27000193923
D052,NR070,S044,NR070_S044,EU,Switzerland,Rhein River,2,Palearctic,PA04,EU2,8.422452786,47.22111387,8.422942275,47.22206022,8.42445,47.2206,22,4,275.62512,397,8.86,317693.38,9.679167,8.9,33.426968,673.1488,24.3,-2.4,26.699999,17.949999,2.8333333,17.949999,1.4,1200,136,75,20.543955,393,237,393,248,28.015476,91.98116,87.33031,21.600456,11,0.700972,20.2575,7,8,8918.27000193923
D052,NR070,S045,NR070_S045,EU,Switzerland,Rhein River,2,Palearctic,PA04,EU2,8.501913283,47.18066556,8.501913283,47.18066556,8.49811,47.1866,28,8,110.10488,439,3.685,145801.31,9.579166,8.683333,32.670452,676.2882,24.1,-2.5,26.6,17.9,2.6666667,17.9,1.2666668,1225,142,73,23.038385,413,235,413,243,7.9080124,47.305954,41.57061,4.474207,23,0.747545,41.1089,10,9,8918.27000193923
D052,NR070,S046,NR070_S046,EU,Switzerland,Rhein River,2,Palearctic,PA04,EU2,8.169431546,47.4081187,8.169602867,47.40868977,8.1705,47.4095,37,8,175.18512,400,4.839,206103.33,9.458334,9.012501,33.3798,673.4054,24.5,-2.5,27,17.825,5.366667,17.825,1.3000001,1184.5,124.5,78,12.892138,346,258,346,283.5,55.790333,30.421001,55.68153,15.009536,23,0.825778,43.75,9,9,8918.27000193923
D052,NR070,S047,NR070_S047,EU,Switzerland,Rhein River,2,Palearctic,PA04,EU2,6.840036148,46.94906323,6.840321683,46.94957719,6.84004,46.9505,24,4,281.6861,569.5,5.151,384333.66,8.591667,7.866667,31.776875,633.78625,22.45,-2.3,24.75,14.95,1.9833333,16.525002,0.925,1046.5,102.5,70,12.936371,298,215.5,297.5,227.5,11.855989,169.8276,96.3338,3.3229628,11,0.747771,36,9,9,8918.27000193923
D052,NR070,S048,NR070_S048,EU,Switzerland,Rhein River,2,Palearctic,PA04,EU2,7.408861436,47.39509465,7.408915824,47.39552975,7.40886,47.3957,28,6,645.4305,517.5,13.097,791884,8.825,8.433332,33.599495,637.7041,22.8,-2.45,25.199999,14.991667,2.275,16.733334,1.0916667,998.5,106.5,64.5,16.66255,307,197.5,293,213.5,87.36792,342.80276,197.83237,18.499363,23,0.558427,21.7282,5,6,8918.27000193923
D052,NR070,S049,NR070_S049,EU,Switzerland,Rhein River,2,Palearctic,PA04,EU2,7.888567453,47.34620458,7.888567453,47.34620458,7.88857,47.3462,21,3,233.62418,455,4.933,306392.25,9.287499,8.783334,33.522728,656.41974,23.9,-2.4,26.199999,15.95,2.7333333,17.466667,1.3333334,1200,125,80,12.749545,351,256,350,278,43.86425,101.223465,67.83676,18.887957,23,0.878715,36.75,10,9,8918.27000193923
D052,NR070,S050,NR070_S050,EU,Switzerland,Rhein River,2,Palearctic,PA04,EU2,9.988763779,46.61262034,9.988763779,46.61262034,9.98876,46.6126,27,9,610.7214,1884.5,19.316,419576.97,1.5354166,10.945833,36.941856,687.53296,16.650002,-13,29.650002,9.783333,-5.9083333,9.783333,-6.958333,803.5,102,35,35.62433,298.5,122.5,298.5,124.5,2.036433,99.49251,331.1341,3.216636,32,0.404813,20,4,3,8918.27000193923
D052,NR070,S051,NR070_S051,EU,Switzerland,Rhein River,2,Palearctic,PA04,EU2,7.659600531,46.68307874,7.659600531,46.68370692,7.65127,46.6863,21,4,520.03906,721,16.607,464323.12,8.2125,8.829166,34.137722,641.11414,22.349998,-3.45,25.8,16.125,1.625,16.125,0.47500002,1087.5,122.5,72.5,18.435326,346,223,346,233,4.988838,178.48102,216.00354,3.6739452,23,0.768278,41.5,9,8,8918.27000193923
D052,NR070,S052,NR070_S052,EU,Switzerland,Rhein River,2,Palearctic,PA04,EU2,8.283903295,47.06704428,8.283903295,47.06704428,8.28283,47.0689,31,8,464.43677,474.5,16.083,660908.94,9.55625,9.083333,34.021206,664.8263,24.150002,-2.5,26.65,17.741667,2.8333335,17.741667,1.4000001,1313.5,149,83.5,20.473621,431.5,265.5,431.5,270,19.970428,266.91794,169.18683,7.996734,11,0.904804,50,10,10,8918.27000193923
D052,NR070,S053,NR070_S053,EU,Switzerland,Rhein River,2,Palearctic,PA04,EU2,7.237791769,47.13342336,7.237750978,47.13383127,7.24744,47.1319,29,7,218.21404,469,4.769,280212.2,9.345833,8.6125,33.137245,651.9422,23.85,-2.2,26.050001,15.733334,2.7,17.475,1.45,964.5,106,59.5,19.640968,301.5,181,294,190,14.398651,121.3573,73.6241,9.016888,23,0.848357,45.75,10,10,8918.27000193923
D052,NR070,S054,NR070_S054,EU,Switzerland,Rhein River,2,Palearctic,PA04,EU2,9.610506962,46.97380653,9.61047127,46.97459175,9.61051,46.9738,21,3,615.1521,784,17.679,756477.4,8.129167,9.108334,34.770115,643.2875,22,-4.1,26.1,16,1.4833333,16,0.30000004,1104,138,66,27.821772,393,200,393,206,16.06741,243.40186,305.7716,1.498698,32,0.57821,29.9692,4,7,8918.27000193923
D052,NR070,S055,NR070_S055,EU,Switzerland,Rhein River,2,Palearctic,PA04,EU2,8.59910496,47.00088797,8.604518057,46.99499061,8.59918,46.9996,28,10,317.00693,456.5,12.12,506022.03,9.552084,8.475,32.423275,671.9576,23.7,-2.65,26.35,17.758335,2.625,17.758335,1.175,1367.5,160.5,77,26.071182,479,254,479,257.5,13.352472,119.35622,159.87933,4.4229326,23,0.861808,38.5,8,7,8918.27000193923
D052,NR070,S056,NR070_S056,EU,Switzerland,Rhein River,2,Palearctic,PA04,EU2,8.627766843,46.87186736,8.627766843,46.87186736,8.62777,46.8719,22,4,817.46515,565.5,4.998,941754.2,8.933333,8.366667,31.915503,664.86346,23,-3.1,26.2,17.008333,0.85,17.008333,0.77500004,1468,177,82,27.34591,523,269.5,523,269.5,10.904831,235.50595,343.06982,5.67951,12,0.782459,42,9,7,8918.27000193923
D052,NR070,S057,NR070_S057,EU,Switzerland,Rhein River,2,Palearctic,PA04,EU2,7.253385036,46.97806982,7.252773175,46.97803583,7.25246,46.9792,22,8,1883.5358,496,41.852,2319536.5,9.154167,8.720833,33.31743,653.56494,23.650002,-2.5,26.15,15.549999,2.4916668,17.266666,1.225,955,106.5,57.5,20.910866,299.5,176,298,183.5,291.8133,740.4813,777.192,41.04574,32,0.681685,17.6295,6,6,8918.27000193923
D052,NR070,S058,NR070_S058,EU,Switzerland,Rhein River,2,Palearctic,PA04,EU2,7.930377042,47.29636622,7.930377042,47.29636622,7.92718,47.2954,23,7,365.58325,431.5,4.9575,484506.88,9.40625,8.904167,33.5213,663.17224,24.150002,-2.4,26.6,17.3,2.625,17.658333,1.3583333,1196.5,127,80,13.684159,354,254,354,274,106.197174,109.88858,133.9771,16.39965,23,0.872165,44.2929,10,9,8918.27000193923
D052,NR070,S059,NR070_S059,EU,Switzerland,Rhein River,2,Palearctic,PA04,EU2,7.750103304,46.94872772,7.753032407,46.94864157,7.75135,46.9494,18,2,441.84705,705,6.026,584187.44,8.179167,8.808333,34.17314,642.23596,22.25,-3.55,25.800001,16.1,1.5833333,16.1,0.33333334,1231,138,81,18.194574,388,250.5,388,260.5,9.910227,301.23727,128.17316,2.8663275,23,0.770004,26,7,7,8918.27000193923
D052,NR070,S060,NR070_S060,EU,Switzerland,Rhein River,2,Palearctic,PA04,EU2,6.906438668,47.01386123,6.905427397,47.0139802,6.90608,47.0144,18,3,98.70227,747,0.244,122797.664,7.579167,8.375,33.102768,636.9488,21.7,-3.6,25.300001,13.783333,1.1,15.483334,-0.10000006,1134,112,77,11.206962,317,243,317,263,32.180973,38.923702,27.350304,1.3001112,23,0.672401,32,9,9,8918.27000193923
D052,NR070,S061,NR070_S061,EU,Switzerland,Rhein River,2,Palearctic,PA04,EU2,6.72358017,46.77702662,6.725364766,46.77716939,6.72626,46.7773,21,2,102.315254,545,2.46,122398.18,9.116667,8.441667,32.516026,654.3715,23.7,-2.2,25.900002,17.3,2.4083333,17.3,1.2666667,1103.5,112.5,74,13.21272,316,228,316,239.5,79.50723,19.048178,1.4397564,1.7668371,34,0.57376,16,5,6,8918.27000193923
D052,NR070,S062,NR070_S062,EU,Switzerland,Rhein River,2,Palearctic,PA04,EU2,6.558194519,46.70525043,6.549438103,46.70658293,6.54777,46.7101,22,5,131.18161,439.5,1.668,163952.12,9.904167,8.983334,33.89937,658.0422,24.9,-1.6,26.5,16.316668,3.2,18.15,2.0333333,1141.5,119,77,12.7632265,323,238,318.5,251,74.13353,43.610504,8.96686,3.5373547,23,0.792767,27.7282,8,7,8918.27000193923
D052,NR070,S063,NR070_S063,EU,Switzerland,Rhein River,2,Palearctic,PA04,EU2,7.602040352,46.66708238,7.601926138,46.6680532,7.60192,46.6686,19,3,571.27936,804.5,13.051001,672272.8,7.7333336,8.904167,34.171196,643.3529,21.95,-4.05,26.05,15.65,1.5166668,15.65,-0.041666646,1097.5,119,72.5,17.044344,334.5,229,334.5,244,9.177185,244.66791,282.1687,1.4435813,23,0.512489,23.6415,5,5,8918.27000193923
D052,NR070,S064,NR070_S064,EU,Switzerland,Rhein River,2,Palearctic,PA04,EU2,7.390868038,47.31456237,7.390868038,47.31456237,7.39048,47.3145,26,11,206.86774,737,4.813,266122.06,7.633333,7.9416666,32.771866,618.0181,21.1,-3.1,24.2,13.583333,1.2166667,15.325,0.25000003,1202.5,127.5,79,14.231834,358.5,249.5,346,272,19.492283,117.45613,62.159004,6.3467054,12,0.510623,21.75,6,6,8918.27000193923
D052,NR070,S065,NR070_S065,EU,Switzerland,Rhein River,2,Palearctic,PA04,EU2,9.326516915,47.39970377,9.327230753,47.39951341,9.32697,47.3997,21,3,92.956566,777,4,134983.25,7.7958336,7.8,31.47019,641.77826,21.2,-3.4,24.6,15.7,1.0833334,15.7,0.049999993,1288,160,64,31.090996,463,214,463,215,0.96980333,43.341114,48.49216,0.19393346,23,0.727364,40,9,9,8918.27000193923
D052,NR070,S066,NR070_S066,EU,Switzerland,Rhein River,2,Palearctic,PA04,EU2,8.326496372,47.38608844,8.326032377,47.38533891,8.32471,47.3805,31,13,2.7960737,567,4.7910004,3424.0679,8.722917,8.770834,33.380684,659.8416,23.35,-2.95,26.3,16.958332,2.1166668,16.958332,0.76666665,1219,130,80.5,14.44837,368,263.5,368,286,1.7438802,0.3229128,0,0.64588344,12,0.766074,32.3187,9,9,8918.27000193923
D052,NR070,S067,NR070_S067,EU,Switzerland,Rhein River,2,Palearctic,PA04,EU2,7.871733544,47.5419376,7.871733544,47.5419376,7.87173,47.5419,29,7,26.59628,473,0.862,34196.203,8.954166,8.908334,34.033077,653.2789,23.7,-2.5,26.2,15.566667,4.7833333,17.166668,1.1333333,1243,120,85,10.366364,338,276,329,318,11.598492,9.085521,3.9951072,1.1597755,22,0.774268,32.2094,8,7,8918.27000193923
D052,NR070,S068,NR070_S068,EU,Switzerland,Rhein River,2,Palearctic,PA04,EU2,6.817915144,46.80611375,6.817915144,46.80611375,6.81791,46.8061,20,1,7.354181,643,0.306,8157.191,8.577084,8.45,32.68865,647.7114,23.05,-2.7,25.85,16.7,1.925,16.7,0.8666667,1102.5,112,75.5,12.966965,318,229.5,318,242.5,6.9886713,0.32654142,0,0.13063343,23,0.742036,28,8,6,8918.27000193923
D052,NR070,S069,NR070_S069,EU,Switzerland,Rhein River,2,Palearctic,PA04,EU2,9.621415898,47.38819987,9.619491594,47.38976624,9.619,47.3908,31,13,88.75348,409,0.596,117298.06,9.516666,8.675,32.428215,684.5009,23.9,-2.9,26.699999,17.85,2.4333334,17.85,0.9666666,1290,165,68,32.372242,478,213,478,220,7.0451374,31.350777,44.655,5.7520905,11,0.83535,39.441,9,9,8918.27000193923
D052,NR070,S070,NR070_S070,EU,Switzerland,Rhein River,2,Palearctic,PA04,EU2,8.435399205,47.66477733,8.435399205,47.66477733,8.43486,47.6665,22,5,70.023026,415,2.156,67139.74,9.066667,9.366667,34.02778,689.6149,24.5,-3,27.5,17.633333,8.883333,17.633333,0.6666667,970,98,63,13.2747555,270,211,270,258,39.681984,20.352001,4.1083336,4.623211,23,0.789106,37.75,6,7,8918.27000193923
D052,NR070,S071,NR070_S071,EU,Switzerland,Rhein River,2,Palearctic,PA04,EU2,8.523467926,47.76535084,8.523467926,47.76535084,8.52347,47.7654,21,4,10.215124,651,0.447,9982.301,7.65625,8.854166,33.412323,667.15717,22.4,-4.1,26.55,15.975,3.35,15.975,-0.39166665,936.5,104,59,15.63682,281,200.5,281,230,5.386069,4.23222,0,0,32,0.685363,15.7792,1,6,8918.27000193923
D052,NR070,S072,NR070_S072,EU,Switzerland,Rhein River,2,Palearctic,PA04,EU2,9.353853104,47.55038818,9.353853104,47.55038818,9.35314,47.5495,22,8,53.04881,429,1.618,52845.848,9.625,7.8,30.23256,681.1271,23.9,-1.9,25.8,18.1,2.6333334,18.1,1.3666667,1010,124,53,28.92102,358,170,358,180,8.434259,9.269098,31.868444,3.605709,23,0.825405,41.1972,9,8,8918.27000193923
D052,NR070,S073,NR070_S073,EU,Switzerland,Rhein River,2,Palearctic,PA04,EU2,6.720406236,46.78035309,6.720406236,46.78035309,6.72041,46.7804,19,4,7.798728,549.5,0.22,8748.3955,9.154167,8.4,32.479137,652.4879,23.75,-2.15,25.9,17.25,2.4666667,17.325,1.3583333,1112.5,113,75,12.82235,317,231.5,317,245,6.46935,0.5880645,0.13070421,0,34,0.656524,16,5,6,8918.27000193923
D052,NR070,S074,NR070_S074,EU,Switzerland,Rhein River,2,Palearctic,PA04,EU2,8.280987547,47.17142116,8.280987547,47.17142116,8.28027,47.1721,26,3,22.184286,497,0.714,29135.994,9.258333,8.833333,33.75,657.52234,23.6,-2.6,26.2,17.366667,2.5333333,17.366667,1.2166667,1281,144,83,18.76867,414,260,414,273,3.6327033,0.9731861,15.6372795,1.8809267,23,0.82608,25.3661,8,5,8918.27000193923
D052,NR071,S001,NR071_S001,EU,Switzerland,Po River,2,Palearctic,PA04,EU2,8.773374085,46.16824572,8.773374085,46.16824572,8.77331,46.1687,26,7,924.60785,279.5,45.506,1153377.6,11.18125,9.641666,33.826866,700.5683,26.4,-2.35,28.75,16.491665,2.6,19.908333,2.6,1407.5,161.5,65.5,29.395168,451,214,441.5,214,25.449766,611.0801,238.12346,3.9625635,23,0.776222,48.2929,10,9,22021.0604662343
D052,NR071,S002,NR071_S002,EU,Switzerland,Po River,2,Palearctic,PA04,EU2,9.050281756,46.22140655,9.049615507,46.22135896,9.05028,46.22461227,17,4,473.01227,479,17.415,649472.75,10.316667,9,33.39506,670.80457,24.8,-2.2,27,17.05,2.2166667,18.733334,2.2166667,1441,168,62,30.848183,468,215,460,215,10.604771,292.70023,136.22272,2.1762342,12,0.680239,21.75,6,7,22021.0604662343
D052,NR071,S003,NR071_S003,EU,Switzerland,Po River,2,Palearctic,PA04,EU2,8.644663056,46.35915496,8.644663056,46.35877425,8.64466,46.3592,22,3,173.3197,1171,7.963,223342.17,6.6833334,8.608334,34.632446,600.71674,20.2,-4.5,24.5,14.366667,-0.26666668,14.366667,-0.26666668,1409,156,72,27.035122,456,231,456,231,1.906493,78.07434,81.32231,0,54,0.19852,6,0,2,22021.0604662343
D052,NR071,S004,NR071_S004,EU,Switzerland,Po River,2,Palearctic,PA04,EU2,8.911689138,46.00303915,8.912046057,46.00292018,8.91108,46.0036,25,7,107.239624,365,4.513,152038.64,11.320833,9.025001,32.939392,677.55396,26,-1.4,27.4,14.65,3.15,19.866667,3.15,1533,180,61,32.47667,502,215,463,215,9.661499,84.41431,3.1759858,9.005083,12,0.804751,41.4645,10,9,22021.0604662343
D052,NR072,S001,NR072_S001,EU,Switzerland,Inn River,2,Palearctic,PA04,EU2,7.012410982,47.50141123,7.01193509,47.50124127,7.01241,47.5014,23,5,215.35078,427,4.662,226818.66,9.129167,8.625,33.55943,644.39014,23.6,-2.2,25.800001,15.383333,4.9666667,17.166666,1.35,970,94,65,10.58047,266,209,249,239,109.411674,80.05251,21.240208,6.647499,23,0.798709,42,9,7,17861.3794640579
D052,NR072,S002,NR072_S002,EU,Switzerland,Inn River,2,Palearctic,PA04,EU2,7.068968434,47.34482798,7.068859659,47.34548063,7.06775,47.3462,24,8,1216.7528,589,40.729,1592951.8,8.308333,8.233334,32.87037,632.53265,22.2,-2.8,25,14.383333,2.0166667,16.15,0.6666666,1044,103,70,11.311866,297,223,285,244,29.930092,660.6817,489.79346,25.388458,32,0.437994,4.41508,0,4,17861.3794640579
D012,NR073,S001,NR073_S001,NA,US,Deschutes River,2,Nearctic,NE05,NA2,-121.4217,45.2653,-121.4211289,45.26544277,-121.422,45.2664,NA,1,54.897484,910,1.949,87883.18,7.1625,11.258333,39.568764,615.8111,24.3,-4.2,28.4,0.6,14.883333,15,-0.08333337,1091,183,17,64.31052,525,85,88,488,0,54.955727,0,0,61,0.035224,1.25001,0,0,36358.2497843258
D012,NR073,S002,NR073_S002,NA,US,Deschutes River,2,Nearctic,NE05,NA2,-121.6733,44.5061,-121.6736046,44.5061,-121.673,44.5055,NA,2,75.458435,961,1.682,113389.664,7.46875,14.208333,43.84337,651.0818,27.3,-5.1,32.399998,0.38333333,15.691667,15.691667,-0.1416667,918,156.5,16,66.479126,449,72,72,414.5,0,61.281876,13.054322,0,61,0.0499972,2.25133,0,2,36358.2497843258
D012,NR073,S003,NR073_S003,NA,US,Willamette River,2,Nearctic,NE05,NA2,-121.8685,45.0139,-121.8963397,44.9989094,-121.8670304,45.00393006,NA,2,328.48703,761,4.4420004,627983.75,7.8791666,11.308333,40.24318,605.1951,24.9,-3.2,28.1,1.3333334,15.45,15.516666,0.78333336,1728,282,20,65.114395,820,114,125,758,0,326.98804,0,0,61,0.0464654,6,0,2,36358.2497843258
D012,NR073,S004,NR073_S004,NA,US,Willamette River,2,Nearctic,NE05,NA2,-122.0748,44.7816,-122.0719446,44.77836393,-122.0721446,44.77861634,NA,3,42.078293,787.5,1.078,88703.6,8.135416,11.170834,40.43496,592.13635,25.1,-2.45,27.6,1.8083334,15.533333,15.733334,1.3333334,1973.5,321.5,21,66.12402,939.5,122.5,139,868,0,41.21827,0,0,61,0.0676259,1.25321,0,1,36358.2497843258
D012,NR073,S005,NR073_S005,NA,US,Willamette River,2,Nearctic,NE05,NA2,-122.3703,44.3059,-122.3703,44.3059,-122.3705949,44.30640564,NA,4,14.905332,904,0.273,30655.205,8.420834,11.95,45.29672,529.3685,25.1,-1.3,26.4,3.1666667,15.05,15.383333,2.8333333,2005,326,26,64.17261,935,138,145,858,0,14.61467,0.13659814,0,61,0.0915628,1.25046,0,1,36358.2497843258
D012,NR073,S006,NR073_S006,NA,US,Willamette River,2,Nearctic,NE05,NA2,-122.309,44.029,-122.3081077,44.02977332,-122.308,44.0297,NA,2,27.519173,1036,0.501,48310.562,7.8333335,12.733334,45.967743,548.52,25.3,-2.3,27.7,2.4166667,14.733333,15,2,1692,281,24,64.89929,799,119,125,733,0,28.064125,0,0,61,0.0353243,1.25014,0,1,36358.2497843258
D012,NR073,S007,NR073_S007,NA,US,Willamette River,2,Nearctic,NE05,NA2,-122.281,43.6304,-122.281,43.63111384,-122.2803426,43.63051904,NA,1,45.305393,1145.5,1.488,66045.91,7.6854167,13.6875,46.64107,566.7689,26,-3.3,29.4,1.95,14.825,15.041667,1.5416666,1328.5,224.5,19.5,66.010315,638,94,97.5,582,0,44.629944,0,0,61,0.0396988,1.27992,0,1,36358.2497843258
D012,NR074,S001,NR074_S001,NA,US,Umpqua River,2,Nearctic,NE05,NA2,-123.4628,43.4961,-123.4879842,43.49373244,-123.463,43.4971,NA,2,9284.463,173,1.507,12488921,11.783333,12.316667,46.415092,506.9741,28.2,1.7,26.5,6.3,17.95,18.316666,5.866667,1241,209,13,70.18353,602,66,71,556,653.51135,7812.913,715.2905,54.266785,52,0.177051,16,0,3,72248.9538499774
D012,NR074,S002,NR074_S002,NA,US,Umpqua River,2,Nearctic,NE05,NA2,-122.2653,43.2368,-122.2652108,43.23784101,-122.264,43.2388,NA,2,41.29705,1325,1.169,60964.496,6.7875004,14.5,46.305145,606.8233,26.1,-5.25,31.3,0.45000005,14.441668,14.591667,-0.01666663,1166.5,202.5,17,69.37407,577,78,83,523.5,0,40.977467,0,0,53,0.0559543,2.62955,0,1,72248.9538499774
D012,NR074,S003,NR074_S003,NA,US,Umpqua River,2,Nearctic,NE05,NA2,-123.0494,42.9149,-123.052888,42.92954758,-123.0486193,42.91559004,NA,2,1536.6696,412.5,0.59000003,2031122.6,11.737499,13.929167,47.61905,575.3081,29.9,0.7,29.25,5.4333334,19.041668,19.05,5.175,970.5,159.5,12.5,65.81348,458.5,61,66,408.5,1.257177,1515.6658,15.299087,0.27937895,52,0.183398,9,0,1,72248.9538499774
D012,NR075,S001,NR075_S001,NA,US,Coastal,2,Nearctic,NE05,NA2,-123.642,45.2592,-123.6463782,45.25041979,-123.6422998,45.25217126,NA,2,223.74968,298,1.763,564939.1,9.470834,10.308333,47.350227,422.24216,22.5,0.7,21.8,5.0333333,14.583333,14.983334,4.6833334,2248,383,29,68.41358,1073,134,149,1013,0.1341339,220.1037,3.490782,0,53,0.102365,2.25001,0,2,0
D012,NR076,S001,NR076_S001,NA,US,Coastal,2,Nearctic,NE05,NA2,-124.0311,44.3777,-124.0329143,44.39210645,-124.0345686,44.38552517,NA,2,9.808222,232,0.544,23117.35,10.133333,8.45,48.011364,352.44168,20.2,2.6,17.6,6.6666665,14.2,14.783333,6.1833334,2287,385,27,68.1624,1083,135,140,1021,0,9.340561,0,0,51,0.279879,5.75751,0,5,0
D012,NR077,S001,NR077_S001,NA,US,Coastal,2,Nearctic,NE05,NA2,-123.9708,43.1052,-124.0120413,43.10803475,-123.9712379,43.10541415,NA,3,37.733635,178.5,1.452,57544.22,11.702084,12.229167,52.16388,412.66348,25.7,2.3,23.45,7.4416666,16.616667,17.108334,7.008333,1483.5,253.5,11,72.756905,721.5,65,75,675,0.13926022,33.84545,3.7600672,0,42,0.0880474,2.25321,0,2,0
D012,NR078,S001,NR078_S001,NA,US,Rogue River,2,Nearctic,NE05,NA2,-122.4423,42.8437,-122.4386118,42.84013081,-122.4435711,42.84469036,NA,1,22.675999,1174.5,0.476,28626.762,8.339582,14.654166,46.554047,619.6046,27.8,-3.7,31.5,1.7666667,16.216667,16.316666,1.4166667,1119.5,190,15,67.61905,541.5,71.5,74.5,488.5,0,22.447332,0,0,61,0.0645116,1.52698,0,1,109152.215861713
D012,NR078,S002,NR078_S002,NA,US,Rogue River,2,Nearctic,NE05,NA2,-124.0625,42.6202,-124.0612389,42.61784433,-124.0604051,42.61884051,NA,2,10167.506,189,1.767,10562868,12.1,12.466667,47.044025,496.6387,28.6,2.1,26.5,6.866667,18.033333,18.666666,6.416667,1663,290,9,76.59024,822,59,72,773,593.12775,8780.113,606.6342,145.69208,53,0.0731848,5,0,1,109152.215861713
D012,NR078,S003,NR078_S003,NA,US,Klamath River,2,Nearctic,NE05,NA2,-123.4612,41.8761,-123.4612,41.8761,-123.461,41.8761,NA,1,115.45667,721,4.325,171347.8,10.975,15.433333,49.465813,590.30743,30.5,-0.8,31.2,4.65,18.416666,18.616667,4.266667,1281,235,8,81.11869,667,46,57,633,0,111.4772,2.9133222,0,53,0.0461226,1.94612,0,0,109152.215861713
D016,NR079,S001,NR079_S001,NA,US,Central Appalachia,2,Nearctic,NE04,NA2,-81.9904,38.096109,-81.98968616,38.09717976,-81.9897,38.097,NA,0,47.404938,320,1.022,38234.82,12.316667,12.833333,36.819485,847.6192,29.8,-5.1,34.899998,20.55,1.6000001,22.55,1.6000001,1172,133,78,15.845345,353,256,346,256,0,21.633501,10.212753,0.07511355,51,0.266529,4.25187,1,3,4261.38469136777
D016,NR079,S002,NR079_S002,NA,US,Central Appalachia,2,Nearctic,NE04,NA2,-81.701731,37.940426,-81.70136932,37.94033082,-81.7012,37.9412,NA,0,134.25496,456,1.803,158243.56,11.8375,12.208333,36.22651,826.30646,28.7,-5,33.7,19.833334,1.3833333,21.816666,1.3833333,1215,135,82,14.582689,361,268,352,268,0,121.89032,6.6246514,0.22589843,51,0.364212,12,5,3,4261.38469136777
D016,NR079,S003,NR079_S003,NA,US,Central Appalachia,2,Nearctic,NE04,NA2,-81.709216,37.940879,-81.70969189,37.94200924,-81.7088,37.9408,NA,2,147.34927,447,0.9675,173678.45,11.8875,12.283334,36.341225,828.2031,28.8,-5,33.8,19.9,1.4166666,21.883333,1.4166666,1214,134,82,14.693852,360,268,351,268,0,132.95381,10.238041,0.22589843,51,0.364212,16,5,3,4261.38469136777
D016,NR079,S004,NR079_S004,NA,US,Central Appalachia,2,Nearctic,NE04,NA2,-81.6925,38.12379,-81.69286168,38.12390421,-81.6921,38.1238,NA,2,19.931728,351,0.273,23144.844,12.2125,12.408333,36.388073,829.9054,29.3,-4.8,34,20.266666,1.7333333,22.25,1.7333333,1179,133,77,15.793994,353,258,348,258,0,19.293156,0,0,51,0.359531,28.0472,8,4,4261.38469136777
D016,NR079,S005,NR079_S005,NA,US,Central Appalachia,2,Nearctic,NE04,NA2,-82.04093,38.135958,-82.04039462,38.13625543,-82.04142348,38.13638071,NA,0,77.09474,286,1.022,67945.14,12.329166,12.974999,37.17765,840.3529,29.8,-5.1,34.8,20.483334,1.65,22.483334,1.65,1157,132,77,15.875373,348,253,342,253,0,48.35267,10.513002,0.07511355,52,0.113415,3.25082,0,3,4261.38469136777
D016,NR079,S006,NR079_S006,NA,US,Central Appalachia,2,Nearctic,NE04,NA2,-81.85926,37.46713,-81.85887929,37.46705386,-81.859,37.4672,NA,6,12.291876,476,0.153,14166.99,12.029167,12.858334,37.73774,813.7497,29.150002,-4.9,34.050003,19.883335,1.7249999,21.841667,1.7249999,1150,116.5,82,11.412032,329,254,319,254,0,12.876805,0,0,52,0.2632,3.75751,0,3,4261.38469136777
D016,NR079,S007,NR079_S007,NA,US,Central Appalachia,2,Nearctic,NE04,NA2,-81.78611,37.5506,-81.78630036,37.55131384,-81.7864,37.5513,NA,3,59.105225,467,0.811,68907.93,12.029167,12.791667,37.51222,816.13513,29.1,-5,34.1,19.9,1.7166666,21.866667,1.7166666,1161,118,83,11.711158,332,257,322,257,0,59.617577,0,0,51,0.333231,9,1,4,4261.38469136777
D016,NR079,S008,NR079_S008,NA,US,Central Appalachia,2,Nearctic,NE04,NA2,-81.88258,37.45198,-81.88219929,37.45202759,-81.8821,37.452,NA,6,82.35588,460,1.015,94754.76,12.045834,12.866667,37.787758,812.3369,29.2,-4.8500004,34.05,19.891666,1.7583333,21.85,1.7583333,1149,116.5,82,11.478428,329,253.5,319,253.5,0,82.31628,0,0,52,0.181933,3.29673,0,3,4261.38469136777
D016,NR079,S009,NR079_S009,NA,US,Central Appalachia,2,Nearctic,NE04,NA2,-81.9146,37.50047,-81.91382668,37.50061872,-81.9138,37.5004,NA,0,1477.3011,412.5,0.321,1630272,12.225,13,37.84554,820.144,29.5,-4.8500004,34.35,20.166668,1.8499999,22.15,1.8499999,1154.5,117,82,11.454359,330.5,255,321,255,0.15186897,1438.53,17.143425,3.2586448,51,0.303144,12.2532,0,4,4261.38469136777
D016,NR079,S010,NR079_S010,NA,US,Central Appalachia,2,Nearctic,NE04,NA2,-81.98885,38.095698,-81.98819565,38.09617389,-81.98875723,38.09541446,NA,0,47.33737,322.5,1.022,38234.82,12.30625,12.829166,36.800545,847.51465,29.75,-5.1,34.85,20.55,1.5916668,22.55,1.5916668,1172.5,133,78,15.8351,353,256,346,256,0,21.633501,10.212753,0.07511355,51,0.266529,4.25187,1,3,4261.38469136777
D016,NR079,S011,NR079_S011,NA,US,Central Appalachia,2,Nearctic,NE04,NA2,-81.634249,37.870456,-81.63625013,37.87116984,-81.6354,37.8713,NA,2,81.21277,547.5,1.335,97848.73,11.49375,11.9125,35.669205,817.6953,28.1,-5.25,33.35,19.383335,1.125,21.325,1.125,1221,133,84,14.071026,360,271,349,271,0,82.06355,0.15067372,0.07534112,51,0.369522,11,4,3,4261.38469136777
D016,NR079,S012,NR079_S012,NA,US,Central Appalachia,2,Nearctic,NE04,NA2,-81.95258,38.076435,-81.95258,38.076435,-81.95202893,38.07625723,NA,7,23.210304,356,1.022,25360.172,12.229167,12.641666,36.642513,843.9553,29.5,-5,34.6,20.416666,1.6000001,22.4,1.6000001,1185,134,79,15.755984,357,259,348,259,0,17.578396,2.6288035,0,51,0.297419,10.2527,6,4,4261.38469136777
D016,NR079,S013,NR079_S013,NA,US,Central Appalachia,2,Nearctic,NE04,NA2,-82.042329,38.168048,-82.04705818,38.16641212,-82.04785892,38.16624339,NA,6,40.889526,284,0.467,47438.46,12.291667,12.95,37.082138,842.0506,29.8,-5.1,34.9,20.466667,1.5833334,22.483334,1.5833334,1152,131,76,15.89382,346,252,340,252,0,40.96091,0,0,52,0.102864,3.25413,0,3,4261.38469136777
D016,NR079,S014,NR079_S014,NA,US,Central Appalachia,2,Nearctic,NE04,NA2,-81.724334,38.151866,-81.72381052,38.15286537,-81.7234,38.1529,NA,0,20.96886,327,0.285,24626.467,12.3,12.55,36.647175,830.93823,29.5,-4.8,34.2,20.366667,1.8333334,22.35,1.8,1170,132,76,15.981766,351,255,346,255,0,20.934353,0.075022206,0,51,0.326739,6.62186,2,4,4261.38469136777
D016,NR079,S015,NR079_S015,NA,US,Central Appalachia,2,Nearctic,NE04,NA2,-81.833405,38.05699,-81.833405,38.05699,-81.8334,38.057,NA,2,325.87604,339,3.999,377760.3,12.320833,12.691667,36.89438,834.989,29.6,-4.8,34.4,20.433334,1.7666668,22.416668,1.7666668,1186,134,79,15.928711,358,257,350,257,0.15071629,287.71466,26.202713,0.37595508,51,0.475414,40,9,5,4261.38469136777
D025,NR080,S001,NR080_S001,NA,USA,Salinas River,7,Nearctic,NE12,NA7,-121.48767,36.23549,-121.48767,36.23623239,-121.488,36.2363,4,1,283.08163,534,1.7255,253738.56,12.891666,13.9375,55.049675,407.91205,27.3,2.15,25.3,8.808333,17.558334,18.391666,8.483334,692.5,132.5,2,91.523636,369,9,16,368.5,1.7698191,262.70612,21.328167,0,54,0.070504,4,0,4,16516.161315573
D025,NR080,S002,NR080_S002,NA,USA,Salinas River,7,Nearctic,NE12,NA7,-121.4688849,36.11980689,-121.4688849,36.11980689,-121.4687621,36.12045435,2,1,22.768269,834,0.602,21651.844,11.858334,13.75,53.886692,422.99506,26.9,1.3,25.6,7.383333,16.85,17.6,7.383333,830,161,3,91.06039,440,12,21,440,0.15415671,17.728893,5.703196,0,53,0.00522758,3.06803,0,2,16516.161315573
D025,NR080,S003,NR080_S003,NA,USA,Salinas River,7,Nearctic,NE12,NA7,-121.175661,36.496887,-121.1744618,36.49717254,-121.1746074,36.49703601,0,0,63.97518,468.5,0.147,32543.514,14.481251,17.504166,54.115227,524.9811,33.25,0.85,32.399998,9.133333,20.691666,21.425,8.458334,431.5,78,1,87.89722,229,6,13,217,0.22999829,0.6131691,61.337116,0,54,0.0330788,3.36644,0,1,16516.161315573
D025,NR080,S004,NR080_S004,NA,USA,Salinas River,7,Nearctic,NE12,NA7,-121.391406,36.00339,-121.3913168,36.00380641,-121.3902148,36.00457138,1,1,22.035706,652,0.168,17614.57,12.435417,13.166666,54.452583,388.19452,26.349998,2.2,24.099998,8.55,16.958334,17.675,8.266666,734,143,2,91.93272,395.5,9,17.5,392.5,0,22.22266,0,0,43,0.0549282,1.75077,0,0,16516.161315573
D025,NR080,S005,NR080_S005,NA,USA,Salinas River,7,Nearctic,NE12,NA7,-121.346868,36.069947,-121.3470108,36.07048238,-121.3460119,36.0694479,5,1,129.72894,514.5,0.931,101346.11,13.322916,14.45,54.942413,425.25345,28.3,1.95,26.349998,9.1,18.283333,18.983334,8.6,631.5,124,1,92.24979,342,6.5,14.5,340,8.24945,93.91698,25.671738,0,43,0.0890861,1,0,1,16516.161315573
D047,NR081,S001,NR081_S001,NA,US,Brazos River,5,Nearctic,NE04,NA5,-96.69445,30.86499,-96.69445,30.86499,-96.6945,30.865,17,NA,72737.81,85,94.711,46818500,19.6875,12.316667,38.4375,722.46576,35.3,3.2,32,23.383333,28.216667,28.216667,10.416667,927,120,50,27.37769,285,181,181,201,25587.322,8993.336,36892.3,784.22046,34,0.551859,9.01826,0,4,7299.11539365058
D047,NR081,S002,NR081_S002,NA,US,Cowhouse Creek,5,Nearctic,NE08,NA5,-97.83769,31.24777,-97.83797554,31.24876937,-97.8373,31.2488,25,NA,1388.5016,248,0.302,1043544.1,18.7375,13.070833,38.478592,762.7641,35.05,1,33.95,22.55,10.141666,27.791668,9.041667,758,108,38,32.298958,267,137,173,143,538.33997,454.64136,388.91556,0.081364304,33,0.130679,6.25001,0,5,7299.11539365058
D047,NR081,S003,NR081_S003,NA,US,Leon River,5,Nearctic,NE08,NA5,-97.39449,30.99395,-97.39365719,30.99383103,-97.3971,30.994,20,NA,9710.279,154,16.68,7370929.5,19.366667,12.666667,37.835823,755.02594,35.5,2.1,33.5,23.166666,9.733334,28.3,9.733334,859,114,43,29.847738,277,174,180,174,2054.7122,2594.1113,4789.673,198.5351,32,0.613383,13.2799,0,6,7299.11539365058
D047,NR081,S004,NR081_S004,NA,US,Leon River,5,Nearctic,NE08,NA5,-97.68092,31.37627,-97.68108656,31.37655554,-97.67966268,31.37711415,8,NA,6302.441,233,10.093,4730521,18.766666,13.141666,38.587486,762.4387,35.1,1.1,34.1,22.6,10.150001,27.85,9.066667,816,110,45,29.944378,280,152,192,152,1159.5515,1500.4465,3602.3198,21.93076,32,0.441454,28,9,5,7299.11539365058
D047,NR081,S005,NR081_S005,NA,US,Leon River,5,Nearctic,NE08,NA5,-97.6825,31.37681,-97.68266656,31.37709554,-97.68226719,31.38127621,4,NA,6302.3677,235,10.093,4730461,18.758333,13.145833,38.582962,762.24835,35.1,1.1,34.1,22.6,10.150001,27.841667,9.066667,815.5,110,45,29.941303,280,152,192.5,152,1159.5515,1500.365,3602.3198,21.93076,32,0.422157,28,9,5,7299.11539365058
D047,NR081,S006,NR081_S006,NA,US,Little River,5,Nearctic,NE08,NA5,-96.94724,30.83565,-96.94715434,30.83702771,-96.948,30.8363,23,NA,18405.225,102.5,44.454,14374767,19.852083,12.266666,38.4535,717.2682,35.3,3.4,31.9,23.533333,28.35,28.35,10.683333,891.5,119,47,29.556238,282,177,177,189,4993.526,4730.151,8047.685,480.74005,32,0.400644,21,7,4,7299.11539365058
D047,NR081,S007,NR081_S007,NA,US,Little River,5,Nearctic,NE08,NA5,-97.04877,30.77418,-97.05204176,30.78399528,-97.0488,30.7746,21,NA,14578.873,107,27.972,11159283,19.804165,12.4125,38.310184,725.54785,35.5,3.1,32.4,23.466667,28.416668,28.416668,10.525,886,119,46,30.345871,284,178,178,186,3610.8237,3938.7007,6656.6167,261.93805,33,0.229269,6.27326,0,4,7299.11539365058
D047,NR081,S008,NR081_S008,NA,US,Little River,5,Nearctic,NE08,NA5,-97.11428,30.79221,-97.11175182,30.79964582,-97.1144,30.7913,6,NA,14522.496,119,0.066,11108128,19.739582,12.441667,38.15184,731.8187,35.5,2.9,32.6,23.441666,28.408333,28.408333,10.375,883,118,46,30.182728,282.5,177,177,184,3585.4045,3918.8638,6642.984,264.47433,33,0.203942,5.27992,0,3,7299.11539365058
D047,NR081,S009,NR081_S009,NA,US,Little River,5,Nearctic,NE08,NA5,-97.14165,30.82195,-97.14103134,30.82218795,-97.1412,30.8236,18,NA,14117.076,115.5,26.262,10757394,19.70625,12.5,38.16795,735.7277,35.6,2.8,32.75,23.416666,28.449999,28.449999,10.291666,878.5,117,46,30.08279,282,177,177,182,3449.8135,3886.7131,6409.7026,258.85156,33,0.456927,3.31868,0,2,7299.11539365058
D047,NR081,S010,NR081_S010,NA,US,Little River,5,Nearctic,NE08,NA5,-97.19579,30.84779,-97.19590897,30.84874178,-97.1969,30.8463,19,NA,14085.468,122,26.262,10731121,19.654167,12.591666,38.38923,736.6482,35.5,2.7,32.8,23.366667,28.366667,28.366667,10.2,875,117,46,30.005213,281,177,177,181,3438.616,3883.3696,6383.1177,258.52625,33,0.222554,3.31868,0,2,7299.11539365058
D047,NR081,S011,NR081_S011,NA,US,Little River,5,Nearctic,NE08,NA5,-97.24854,30.86912,-97.24711232,30.86953641,-97.2463,30.869,15,NA,14017.423,137,25.932,10667525,19.575,12.625,38.37386,739.6324,35.5,2.6,32.9,23.316666,11.866667,28.35,10.116667,871,117,46,29.76566,280,179,179,180,3434.0044,3881.0657,6335.2734,258.27856,33,0.319995,4.27992,0,3,7299.11539365058
D047,NR081,S012,NR081_S012,NA,US,Little River,5,Nearctic,NE08,NA5,-97.31949,30.89568,-97.31889513,30.8969887,-97.3162,30.8979,20,NA,13763.258,136.5,25.399,10449242,19.485416,12.583333,38.194443,740.66046,35.4,2.45,32.95,23.216667,10.033333,28.266666,10.008333,866,115,45,29.597271,278.5,177.5,180,177.5,3346.577,3860.812,6191.3794,252.63364,33,0.262606,4.41508,0,3,7299.11539365058
D047,NR081,S013,NR081_S013,NA,US,Lampassas River,5,Nearctic,NE08,NA5,-97.44467,30.98994,-97.44462241,30.99051107,-97.443,30.9955,13,NA,3453.5942,149,6.649,2578078,19.304167,12.675,37.892387,757.3141,35.5,2,33.45,23.158333,9.675,28.333332,9.666667,846.5,113,42,30.040699,276.5,170,179,170.5,1171.1721,1108.3342,1093.1006,49.930084,32,0.423377,8.8525,2,5,7299.11539365058
D047,NR081,S014,NR081_S014,NA,US,Lampassas River,5,Nearctic,NE08,NA5,-97.48864,30.99936,-97.48864,30.99936,-97.4879,30.9996,13,NA,3424.9204,180.5,6.649,2554393.2,19.1375,12.525,37.725903,753.57166,35.2,2,33.2,22.966667,10.633333,28.116667,9.55,839,112,41,30.213377,277,168,178,168,1170.6,1105.8828,1068.4044,48.94878,32,0.44797,16,6,5,7299.11539365058
D050,NR082,S001,NR082_S001,NA,US,St. Louis River,2,Nearctic,NE04,NA2,-92.09208,46.74497,-92.09564919,46.74235259,-92.09105683,46.74708772,12,10,1.271229,188,0.587,836.8068,5.2083335,10.283333,23.47793,1168.4465,26.4,-17.4,43.8,19.05,-9.866667,19.05,-9.866667,769,105,19,49.660515,308,71,308,71,0,0,0,0.98089474,61,0.887186,46.9844,10,9,121.665296085609
D050,NR082,S002,NR082_S002,NA,US,St. Louis River,2,Nearctic,NE04,NA2,-92.08004,46.73705,-92.08527481,46.74061919,-92.07793418,46.74133303,14,14,3.8729997,188,0.587,2903.2563,5.2166667,10.283333,23.585627,1163.823,26.3,-17.3,43.6,18.966667,-9.8,18.966667,-9.8,771,105,19,49.29904,307,71,307,71,0.1961776,0,0.2615398,3.2043622,61,0.654858,42.1972,10,8,121.665296085609
D050,NR082,S003,NR082_S003,NA,US,St. Louis River,2,Nearctic,NE04,NA2,-92.15984,46.70284,-92.1589358,46.70284,-92.15984,46.70284,14,9,6.797038,197,0.691,5014.9907,4.8374996,10.354166,23.846752,1157.4353,25.6,-17.8,43.4,18.391666,-10.2,18.391666,-10.2,754,104.5,18,50.233574,303,70,303,70,0.0654464,4.84268,1.3742768,0,61,0.456026,28.3395,9,7,121.665296085609
D050,NR082,S004,NR082_S004,NA,US,St. Louis River,2,Nearctic,NE04,NA2,-92.07368,46.73413,-92.08463504,46.73435843,-92.07032496,46.73163157,10,15,3.0432267,188,0.587,2344.197,5.2166667,10.283333,23.585627,1163.1783,26.3,-17.3,43.6,18.95,-9.8,18.966667,-9.8,771,105,19,49.39329,307,71,307,71,0,0,0.13082546,2.9430714,61,0.915051,46.3229,10,8,121.665296085609
D050,NR082,S005,NR082_S005,NA,US,St. Louis River,2,Nearctic,NE04,NA2,-92.09898,46.76592,-92.09206767,46.7645756,-92.09629597,46.76637686,16,19,10.478026,185.5,146.679,6437.251,5.320833,10.183333,23.35627,1163.3953,26.4,-17.2,43.6,19.1,-9.666667,19.1,-9.666667,757,103,18,49.61535,304,70,304,70,0.065331884,1.632933,0.9799547,5.3569307,11,0.613977,41.6951,10,8,121.665296085609
D050,NR082,S006,NR082_S006,NA,US,St. Louis River,2,Nearctic,NE04,NA2,-92.06682,46.72938,-92.08280998,46.73184512,-92.06535663,46.72780956,13,11,2.8902233,189,0.587,2229.5383,5.179167,10.325,23.681192,1163.1783,26.3,-17.3,43.6,18.95,-9.833333,18.95,-9.833333,771,105,19,49.272903,307,71,307,71,0,0.065406,0,3.0737455,61,0.915051,46.3229,10,8,121.665296085609
D050,NR082,S007,NR082_S007,NA,US,St. Louis River,2,Nearctic,NE04,NA2,-92.02403,46.69878,-92.02517214,46.70013629,-92.02625718,46.7011785,7,14,1123.865,188.5,18.61,868184.06,5.0562496,10.6875,24.523132,1154.3676,26,-17.5,43.55,18.233334,-9.941667,18.641666,-9.941667,761,104,19,49.073616,302,72,301,72,1.574142,926.83966,193.19145,2.2912292,61,0.470112,40.75,9,6,121.665296085609
D050,NR082,S008,NR082_S008,NA,US,St. Louis River,2,Nearctic,NE04,NA2,-92.09137,46.75,-92.09117964,46.7495717,-92.09141759,46.75114214,15,13,9595.3125,182,145.367,6671136.5,5.2458334,10.233334,23.356125,1170.1884,26.4,-17.4,43.8,19.066666,-9.866667,19.1,-9.866667,758.5,104,18,49.92726,304.5,70,304,70,11.1646805,8432.814,621.46643,102.60823,61,-9999,45.8494,10,8,121.665296085609
D050,NR082,S009,NR082_S009,NA,US,St. Louis River,2,Nearctic,NE04,NA2,-92.09119,46.75379,-92.08983371,46.74973897,-92.09061893,46.75236232,18,15,9595.454,181,145.367,6671136.5,5.2541666,10.233334,23.329536,1168.9454,26.4,-17.4,43.8,19.1,-9.85,19.116667,-9.85,757,104,18,49.888226,304,70,304,70,11.165447,8432.527,625.5715,102.699814,61,-9999,45.8494,10,8,121.665296085609
D050,NR082,S010,NR082_S010,NA,US,St. Louis River,2,Nearctic,NE04,NA2,-91.99462,46.69097,-91.99529815,46.68622298,-91.99547661,46.68959943,9,11,12.121069,187,0.391,7922.493,4.9395833,10.529167,24.457972,1142.9124,25.6,-17.4,43.05,17.658333,-9.841666,18.325,-9.841666,756,104,18.5,49.192627,301,71.5,300,71.5,0.13089952,6.940948,4.387018,0,61,0.466025,28.5,8,5,121.665296085609
D050,NR082,S011,NR082_S011,NA,US,St. Louis River,2,Nearctic,NE04,NA2,-92.06889,46.74575,-92.06792632,46.74628538,-92.07028198,46.7404319,14,10,9614.08,180,145.367,6680745,5.3,10.075,23.180077,1160.9148,26.3,-17.1,43.4,19.05,-9.633333,19.05,-9.633333,753,103,18,50.129745,303,70,303,70,11.42621,8447.309,620.6391,113.71101,61,0.569499,41.1274,10,8,121.665296085609
D050,NR082,S012,NR082_S012,NA,US,St. Louis River,2,Nearctic,NE04,NA2,-92.19812,46.70272,-92.19792964,46.70364799,-92.19812,46.70272,15,19,1.9723334,282.5,0.691,1344.3951,4.575,10.983334,24.931154,1167.7178,25.75,-18.3,44.050003,18.216667,-10.608334,18.216667,-10.608334,767.5,105.5,18.5,49.614174,306.5,71.5,306.5,71.5,0,0.19621801,1.5045164,0.19625166,12,0.329934,39.25,9,8,121.665296085609
D050,NR082,S013,NR082_S013,NA,US,St. Louis River,2,Nearctic,NE04,NA2,-92.15273,46.71003,-92.15372937,46.71020132,-92.15375317,46.71029174,15,11,11.036797,197,0.16,7762.675,4.8625,10.325,23.735632,1158.903,25.7,-17.8,43.5,18.433334,-10.183333,18.433334,-10.183333,753,104,18,50.25453,303,70,303,70,0.0654464,8.310342,1.5705453,0.26170143,61,0.478511,31.7178,10,8,121.665296085609
D050,NR082,S014,NR082_S014,NA,US,St. Louis River,2,Nearctic,NE04,NA2,-92.01192,46.68672,-92.01140842,46.68523284,-92.01099911,46.68601531,18,12,74.85734,194,1.065,57373.37,4.991667,10.708333,24.673578,1149.4485,25.9,-17.5,43.4,17.75,-9.95,18.466667,-9.95,763,104,19,49.02979,302,72,302,72,0.065459855,51.763107,22.15345,0.78545105,61,0.56928,43.441,9,5,121.665296085609
D050,NR082,S015,NR082_S015,NA,US,St. Louis River,2,Nearctic,NE04,NA2,-92.05157,46.71692,-92.05421715,46.71543284,-92.04951415,46.71954693,17,9,14.792717,193,0.587,10894.354,5.1,10.575,24.199085,1160.9075,26.2,-17.5,43.7,18.783333,-9.916667,18.783333,-9.916667,766,105,19,49.34236,304,71,304,71,0.45803055,1.5050787,6.347351,6.1499066,61,0.811211,38.9692,10,8,121.665296085609
D050,NR082,S016,NR082_S016,NA,US,St. Louis River,2,Nearctic,NE04,NA2,-92.06862,46.7421,-92.06633572,46.74469361,-92.06947661,46.73967295,10,11,9614.315,180,0.587,6680762.5,5.3,10.049999,23.168339,1158.9521,26.3,-17.05,43.35,19.041666,-9.6,19.041666,-9.6,753,103,18,50.18758,302.5,70,302.5,70,11.556992,8449.524,620.0451,114.48994,61,-9999,41.1274,10,8,121.665296085609
D050,NR082,S017,NR082_S017,NA,US,St. Louis River,2,Nearctic,NE04,NA2,-92.20508,46.6675,-92.20372371,46.66696462,-92.20445539,46.66720257,18,15,9316.036,190,141.563,6476697,4.920833,10.900001,24.86682,1159.5417,25.8,-18,43.8,18.4,-10.216667,18.4,-10.216667,759,106,18,49.819263,304,70,304,70,9.269636,8254.363,574.48486,67.44449,12,0.443349,41.0472,9,6,121.665296085609
D050,NR082,S018,NR082_S018,NA,US,St. Louis River,2,Nearctic,NE04,NA2,-92.20571,46.66795,-92.20397299,46.66724806,-92.20457976,46.66783103,22,NA,9316.036,190,141.563,6476697,4.920833,10.900001,24.86682,1159.5417,25.8,-18,43.8,18.4,-10.216667,18.4,-10.216667,759,106,18,49.819263,304,70,304,70,9.269636,8254.363,574.48486,67.44449,12,0.443349,41.0472,9,6,121.665296085609
D050,NR082,S019,NR082_S019,NA,US,St. Louis River,2,Nearctic,NE04,NA2,-92.08671,46.76202,-92.08778076,46.76157385,-92.09207806,46.76093497,15,13,10.925037,183,146.679,6542.1367,5.320833,10.183333,23.35627,1163.3953,26.4,-17.2,43.6,19.1,-9.666667,19.1,-9.666667,757,103,18,49.61535,304,70,304,70,0.065331884,2.220768,1.8291277,5.161305,11,0.573967,41.6951,10,8,121.665296085609
D050,NR082,S020,NR082_S020,NA,US,St. Louis River,2,Nearctic,NE04,NA2,-92.17168,46.70118,-92.17374537,46.70077311,-92.17385007,46.70015207,6,11,89.83301,191,1.593,67414.375,4.8375,10.458333,24.10168,1157.3091,25.6,-17.9,43.5,18.35,-10.216666,18.35,-10.216666,756,105,18,49.99556,302,70,302,70,0.06546995,73.19437,13.107244,1.3748317,12,0.312704,38.2282,9,8,121.665296085609
D050,NR082,S021,NR082_S021,NA,US,St. Louis River,2,Nearctic,NE04,NA2,-92.02567,46.6997,-92.02556292,46.7005923,-92.02721189,46.70044239,18,21,1123.865,188.5,18.61,868184.06,5.0562496,10.6875,24.523132,1154.3676,26,-17.5,43.55,18.233334,-9.941667,18.641666,-9.941667,761,104,19,49.073616,302,72,301,72,1.574142,922.9652,192.14047,2.3567631,61,0.470112,40.75,9,6,121.665296085609
D050,NR082,S022,NR082_S022,NA,US,St. Louis River,2,Nearctic,NE04,NA2,-92.19104,46.68029,-92.19104,46.68029,-92.19518026,46.67950478,17,18,9343.165,185,141.563,6495606,4.9375,10.766666,24.581432,1161.5118,25.8,-18,43.8,18.433334,-10.216667,18.433334,-10.216667,759,105,18,49.832718,303,70,303,70,8.943361,8294.602,576.68726,68.47898,12,0.420364,26.2941,8,6,121.665296085609
D050,NR082,S023,NR082_S023,NA,US,St. Louis River,2,Nearctic,NE04,NA2,-92.19109,46.68016,-92.19109,46.68016,-92.19523026,46.67937478,28,NA,9343.165,185,141.563,6495606,4.9375,10.766666,24.581432,1161.5118,25.8,-18,43.8,18.433334,-10.216667,18.433334,-10.216667,759,105,18,49.832718,303,70,303,70,8.943361,8294.602,576.68726,68.47898,12,0.420364,26.2941,8,6,121.665296085609
D050,NR082,S024,NR082_S024,NA,US,St. Louis River,2,Nearctic,NE04,NA2,-92.1334,46.74425,-92.1353464,46.74460692,-92.12954527,46.74667705,11,15,2.335671,189,0.691,1596.2795,5.0791664,10.391666,23.67122,1172.9595,26.2,-17.7,43.9,18.866667,-10.133333,18.866667,-10.133333,765,105,19,49.561596,305,71,305,71,0,0.06535885,0.39221033,1.6342002,61,0.447053,33.3074,10,8,121.665296085609
D050,NR082,S025,NR082_S025,NA,US,St. Louis River,2,Nearctic,NE04,NA2,-92.13017,46.74195,-92.13061193,46.74368191,-92.12781433,46.74299696,18,NA,2.594563,189,0.691,1690.8385,5.0791664,10.391666,23.67122,1172.9595,26.2,-17.7,43.9,18.866667,-10.133333,18.866667,-10.133333,765,105,19,49.561596,305,71,305,71,0,0.19607317,0.32683465,1.8956155,61,0.447053,33.266,10,9,121.665296085609
D050,NR082,S026,NR082_S026,NA,US,St. Louis River,2,Nearctic,NE04,NA2,-92.16283,46.71337,-92.16277289,46.71382686,-92.16283,46.71464896,14,16,9469.752,182,0.32,6584750,4.9958334,10.441667,23.866676,1166.9604,25.9,-17.8,43.699997,18.658333,-10.166666,18.658333,-10.166666,755,104,18,50.227806,304,70,304,70,9.009619,8373.764,599.6679,71.94841,61,0.316244,31.7178,10,8,121.665296085609
D050,NR082,S027,NR082_S027,NA,US,St. Louis River,2,Nearctic,NE04,NA2,-92.16278,46.71339,-92.16272289,46.71384686,-92.16278,46.71466896,24,NA,9469.752,182,0.32,6584750,4.9958334,10.441667,23.866676,1166.9604,25.9,-17.8,43.699997,18.658333,-10.166666,18.658333,-10.166666,755,104,18,50.227806,304,70,304,70,9.009619,8373.764,599.6679,71.94841,61,0.316244,31.7178,10,8,121.665296085609
D050,NR082,S028,NR082_S028,NA,US,St. Louis River,2,Nearctic,NE04,NA2,-92.12416,46.7506,-92.12316063,46.74692373,-92.11554635,46.75383607,14,17,8.569388,221,0.691,6307.5107,5.0666666,10.35,23.630136,1171.9185,26.1,-17.7,43.9,18.833334,-10.116667,18.833334,-10.116667,765,105,19,49.674194,305,71,305,71,0.06534874,3.659452,1.7643889,2.8756576,61,-9999,33.266,10,9,121.665296085609
D050,NR082,S029,NR082_S029,NA,US,St. Louis River,2,Nearctic,NE04,NA2,-92.12378,46.75293,-92.13102546,46.74861128,-92.11640367,46.755595,15,NA,8.286985,221,0.691,6311.801,4.947917,10.4625,23.859596,1171.0967,26.05,-17.8,43.850002,18.716667,-10.208334,18.716667,-10.208334,765,105,19,49.648502,307,71,307,71,0,5.227798,1.6338261,1.8954701,61,0.435553,46.2049,10,9,121.665296085609
D050,NR082,S030,NR082_S030,NA,US,St. Louis River,2,Nearctic,NE04,NA2,-92.16968,46.69792,-92.1727495,46.69637573,-92.17185007,46.69689207,NA,16,89.46202,193,1.593,67282.664,4.8375,10.35,23.861883,1157.3091,25.6,-17.9,43.5,18.35,-10.216666,18.35,-10.216666,754,105,18,50.053238,302,70,302,70,0.06546995,71.62291,15.140123,0.7201527,12,0.312972,27.5929,9,7,121.665296085609
D050,NR082,S031,NR082_S031,NA,US,St. Louis River,2,Nearctic,NE04,NA2,-92.16975,46.6979,-92.1728195,46.69635573,-92.17192007,46.69687207,17,NA,89.46202,193,1.593,67282.664,4.8375,10.35,23.861883,1157.3091,25.6,-17.9,43.5,18.35,-10.216666,18.35,-10.216666,754,105,18,50.053238,302,70,302,70,0.06546995,71.62291,15.140123,0.7201527,12,0.312972,27.5929,9,7,121.665296085609
D050,NR082,S032,NR082_S032,NA,US,St. Louis River,2,Nearctic,NE04,NA2,-92.00765,46.68352,-92.00981531,46.68674417,-92.00293867,46.68823133,7,13,74.9398,194,1.065,57373.37,4.991667,10.708333,24.673578,1149.4485,25.9,-17.5,43.4,17.75,-9.95,18.466667,-9.95,763,104,19,49.02979,302,72,302,72,0.065459855,52.21714,20.90737,1.1126997,61,0.56928,43.441,9,5,121.665296085609
D050,NR082,S033,NR082_S033,NA,US,St. Louis River,2,Nearctic,NE04,NA2,-92.00838,46.68338,-92.01054531,46.68660417,-92.00366867,46.68809133,18,NA,74.92213,194,1.065,57373.37,4.991667,10.708333,24.673578,1149.4485,25.9,-17.5,43.4,17.75,-9.95,18.466667,-9.95,763,104,19,49.02979,302,72,302,72,0.065459855,52.21714,20.90737,1.1126997,61,0.56928,43.441,9,5,121.665296085609
D050,NR082,S034,NR082_S034,NA,US,St. Louis River,2,Nearctic,NE04,NA2,-92.00573,46.68732,-92.00858535,46.68974705,-92.0043975,46.68889044,NA,13,75.010475,193,1.065,57368.645,4.9979167,10.679167,24.606375,1149.022,25.849998,-17.5,43.350002,17.766666,-9.933333,18.491667,-9.933333,762.5,104,19,49.016304,302,72,301.5,72,0.065459855,52.47904,20.97282,1.1126997,61,-9999,39.75,9,5,121.665296085609
D050,NR082,S035,NR082_S035,NA,US,St. Louis River,2,Nearctic,NE04,NA2,-91.9979,46.68208,-91.99556813,46.67879634,-91.99801421,46.68293661,16,NA,7.738239,199,0.691,5917.3823,4.86875,10.758333,24.846035,1143.8793,25.6,-17.650002,43.300003,17.566666,-10,18.25,-10,763.5,105,19,49.067535,303.5,73,301.5,73,0,4.4531975,3.7980778,0,61,0.466025,28.25,8,5,121.665296085609
D050,NR082,S036,NR082_S036,NA,US,St. Louis River,2,Nearctic,NE04,NA2,-92.15706,46.70772,-92.15553715,46.70781518,-92.15866614,46.70867178,18,11,7.3740616,193,0.691,5130.9844,4.8958335,10.325,23.713518,1161.2267,25.7,-17.8,43.5,18.483334,-10.183333,18.483334,-10.183333,753,104,18,50.330147,303,70,303,70,0.13088606,4.973542,1.4397265,0.39261445,61,0.478511,28.3395,9,7,121.665296085609
D050,NR082,S037,NR082_S037,NA,US,St. Louis River,2,Nearctic,NE04,NA2,-92.15698,46.70779,-92.15545715,46.70788518,-92.15858614,46.70874178,20,NA,7.3740616,193,0.691,5130.9844,4.8958335,10.325,23.713518,1161.2267,25.7,-17.8,43.5,18.483334,-10.183333,18.483334,-10.183333,753,104,18,50.330147,303,70,303,70,0.13088606,4.973542,1.4397265,0.39261445,61,0.478511,28.3395,9,7,121.665296085609
D050,NR082,S038,NR082_S038,NA,US,St. Louis River,2,Nearctic,NE04,NA2,-92.15623,46.69509,-92.15630138,46.69541837,-92.15626807,46.6953565,17,16,6.084502,199,0.691,4599.716,4.8020835,10.558332,24.272026,1153.5405,25.6,-17.9,43.45,18.275,-10.208333,18.275,-10.208333,758,104,18,49.89373,303,70,303,70,0.0654464,4.319277,1.2434076,0,61,0.398464,27.6711,9,7,121.665296085609
D050,NR082,S039,NR082_S039,NA,US,St. Louis River,2,Nearctic,NE04,NA2,-92.15602,46.69512,-92.15609138,46.69544837,-92.15605807,46.6953865,12,NA,6.084502,199,0.691,4599.716,4.8020835,10.558332,24.272026,1153.5405,25.6,-17.9,43.45,18.275,-10.208333,18.275,-10.208333,758,104,18,49.89373,303,70,303,70,0.0654464,4.319277,1.2434076,0,61,0.398464,27.6711,9,7,121.665296085609
D050,NR082,S040,NR082_S040,NA,US,St. Louis River,2,Nearctic,NE04,NA2,-92.1985,46.67741,-92.19450251,46.67531607,-92.1954305,46.67755277,15,20,9317.882,184,141.563,6477485.5,4.9375,10.841667,24.752665,1161.3306,25.8,-18,43.8,18.433334,-10.216667,18.433334,-10.216667,759,106,18,49.885525,304,70,304,70,9.660861,8276.558,576.7214,66.61011,12,0.331694,37.119,9,6,121.665296085609
D050,NR082,S041,NR082_S041,NA,US,St. Louis River,2,Nearctic,NE04,NA2,-92.19852,46.67754,-92.19452251,46.67544607,-92.1954505,46.67768277,23,NA,9317.882,184,141.563,6477485.5,4.9375,10.841667,24.752665,1161.3306,25.8,-18,43.8,18.433334,-10.216667,18.433334,-10.216667,759,106,18,49.885525,304,70,304,70,9.660861,8276.558,576.7214,66.61011,12,0.331694,37.119,9,6,121.665296085609
D050,NR082,S042,NR082_S042,NA,US,St. Louis River,2,Nearctic,NE04,NA2,-92.0838,46.75645,-92.0838,46.75645,-92.09036731,46.75290936,11,14,11.583853,181.5,146.679,6618.807,5.320833,10.133333,23.24159,1163.315,26.4,-17.2,43.6,19.116667,-9.666667,19.116667,-9.666667,756,103,18,49.7731,304,70,304,70,0.065331884,1.828885,1.5678135,5.3571935,11,0.573967,42.0474,10,8,121.665296085609
D050,NR082,S043,NR082_S043,NA,US,St. Louis River,2,Nearctic,NE04,NA2,-92.08289,46.75731,-92.08274128,46.75653668,-92.08945731,46.75376936,21,NA,11.613264,181.5,146.679,6620.468,5.320833,10.133333,23.24159,1163.315,26.4,-17.2,43.6,19.116667,-9.666667,19.116667,-9.666667,756,103,18,49.7731,304,70,304,70,0.065331884,1.828885,1.5677934,5.2265706,61,0.573967,42.0474,10,8,121.665296085609
D050,NR082,S044,NR082_S044,NA,US,St. Louis River,2,Nearctic,NE04,NA2,-92.14687,46.71462,-92.147403,46.71636652,-92.14731615,46.7137277,19,12,9532.545,185,0.6675,6630595,5.0166664,10.375,23.728168,1166.6628,26,-17.8,43.7,18.7,-10.15,18.7,-10.15,760,104,18,50.10982,305,70,305,70,9.205824,8415.532,607.9706,80.84062,61,0.478511,31.7178,10,8,121.665296085609
D050,NR082,S045,NR082_S045,NA,US,St. Louis River,2,Nearctic,NE04,NA2,-92.14657,46.71456,-92.147103,46.71630652,-92.14701615,46.7136677,19,NA,9532.545,185,0.6675,6630595,5.0166664,10.375,23.728168,1166.6628,26,-17.8,43.7,18.7,-10.15,18.7,-10.15,760,104,18,50.10982,305,70,305,70,9.205824,8415.532,607.9706,80.84062,61,0.478511,31.7178,10,8,121.665296085609
D050,NR082,S046,NR082_S046,NA,US,St. Louis River,2,Nearctic,NE04,NA2,-92.19205,46.68575,-92.19526227,46.6852979,-92.19544073,46.68496478,19,15,9344.914,184,0.32,6496043,4.9500003,10.658334,24.37071,1161.7698,25.8,-18,43.8,18.466667,-10.2,18.466667,-10.2,757,105,18,49.885525,303,70,303,70,9.008618,8274.586,576.5089,68.15518,12,0.424561,34.0501,8,6,121.665296085609
D050,NR082,S047,NR082_S047,NA,US,St. Louis River,2,Nearctic,NE04,NA2,-92.19218,46.68624,-92.19539227,46.6857879,-92.19557073,46.68545478,20,NA,9344.914,184,0.32,6496043,4.9500003,10.658334,24.37071,1161.7698,25.8,-18,43.8,18.466667,-10.2,18.466667,-10.2,757,105,18,49.885525,303,70,303,70,9.008618,8274.586,576.5089,68.15518,12,0.424561,34.0501,8,6,121.665296085609
D050,NR082,S048,NR082_S048,NA,US,St. Louis River,2,Nearctic,NE04,NA2,-92.00475,46.69358,-92.00641562,46.69239027,-92.00479759,46.6944842,10,15,89.31673,187,0.691,65588.45,4.991667,10.55,24.437984,1145.1855,25.7,-17.4,43.1,17.75,-9.85,18.433334,-9.85,757,104,19,49.086372,301,72,300,72,0.19635937,56.80229,26.802109,1.3091164,61,-9999,39.75,9,5,121.665296085609
D050,NR082,S049,NR082_S049,NA,US,St. Louis River,2,Nearctic,NE04,NA2,-92.00673,46.69944,-92.00944259,46.6972271,-92.0089191,46.6972509,10,NA,89.9292,186,0.541,66058.57,5.0041666,10.45,24.302547,1143.7966,25.7,-17.349998,43,17.775,-9.816667,18.45,-9.816667,755.5,104,18,49.456226,301,71,300,71,0.19635937,57.98308,27.130848,1.1782169,61,-9999,39.75,9,5,121.665296085609
D050,NR082,S050,NR082_S050,NA,US,St. Louis River,2,Nearctic,NE04,NA2,-92.17702,46.70975,-92.17466144,46.70880207,-92.1762205,46.71003554,14,17,91.42873,187,1.593,68046.21,4.925,10.354167,23.79454,1163.4515,25.75,-17.8,43.6,18.533333,-10.191667,18.533333,-10.191667,753.5,104,18,50.184334,302.5,70,302.5,70,0.06546995,72.67023,15.139656,1.898625,12,0.316244,40.4911,10,8,121.665296085609
D050,NR082,S051,NR082_S051,NA,US,St. Louis River,2,Nearctic,NE04,NA2,-92.1769,46.70991,-92.17454144,46.70896207,-92.1761005,46.71019554,21,NA,91.42873,187,1.593,68046.21,4.925,10.354167,23.79454,1163.4515,25.75,-17.8,43.6,18.533333,-10.191667,18.533333,-10.191667,753.5,104,18,50.184334,302.5,70,302.5,70,0.06546995,72.67023,15.139656,1.898625,12,0.316244,40.4911,10,8,121.665296085609
D050,NR082,S052,NR082_S052,NA,US,St. Louis River,2,Nearctic,NE04,NA2,-92.15809,46.70502,-92.15809,46.70502,-92.15981511,46.70451436,15,18,7.173876,193,0.691,5179.5337,4.8625,10.325,23.735632,1159.4691,25.6,-17.8,43.4,18.433334,-10.2,18.433334,-10.2,753,104,18,50.275684,303,70,303,70,0.0654464,4.8426766,1.3088372,0,61,0.456026,28.3395,9,7,121.665296085609
D050,NR082,S053,NR082_S053,NA,US,St. Louis River,2,Nearctic,NE04,NA2,-92.15811,46.70508,-92.15811,46.70508,-92.15983511,46.70457436,18,NA,7.173876,193,0.691,5179.5337,4.8625,10.325,23.735632,1159.4691,25.6,-17.8,43.4,18.433334,-10.2,18.433334,-10.2,753,104,18,50.275684,303,70,303,70,0.0654464,4.8426766,1.3088372,0,61,0.456026,28.3395,9,7,121.665296085609
D050,NR082,S054,NR082_S054,NA,US,St. Louis River,2,Nearctic,NE04,NA2,-92.12506,46.73798,-92.12506,46.73798,-92.12627947,46.73789077,16,13,9542.046,180.5,72.6505,6634455.5,5.1625,10.266666,23.376993,1173.731,26.3,-17.650002,43.9,19.025,-10.033334,19.025,-10.033334,770.5,104,18,49.16988,305,70,305,70,9.271223,8416.644,609.14746,83.25987,61,0.887724,33.266,10,9,121.665296085609
D050,NR082,S055,NR082_S055,NA,US,St. Louis River,2,Nearctic,NE04,NA2,-92.12669,46.73663,-92.12628549,46.73682036,-92.12796896,46.73633257,19,NA,9541.981,180.5,72.6505,6634429,5.1583333,10.266666,23.395977,1173.4463,26.25,-17.7,43.9,19.008333,-10.041667,19.008333,-10.041667,770,104,18,49.292107,305,70,305,70,9.271223,8416.644,609.14746,83.25987,61,0.887724,33.3899,10,8,121.665296085609
D050,NR082,S056,NR082_S056,NA,US,St. Louis River,2,Nearctic,NE04,NA2,-91.98692,46.69017,-91.99023935,46.68624389,-91.99147072,46.68517313,9,11,11.691102,191,0.391,8030.0674,4.9333334,10.579166,24.545631,1142.9124,25.6,-17.5,43.1,17.65,-9.908333,18.325,-9.908333,758,104,19,49.098183,301.5,72,300,72,0.13089952,7.0064344,4.1251683,0.065459855,61,0.367879,28.5,8,5,121.665296085609
D050,NR082,S057,NR082_S057,NA,US,St. Louis River,2,Nearctic,NE04,NA2,-91.98652,46.69061,-91.98983935,46.68668389,-91.99107072,46.68561313,15,NA,11.673431,191,0.391,8030.0674,4.9333334,10.579166,24.545631,1142.9124,25.6,-17.5,43.1,17.65,-9.908333,18.325,-9.908333,758,104,19,49.098183,301.5,72,300,72,0.13089952,7.0064344,4.1251683,0.065459855,61,0.367879,28.5,8,5,121.665296085609
D050,NR082,S058,NR082_S058,NA,US,St. Louis River,2,Nearctic,NE04,NA2,-92.00963,46.68808,-92.00982036,46.6885083,-92.00963,46.68808,13,25,74.992805,193,1.065,57468.098,4.9979167,10.679167,24.606375,1149.022,25.849998,-17.5,43.350002,17.766666,-9.933333,18.491667,-9.933333,762.5,104,19,49.016304,302,72,301.5,72,0.065459855,51.629726,22.218525,0.9163876,61,-9999,43.441,9,5,121.665296085609
D050,NR082,S059,NR082_S059,NA,US,St. Louis River,2,Nearctic,NE04,NA2,-92.01281,46.68713,-92.01229842,46.68564284,-92.01155598,46.68642531,12,NA,74.76309,194,1.065,57373.37,4.9708333,10.720833,24.72158,1149.022,25.849998,-17.55,43.4,17.733334,-9.958334,18.45,-9.958334,763,104.5,19,49.044754,302.5,72,302,72,0.065459855,51.763107,22.15345,0.78545105,61,0.660794,43.441,9,5,121.665296085609
D050,NR082,S060,NR082_S060,NA,US,St. Louis River,2,Nearctic,NE04,NA2,-92.16637,46.6881,-92.16637,46.6881,-92.16637,46.6881,11,11,88.525604,196,1.593,67020.29,4.804167,10.650001,24.464832,1153.8778,25.5,-17.9,43.5,18.216667,-10.216666,18.216667,-10.216666,757,105,18,49.892662,302,70,302,70,0.06546995,72.60466,12.910555,1.3748317,61,0.312972,26.5372,8,6,121.665296085609
D050,NR082,S061,NR082_S061,NA,US,St. Louis River,2,Nearctic,NE04,NA2,-92.16648,46.68813,-92.16648,46.68813,-92.16648,46.68813,11,NA,88.525604,196,1.593,67020.29,4.804167,10.650001,24.464832,1153.8778,25.5,-17.9,43.5,18.216667,-10.216666,18.216667,-10.216666,757,105,18,49.892662,302,70,302,70,0.06546995,72.60466,12.910555,1.3748317,61,0.312972,26.5372,8,6,121.665296085609
D050,NR082,S062,NR082_S062,NA,US,St. Louis River,2,Nearctic,NE04,NA2,-92.15636,46.68481,-92.15750809,46.68287669,-92.15731178,46.68312058,12,12,82.7516,194,1.593,63112.3,4.7958336,10.504167,24.211773,1152.625,25.5,-17.9,43.4,18.225,-10.208333,18.225,-10.208333,757,105,18,50.005424,303,70,303,70,0.06546995,65.40341,15.205875,1.2439189,61,0.31532,26.7791,8,6,121.665296085609
D050,NR082,S063,NR082_S063,NA,US,St. Louis River,2,Nearctic,NE04,NA2,-92.15347,46.6839,-92.15461809,46.68196669,-92.15442178,46.68221058,16,NA,81.750244,194,1.593,62394.832,4.7958336,10.775,24.770115,1150.6272,25.55,-17.9,43.5,18.2,-10.216666,18.2,-10.216666,758,105,18,49.94275,303,70,303,70,0.06546995,65.14226,14.877975,1.2438986,61,0.370936,26.7791,8,6,121.665296085609
D050,NR082,S064,NR082_S064,NA,US,St. Louis River,2,Nearctic,NE04,NA2,-92.15723,46.69776,-92.1581342,46.69723652,-92.15778204,46.69677014,18,16,6.1669474,198,0.16,4623.065,4.8020835,10.4375,24.077166,1153.9512,25.6,-17.8,43.4,18.3,-10.2,18.3,-10.2,754,104,18,50.14524,303,70,303,70,0.0654464,4.31925,1.2434076,0,61,0.398464,27.6711,9,7,121.665296085609
D050,NR082,S065,NR082_S065,NA,US,St. Louis River,2,Nearctic,NE04,NA2,-92.15679,46.69757,-92.1576942,46.69704652,-92.15734204,46.69658014,18,NA,6.1669474,198,0.16,4623.065,4.8020835,10.4375,24.077166,1153.9512,25.6,-17.8,43.4,18.3,-10.2,18.3,-10.2,754,104,18,50.14524,303,70,303,70,0.0654464,4.31925,1.2434076,0,61,0.398464,27.6711,9,7,121.665296085609
D050,NR082,S066,NR082_S066,NA,US,St. Louis River,2,Nearctic,NE04,NA2,-92.19165,46.66433,-92.19345601,46.66546024,-92.18879465,46.66556732,15,16,4.0846434,206,0.691,2930.0894,4.8375,10.891667,24.86682,1159.8004,25.7,-18.1,43.800003,18.333334,-10.3,18.333334,-10.3,761,106,18,49.399994,303,70,303,70,0,3.4056182,0.52385044,0.065480046,51,0.453304,40.2835,8,6,121.665296085609
D050,NR082,S067,NR082_S067,NA,US,St. Louis River,2,Nearctic,NE04,NA2,-92.19938,46.66472,-92.19406904,46.66591925,-92.20473379,46.66336371,28,NA,4.119998,206,0.691,2930.0894,4.8375,10.891667,24.86682,1159.8004,25.7,-18.1,43.800003,18.333334,-10.3,18.333334,-10.3,761,106,18,49.399994,303,70,303,70,0,3.7328973,0.06547668,0,51,0.443349,40.2835,8,6,121.665296085609
D050,NR082,S068,NR082_S068,NA,US,St. Louis River,2,Nearctic,NE04,NA2,-92.17779,46.69061,-92.16773916,46.68445671,-92.18121642,46.69352246,16,14,4.4368696,200,1.593,3254.9246,4.7645836,10.6625,24.520565,1152.4276,25.5,-18,43.5,18.158333,-10.266666,18.158333,-10.266666,758,105,18,49.730003,302,70,302,70,0,3.5354276,0.72037125,0,12,0.319575,26.5372,8,6,121.665296085609
D050,NR082,S069,NR082_S069,NA,US,St. Louis River,2,Nearctic,NE04,NA2,-92.17672,46.68641,-92.16644073,46.68017105,-92.17968957,46.69200649,23,NA,4.1835785,202,0.691,3155.9387,4.7520833,10.745833,24.721714,1150.8416,25.5,-18,43.5,18.116667,-10.266666,18.116667,-10.266666,759,105,18,49.66958,302.5,70,302,70,0,3.273605,0.72037125,0,61,0.319575,26.5372,8,6,121.665296085609
D050,NR082,S070,NR082_S070,NA,US,St. Louis River,2,Nearctic,NE04,NA2,-92.18713,46.6714,-92.19113225,46.67134289,-92.18713,46.6714,18,22,5.0686264,196,0.691,3332.7056,4.891667,10.766666,24.581432,1161.386,25.7,-18,43.8,18.433334,-10.233334,18.433334,-10.233334,760,105,18,49.56989,303,70,303,70,0,2.9471903,0.6548206,0.065480046,12,0.403015,36.3599,8,6,121.665296085609
D050,NR082,S071,NR082_S071,NA,US,St. Louis River,2,Nearctic,NE04,NA2,-92.17911,46.67345,-92.17891964,46.67454455,-92.17911,46.67345,20,NA,19.20787,201,0.32,14619.469,4.8375,10.791667,24.75153,1158.4148,25.7,-18,43.7,18.3,-10.25,18.3,-10.25,757,105,18,49.74158,302,70,302,70,0,19.520077,0,0,12,0.339674,17.5996,7,6,121.665296085609
D050,NR082,S072,NR082_S072,NA,US,St. Louis River,2,Nearctic,NE04,NA2,-92.18369,46.67458,-92.18577441,46.67339027,-92.18369,46.67458,19,16,19.531904,197,0.32,14704.002,4.85,10.775001,24.656752,1158.7062,25.7,-18,43.7,18.366667,-10.233334,18.366667,-10.233334,757,105,18,49.768642,302,70,302,70,0,18.800007,0,0,12,0.403015,36.3599,8,6,121.665296085609
D050,NR082,S073,NR082_S073,NA,US,St. Louis River,2,Nearctic,NE04,NA2,-92.18179,46.67416,-92.18179,46.67385067,-92.18181379,46.67368411,15,NA,19.408184,199,0.32,14695.118,4.84375,10.783334,24.70414,1158.5605,25.7,-18,43.7,18.333332,-10.241667,18.333332,-10.241667,757,105,18,49.75511,302,70,302,70,0,19.585533,0,0,12,0.339674,17.5996,7,6,121.665296085609
D050,NR082,S074,NR082_S074,NA,US,St. Louis River,2,Nearctic,NE04,NA2,-91.98643,46.68153,-91.98721522,46.68288629,-91.98455617,46.68185718,11,12,10.130157,198,0.691,7662.8184,4.86875,10.7,24.739918,1143.457,25.6,-17.6,43.25,17.583334,-9.983334,18.241667,-9.983334,762.5,104,19,48.933083,303,73,301,73,0.13089952,5.2379794,4.387139,0.26183268,61,0.367879,16.0705,7,4,121.665296085609
D050,NR082,S075,NR082_S075,NA,US,St. Louis River,2,Nearctic,NE04,NA2,-91.97501,46.68591,-91.982077,46.6810559,-91.97779516,46.68212309,4,NA,1.2431479,193,0.691,893.88586,4.8625,10.608334,24.613302,1142.6487,25.5,-17.6,43.1,17.566668,-9.983334,18.216667,-9.983334,762,104,19,48.929703,303,73,301,73,0,0.39279953,0.7201593,0,61,0.367879,16.0705,7,4,121.665296085609
D050,NR082,S076,NR082_S076,NA,US,St. Louis River,2,Nearctic,NE04,NA2,-92.1693,46.68881,-92.16793181,46.68875051,-92.16787232,46.68778207,7,13,88.643394,196,1.593,67064.64,4.8083334,10.508333,24.157087,1154.0786,25.5,-17.9,43.5,18.283333,-10.216666,18.283333,-10.216666,757,105,18,49.892662,302,70,302,70,0.06546995,71.94973,13.303509,1.8331316,12,0.312972,26.5372,8,6,121.665296085609
D050,NR082,S077,NR082_S077,NA,US,St. Louis River,2,Nearctic,NE04,NA2,-92.17058,46.68709,-92.16900361,46.6859895,-92.16863836,46.685491,11,NA,5.1025124,198,1.593,3689.149,4.8083334,10.650001,24.464832,1156.7251,25.6,-18,43.5,18.283333,-10.266666,18.283333,-10.266666,757,105,18,49.79539,302,70,302,70,0,4.3861036,0.19645694,0,12,0.319575,26.5372,8,6,121.665296085609
D050,NR082,S078,NR082_S078,NA,US,St. Louis River,2,Nearctic,NE04,NA2,-92.20551,46.69733,-92.20611438,46.69938585,-92.20370161,46.69799625,16,15,7.3661046,312,0.155,5648.4062,4.4958334,11.141666,25.32197,1166.1133,25.6,-18.4,44,18.116667,-10.683333,18.116667,-10.683333,773,106,19,49.70326,309,72,309,72,0,4.2521677,2.878524,0.5234231,12,0.552463,35,9,8,121.665296085609
D050,NR082,S079,NR082_S079,NA,US,St. Louis River,2,Nearctic,NE04,NA2,-92.2055,46.69713,-92.20610438,46.69918585,-92.20369161,46.69779625,24,NA,7.3661046,312,0.155,5648.4062,4.4958334,11.141666,25.32197,1166.1133,25.6,-18.4,44,18.116667,-10.683333,18.116667,-10.683333,773,106,19,49.70326,309,72,309,72,0,4.2521677,2.878524,0.5234231,12,0.552463,35,9,8,121.665296085609
D050,NR082,S080,NR082_S080,NA,US,St. Louis River,2,Nearctic,NE04,NA2,-92.14298,46.71922,-92.14353679,46.72013847,-92.14500254,46.72204561,14,15,9533.715,184.5,1.946,6631193,5.0166664,10.329166,23.690763,1166.6342,25.95,-17.75,43.699997,18.716667,-10.125,18.716667,-10.125,761,104.5,18,50.02095,305,70,305,70,9.205824,8415.858,608.1668,80.84062,61,0.651943,36.2049,10,7,121.665296085609
D050,NR082,S081,NR082_S081,NA,US,St. Louis River,2,Nearctic,NE04,NA2,-92.14158,46.71415,-92.14458764,46.70960047,-92.14529791,46.71096747,23,NA,2.6553478,195.5,0.691,1997.9578,4.9625,10.3625,23.746593,1164.3005,25.9,-17.75,43.649998,18.650002,-10.133333,18.650002,-10.133333,761.5,105,18,50.04151,305.5,70,305.5,70,0,2.093524,0.32709396,0.5233321,61,0.563377,31.7178,10,8,121.665296085609
D050,NR082,S082,NR082_S082,NA,US,St. Louis River,2,Nearctic,NE04,NA2,-92.12379,46.75302,-92.13103546,46.74870128,-92.11641367,46.755685,20,17,8.286985,221,0.691,6311.801,4.947917,10.4625,23.859596,1171.0967,26.05,-17.8,43.850002,18.716667,-10.208334,18.716667,-10.208334,765,105,19,49.648502,307,71,307,71,0,5.227798,1.6338261,1.8954701,61,0.435553,46.2049,10,9,121.665296085609
D050,NR082,S083,NR082_S083,NA,US,St. Louis River,2,Nearctic,NE04,NA2,-92.05906,46.73706,-92.05906,46.73706,-92.06072562,46.73548361,15,13,9615.994,179,0.587,6680951,5.3125,9.966667,23.109568,1154.2578,26.2,-17,43.2,19.016666,-9.533334,19.016666,-9.533334,753,103,18,50.17446,302,70,301,70,11.42621,8435.776,619.92523,112.338776,61,-9999,42.5423,10,8,121.665296085609
D050,NR082,S084,NR082_S084,NA,US,St. Louis River,2,Nearctic,NE04,NA2,-92.05872,46.73709,-92.05872,46.73709,-92.06038562,46.73551361,12,NA,9615.994,179,0.587,6680951,5.3125,9.966667,23.109568,1154.2578,26.2,-17,43.2,19.016666,-9.533334,19.016666,-9.533334,753,103,18,50.17446,302,70,301,70,11.42621,8435.776,619.92523,112.338776,61,-9999,42.5423,10,8,121.665296085609
D050,NR082,S085,NR082_S085,NA,US,St. Louis River,2,Nearctic,NE04,NA2,-92.19394,46.71441,-92.19460506,46.71610775,-92.19186987,46.71379134,18,19,6.798396,316,0.11,5274.776,4.6291666,10.875,24.77221,1167.1294,25.7,-18.2,43.9,18.266666,-10.533334,18.266666,-10.533334,770,105,19,49.48201,307,72,307,72,0,3.4004087,2.7466314,0.5885934,12,0.592846,44.2417,10,8,121.665296085609
D050,NR082,S086,NR082_S086,NA,US,St. Louis River,2,Nearctic,NE04,NA2,-92.19854,46.71037,-92.19392385,46.70701496,-92.1963271,46.71203562,16,NA,9367.917,184,0.32,6510258,4.96875,10.575,24.180952,1165.6316,25.8,-17.9,43.8,18.566668,-10.2,18.566668,-10.2,756.5,104.5,18,50.06074,304,70,304,70,9.922669,8309.627,584.5088,68.573395,12,0.592846,39.25,9,8,121.665296085609
D050,NR082,S087,NR082_S087,NA,US,St. Louis River,2,Nearctic,NE04,NA2,-92.14874,46.72225,-92.15130268,46.71522107,-92.14707438,46.72043566,14,23,9528.835,184.5,0.6675,6628298.5,5.014583,10.3875,23.752369,1167.7443,25.95,-17.8,43.699997,18.683332,-10.166666,18.683332,-10.166666,757,104,18,50.198486,304.5,70,304.5,70,10.187344,8410.39,618.6096,76.027466,61,0.478511,31.7178,10,8,121.665296085609
D050,NR082,S088,NR082_S088,NA,US,St. Louis River,2,Nearctic,NE04,NA2,-92.15212,46.72396,-92.15443997,46.71527497,-92.14872927,46.71869544,21,NA,9517.432,183.5,0.776,6620495,5.014583,10.45,23.858486,1168.2693,26,-17.8,43.8,18.683332,-10.166666,18.683332,-10.166666,760.5,104,18,49.69567,304.5,70,304.5,70,10.187344,8401.555,617.4316,76.027466,61,0.478511,31.7178,10,8,121.665296085609
D050,NR082,S089,NR082_S089,NA,US,St. Louis River,2,Nearctic,NE04,NA2,-92.20513,46.70006,-92.20502054,46.69964121,-92.20513,46.70006,12,12,7.4367676,244,0.155,5600.9844,4.71875,10.887501,24.800358,1165.4346,25.7,-18.2,43.9,18.291668,-10.466667,18.291668,-10.466667,766,105.5,18.5,49.80053,306.5,71,306.5,71,0,4.1215715,2.6169705,0.5234567,12,0.552463,35,9,8,121.665296085609
D050,NR082,S090,NR082_S090,NA,US,St. Louis River,2,Nearctic,NE04,NA2,-92.20477,46.70002,-92.20466054,46.69960121,-92.20460344,46.69932996,21,NA,7.4603224,244,0.155,5600.9844,4.71875,10.887501,24.800358,1165.4346,25.7,-18.2,43.9,18.291668,-10.466667,18.291668,-10.466667,766,105.5,18.5,49.80053,306.5,71,306.5,71,0,4.1215715,2.6169705,0.5234567,12,0.552463,35,9,8,121.665296085609
D050,NR082,S091,NR082_S091,NA,US,St. Louis River,2,Nearctic,NE04,NA2,-92.04918,46.72834,-92.04932277,46.7279117,-92.05289791,46.72795334,13,15,9618.219,179,0.587,6681265.5,5.3083334,10,23.148094,1152.446,26.2,-16.9,43.1,18.975,-9.508333,19.008333,-9.508333,753,103,18,50.049297,301,70,300,70,11.556972,8434.578,623.9492,111.69378,61,0.536618,40.4782,9,8,121.665296085609
D050,NR082,S092,NR082_S092,NA,US,St. Louis River,2,Nearctic,NE04,NA2,-92.05055,46.72889,-92.05072132,46.72791918,-92.05397048,46.72865205,9,NA,9618.154,179,0.587,6681265.5,5.3125,9.983334,23.124517,1152.6383,26.2,-16.9,43.1,19,-9.516666,19.016666,-9.516666,753,103,18,50.129745,301,70,300,70,11.556972,8434.578,623.9492,111.69378,61,-9999,40.4782,9,8,121.665296085609
D050,NR082,S093,NR082_S093,NA,US,St. Louis River,2,Nearctic,NE04,NA2,-91.98397,46.68557,-91.98525491,46.68195322,-91.98435666,46.68369617,17,14,1.849943,192.5,0.691,1318.223,4.86875,10.629167,24.63304,1143.0198,25.55,-17.6,43.15,17.591667,-9.983334,18.241667,-9.983334,761,104,19,48.858986,302.5,73,300.5,73,0,1.1128814,0.3927827,0,61,0.367879,16.0705,7,4,121.665296085609
D050,NR082,S094,NR082_S094,NA,US,St. Louis River,2,Nearctic,NE04,NA2,-91.98763,46.68135,-91.98841522,46.68270629,-91.98712436,46.68102282,10,NA,8.256645,200,0.691,6287.669,4.858333,10.783334,24.903772,1143.4733,25.6,-17.7,43.300003,17.533333,-10.033334,18.216667,-10.033334,764,105,19,48.980686,304,73,301,73,0.06544976,3.994235,3.9943833,0.26183268,61,0.367879,16.0705,7,4,121.665296085609
D050,NR082,S095,NR082_S095,NA,US,St. Louis River,2,Nearctic,NE04,NA2,-92.18853,46.7104,-92.18849431,46.71118522,-92.19106413,46.71204183,14,16,9368.488,184,0.2425,6510408.5,4.9708333,10.533333,24.067734,1167.0289,25.849998,-17.9,43.8,18.591667,-10.2,18.591667,-10.2,756,104,18,50.0342,304,70,304,70,9.20517,8304.875,584.4081,69.91856,12,0.446319,44.2417,10,8,121.665296085609
D050,NR082,S096,NR082_S096,NA,US,St. Louis River,2,Nearctic,NE04,NA2,-92.18777,46.71055,-92.18773431,46.71133522,-92.19030413,46.71219183,23,NA,9368.524,184,0.2425,6510413,4.9708333,10.533333,24.067734,1167.0289,25.849998,-17.9,43.8,18.591667,-10.2,18.591667,-10.2,756,104,18,50.0342,304,70,304,70,9.20517,8304.875,584.4081,69.91856,12,0.446319,44.2417,10,8,121.665296085609
D050,NR082,S097,NR082_S097,NA,US,St. Louis River,2,Nearctic,NE04,NA2,-92.18742,46.67763,-92.19021825,46.67613094,-92.18722964,46.67767759,13,13,24.901009,197,0.32,18138.121,4.8541665,10.775001,24.656752,1159.8004,25.7,-18,43.7,18.366667,-10.233334,18.366667,-10.233334,760,105,18,49.58558,302,70,302,70,0,23.450626,0.5238437,0.13096009,12,0.403015,36.3599,8,6,121.665296085609
D050,NR082,S098,NR082_S098,NA,US,St. Louis River,2,Nearctic,NE04,NA2,-92.18044,46.68148,-92.17948346,46.67482703,-92.18552253,46.68085182,33,NA,19.231436,201,0.32,14619.469,4.8375,10.791667,24.75153,1158.4148,25.7,-18,43.7,18.3,-10.25,18.3,-10.25,757,105,18,49.74158,302,70,302,70,0,18.474167,0.4586999,0,12,0.339674,17.5996,7,6,121.665296085609
D050,NR082,S099,NR082_S099,NA,US,St. Louis River,2,Nearctic,NE04,NA2,-92.01521,46.69296,-92.00935058,46.68905174,-92.01029879,46.6937595,20,15,74.992805,193,1.065,57468.098,4.9979167,10.679167,24.606375,1149.022,25.849998,-17.5,43.350002,17.766666,-9.933333,18.491667,-9.933333,762.5,104,19,49.016304,302,72,301.5,72,0,52.160072,22.284967,0.589095,61,-9999,39.75,9,5,121.665296085609
D050,NR082,S100,NR082_S100,NA,US,St. Louis River,2,Nearctic,NE04,NA2,-92.01557,46.69272,-92.00971058,46.68881174,-92.01065879,46.6935195,17,NA,74.992805,193,1.065,57468.098,4.9979167,10.679167,24.606375,1149.022,25.849998,-17.5,43.350002,17.766666,-9.933333,18.491667,-9.933333,762.5,104,19,49.016304,302,72,301.5,72,0,52.160072,22.284967,0.589095,61,-9999,43.441,9,5,121.665296085609
D050,NR082,S101,NR082_S101,NA,US,St. Louis River,2,Nearctic,NE04,NA2,-92.12798,46.73335,-92.12798,46.73335,-92.12720668,46.73367718,0,6,9541.616,179,72.531,6634375.5,5.1541667,10.266666,23.405468,1173.3951,26.2,-17.7,43.9,19,-10.05,19,-10.05,770,104,18,49.39652,305,70,305,70,9.271223,8416.644,609.14746,83.25987,61,0.682923,33.3899,10,8,121.665296085609
D050,NR082,S102,NR082_S102,NA,US,St. Louis River,2,Nearctic,NE04,NA2,-92.12827,46.73272,-92.12827,46.73272,-92.12722899,46.73257128,NA,NA,9541.516,180.5,72.531,6634375.5,5.125,10.270833,23.41316,1171.9194,26.2,-17.7,43.850002,18.941666,-10.058333,18.941666,-10.058333,770,104,18,49.292107,305,70,305,70,9.271223,8416.644,609.14746,83.25987,61,0.682923,33.3899,10,8,121.665296085609
D050,NR082,S103,NR082_S103,NA,US,St. Louis River,2,Nearctic,NE04,NA2,-92.12512,46.73583,-92.12604799,46.73630351,-92.12520923,46.73698999,NA,NA,9541.928,180.5,72.6505,6634420,5.1583333,10.266666,23.395977,1173.4463,26.25,-17.7,43.9,19.008333,-10.041667,19.008333,-10.041667,770,104,18,49.292107,305,70,305,70,9.271223,8416.644,609.14746,83.25987,61,0.887724,33.3899,10,8,121.665296085609
D050,NR082,S104,NR082_S104,NA,US,St. Louis River,2,Nearctic,NE04,NA2,-92.1303,46.73092,-92.1303,46.73092,-92.1272067,46.73065231,NA,NA,9540.26,179,0.776,6633689.5,5.0958333,10.275001,23.470947,1171.1073,26.1,-17.7,43.9,18.866667,-10.066667,18.866667,-10.066667,770,104,18,49.18645,305,70,305,70,9.271223,8416.644,608.8205,82.80208,61,0.682923,33.3899,10,8,121.665296085609
D050,NR082,S105,NR082_S105,NA,US,St. Louis River,2,Nearctic,NE04,NA2,-92.12558,46.73425,-92.12699102,46.73456647,-92.12555026,46.73612383,NA,NA,9541.717,180.5,72.6505,6634393.5,5.1583333,10.266666,23.395977,1173.4463,26.25,-17.7,43.9,19.008333,-10.041667,19.008333,-10.041667,770,104,18,49.292107,305,70,305,70,9.075277,8429.371,609.79663,83.05856,61,0.682923,33.3899,10,8,121.665296085609
D050,NR082,S106,NR082_S106,NA,US,St. Louis River,2,Nearctic,NE04,NA2,-92.1292,46.73292,-92.12842905,46.73209195,-92.1267908,46.73280103,NA,NA,9540.454,179,72.531,6633694,5.0958333,10.266666,23.420853,1171.1073,26.1,-17.7,43.9,18.866667,-10.066667,18.866667,-10.066667,770,104,18,49.18645,305,70,305,70,10.119526,8427.039,613.95135,82.87465,61,0.682923,33.3899,10,8,121.665296085609
D050,NR082,S107,NR082_S107,NA,US,St. Louis River,2,Nearctic,NE04,NA2,-92.12992,46.73303,-92.12880641,46.73231616,-92.12709439,46.73317872,NA,NA,9540.454,179,72.531,6633694,5.0958333,10.266666,23.420853,1171.1073,26.1,-17.7,43.9,18.866667,-10.066667,18.866667,-10.066667,770,104,18,49.18645,305,70,305,70,10.119526,8427.039,613.95135,82.87465,61,0.682923,33.3899,10,8,121.665296085609
D050,NR082,S108,NR082_S108,NA,US,St. Louis River,2,Nearctic,NE04,NA2,-92.12653,46.7322,-92.12778873,46.73288053,-92.12697615,46.73148616,NA,NA,9541.516,180.5,72.531,6634375.5,5.125,10.270833,23.41316,1171.9194,26.2,-17.7,43.850002,18.941666,-10.058333,18.941666,-10.058333,770,104,18,49.292107,305,70,305,70,9.075277,8429.371,609.79663,83.05856,61,0.682923,33.3899,10,8,121.665296085609
D050,NR082,S109,NR082_S109,NA,US,St. Louis River,2,Nearctic,NE04,NA2,-92.13067,46.73218,-92.1310983,46.73145188,-92.12733875,46.7319718,NA,NA,9540.23,179,0.776,6633675.5,5.0958333,10.275001,23.470947,1171.1073,26.1,-17.7,43.9,18.866667,-10.066667,18.866667,-10.066667,770,104,18,49.18645,305,70,305,70,9.988825,8415.38,612.84424,81.50144,61,0.682923,33.3899,10,8,121.665296085609
D050,NR082,S110,NR082_S110,NA,US,St. Louis River,2,Nearctic,NE04,NA2,-92.12788,46.73373,-92.12788,46.73373,-92.12710668,46.73405718,NA,NA,9541.616,179,72.531,6634375.5,5.1541667,10.266666,23.405468,1173.3951,26.2,-17.7,43.9,19,-10.05,19,-10.05,770,104,18,49.39652,305,70,305,70,9.271223,8416.644,609.14746,83.25987,61,0.682923,33.3899,10,8,121.665296085609
D050,NR082,S111,NR082_S111,NA,US,St. Louis River,2,Nearctic,NE04,NA2,-92.15235,46.73803,-92.150425,46.73861,-92.15358732,46.73717339,0,4,0.26479498,182,0.776,86.422325,5.1541667,10.375,23.579546,1175.611,26.3,-17.7,44,19,-10.066667,19,-10.066667,773,104,18,49.187695,306,70,306,70,0,0,0.13075474,0.13075474,61,0.474511,45.0738,10,8,121.665296085609
D050,NR082,S112,NR082_S112,NA,US,St. Louis River,2,Nearctic,NE04,NA2,-92.14957,46.73945,-92.14739279,46.73962846,-92.15361508,46.73904549,NA,NA,0.48251057,180.5,0.691,172.84183,5.175,10.325001,23.46591,1176.1201,26.3,-17.7,44,19.033333,-10.05,19.033333,-10.05,773,104,18,49.068634,305.5,70,305.5,70,0,0,0.13075474,0.13075474,61,0.474511,45.0738,10,8,121.665296085609
D050,NR082,S113,NR082_S113,NA,US,St. Louis River,2,Nearctic,NE04,NA2,-92.15093,46.73975,-92.14875279,46.73992846,-92.1539995,46.73944067,NA,NA,0.30598557,182,0.776,68.2285,5.1541667,10.375,23.579546,1175.611,26.3,-17.7,44,19,-10.066667,19,-10.066667,773,104,18,49.187695,306,70,306,70,0,0,0.13075474,0,61,0.474511,45.0738,10,8,121.665296085609
D050,NR082,S114,NR082_S114,NA,US,St. Louis River,2,Nearctic,NE04,NA2,-92.15132,46.74057,-92.14914279,46.74074846,-92.1543895,46.74026067,NA,NA,0.100028776,179,0.691,22.741333,5.195833,10.275001,23.352274,1176.6294,26.3,-17.7,44,19.066666,-10.033334,19.066666,-10.033334,773,104,18,48.949577,305,70,305,70,0,0,0,0.065375686,61,0.474511,45.0738,10,8,121.665296085609
D050,NR082,S115,NR082_S115,NA,US,St. Louis River,2,Nearctic,NE04,NA2,-92.1562,46.73633,-92.15438208,46.73561319,-92.15857946,46.73209456,NA,NA,1.8650305,220.5,0.776,1380.1749,4.8999996,10.533333,23.993925,1172.2048,26,-17.9,43.95,18.658333,-10.283333,18.658333,-10.283333,768.5,105,19,49.317703,306,71,306,71,0,0.32679424,0.58830035,0.78448135,61,-9999,44.6646,10,8,121.665296085609
D050,NR082,S116,NR082_S116,NA,US,St. Louis River,2,Nearctic,NE04,NA2,-92.15243,46.73857,-92.150505,46.73915,-92.15366732,46.73771339,NA,NA,0.26479498,182,0.776,86.422325,5.1541667,10.375,23.579546,1175.611,26.3,-17.7,44,19,-10.066667,19,-10.066667,773,104,18,49.187695,306,70,306,70,0,0,0.13075474,0.13075474,61,0.474511,45.0738,10,8,121.665296085609
D050,NR082,S117,NR082_S117,NA,US,St. Louis River,2,Nearctic,NE04,NA2,-92.1557,46.73682,-92.153775,46.7374,-92.15757977,46.73218005,NA,NA,0.06472945,182,0.776,27.292143,5.1541667,10.375,23.579546,1175.611,26.3,-17.7,44,19,-10.066667,19,-10.066667,773,104,18,49.187695,306,70,306,70,0,0,0.06537906,0.06537906,61,0.474511,44.6646,10,8,121.665296085609
D050,NR082,S118,NR082_S118,NA,US,St. Louis River,2,Nearctic,NE04,NA2,-92.155,46.7377,-92.153075,46.73828,-92.15687977,46.73306005,NA,NA,0.10003569,182,0.776,31.840706,5.1541667,10.375,23.579546,1175.611,26.3,-17.7,44,19,-10.066667,19,-10.066667,773,104,18,49.187695,306,70,306,70,0,0,0.06537906,0.06537906,61,0.474511,45.0738,10,8,121.665296085609
D050,NR082,S119,NR082_S119,NA,US,St. Louis River,2,Nearctic,NE04,NA2,-92.15412,46.73822,-92.152195,46.7388,-92.15362031,46.73845795,NA,NA,0.20595159,182,0.776,118.26227,5.1541667,10.375,23.579546,1175.611,26.3,-17.7,44,19,-10.066667,19,-10.066667,773,104,18,49.187695,306,70,306,70,0,0,0.06537906,0.13075474,61,0.474511,45.0738,10,8,121.665296085609
D050,NR082,S120,NR082_S120,NA,US,St. Louis River,2,Nearctic,NE04,NA2,-92.15047,46.74108,-92.14829279,46.74125846,-92.15451508,46.74067549,NA,NA,0.100028776,179,0.691,22.741333,5.195833,10.275001,23.352274,1176.6294,26.3,-17.7,44,19.066666,-10.033334,19.066666,-10.033334,773,104,18,48.949577,305,70,305,70,0,0,0,0.065375686,61,0.474511,45.0738,10,8,121.665296085609
D050,NR082,S121,NR082_S121,NA,US,St. Louis River,2,Nearctic,NE04,NA2,-92.1815,46.70312,-92.17516825,46.70405751,-92.18007232,46.70058587,2,18,90.71627,189.5,1.593,67763.98,4.885417,10.345833,23.79454,1160.5135,25.7,-17.8,43.55,18.458334,-10.191667,18.458334,-10.191667,753.5,104.5,18,50.184334,302,70,302,70,0.06546995,73.128235,14.154972,2.225955,12,0.319347,38.2282,9,8,121.665296085609
D050,NR082,S122,NR082_S122,NA,US,St. Louis River,2,Nearctic,NE04,NA2,-92.18083,46.70363,-92.17520257,46.70470076,-92.17940232,46.70109587,NA,NA,90.798706,188,1.593,67768.414,4.8958335,10.341666,23.779558,1161.2267,25.7,-17.8,43.6,18.483334,-10.183333,18.483334,-10.183333,753,104,18,50.20769,302,70,302,70,0.06546995,72.73474,13.499741,2.0950184,12,0.319347,38.2282,9,8,121.665296085609
D050,NR082,S123,NR082_S123,NA,US,St. Louis River,2,Nearctic,NE04,NA2,-92.18355,46.69803,-92.17387987,46.70010013,-92.18322965,46.69762358,NA,NA,89.83301,191,1.593,67414.375,4.8375,10.458333,24.10168,1157.3091,25.6,-17.9,43.5,18.35,-10.216666,18.35,-10.216666,756,105,18,49.99556,302,70,302,70,0.06546995,73.06193,13.695613,2.2914217,12,0.312704,38.2282,9,8,121.665296085609
D050,NR082,S124,NR082_S124,NA,US,St. Louis River,2,Nearctic,NE04,NA2,-92.18392,46.69762,-92.17398813,46.7003421,-92.18359965,46.69721358,NA,NA,89.83301,191,1.593,67414.375,4.8375,10.458333,24.10168,1157.3091,25.6,-17.9,43.5,18.35,-10.216666,18.35,-10.216666,756,105,18,49.99556,302,70,302,70,0.06546995,73.06193,13.695613,2.2914217,12,0.312704,38.2282,9,8,121.665296085609
D050,NR082,S125,NR082_S125,NA,US,St. Louis River,2,Nearctic,NE04,NA2,-92.182,46.69825,-92.17408115,46.70071988,-92.18224984,46.69864261,NA,NA,89.83301,191,1.593,67414.375,4.8375,10.458333,24.10168,1157.3091,25.6,-17.9,43.5,18.35,-10.216666,18.35,-10.216666,756,105,18,49.99556,302,70,302,70,0.06546995,72.80017,13.630207,2.225955,12,0.312704,38.2282,9,8,121.665296085609
D050,NR082,S126,NR082_S126,NA,US,St. Louis River,2,Nearctic,NE04,NA2,-92.1819,46.70315,-92.17556825,46.70408751,-92.18047232,46.70061587,NA,NA,90.71627,189.5,1.593,67763.98,4.885417,10.345833,23.79454,1160.5135,25.7,-17.8,43.55,18.458334,-10.191667,18.458334,-10.191667,753.5,104.5,18,50.184334,302,70,302,70,0.06546995,73.128235,14.154972,2.225955,12,0.319347,38.2282,9,8,121.665296085609
D050,NR082,S127,NR082_S127,NA,US,St. Louis River,2,Nearctic,NE04,NA2,-92.18338,46.69845,-92.17370987,46.70052013,-92.18305965,46.69804358,NA,NA,89.83301,191,1.593,67414.375,4.8375,10.458333,24.10168,1157.3091,25.6,-17.9,43.5,18.35,-10.216666,18.35,-10.216666,756,105,18,49.99556,302,70,302,70,0.06546995,73.06193,13.695613,2.2914217,12,0.312704,38.2282,9,8,121.665296085609
D050,NR082,S128,NR082_S128,NA,US,St. Louis River,2,Nearctic,NE04,NA2,-92.18213,46.70323,-92.17568404,46.70428172,-92.18070232,46.70069587,NA,NA,90.798706,188,1.593,67768.414,4.8958335,10.341666,23.779558,1161.2267,25.7,-17.8,43.6,18.483334,-10.183333,18.483334,-10.183333,753,104,18,50.20769,302,70,302,70,0.06546995,73.128235,14.154972,2.225955,12,0.319347,38.2282,9,8,121.665296085609
D050,NR082,S129,NR082_S129,NA,US,St. Louis River,2,Nearctic,NE04,NA2,-92.14912,46.72635,-92.15146853,46.71555201,-92.14546158,46.72168031,2,13,9528.835,184.5,0.6675,6628298.5,5.014583,10.3875,23.752369,1167.7443,25.95,-17.8,43.699997,18.683332,-10.166666,18.683332,-10.166666,757,104,18,50.198486,304.5,70,304.5,70,10.2542095,8411.486,621.5139,74.61358,61,0.478511,31.7178,10,8,121.665296085609
D050,NR082,S130,NR082_S130,NA,US,St. Louis River,2,Nearctic,NE04,NA2,-92.14835,46.72477,-92.1506557,46.71555673,-92.14626797,46.72143875,NA,NA,9528.924,184.5,0.6675,6628298.5,5.014583,10.3875,23.752369,1167.7443,25.95,-17.8,43.699997,18.683332,-10.166666,18.683332,-10.166666,757,104,18,50.198486,304.5,70,304.5,70,10.2542095,8411.486,621.5139,74.61358,61,0.478511,31.7178,10,8,121.665296085609
D050,NR082,S131,NR082_S131,NA,US,St. Louis River,2,Nearctic,NE04,NA2,-92.15072,46.72543,-92.15319702,46.71565993,-92.14667492,46.72058185,NA,NA,9528.735,185,0.559,6628298.5,5.0041666,10.383333,23.741419,1167.5349,25.9,-17.8,43.699997,18.683332,-10.166666,18.683332,-10.166666,756,104,18,50.20769,304,70,304,70,10.2542095,8411.486,621.5139,74.61358,61,0.478511,31.7178,10,8,121.665296085609
D050,NR082,S132,NR082_S132,NA,US,St. Louis River,2,Nearctic,NE04,NA2,-92.1509,46.72263,-92.15321997,46.71394497,-92.14816362,46.71983413,NA,NA,11.172206,193,0.16,7843.3213,4.9083333,10.291667,23.681192,1161.7206,25.7,-17.8,43.5,18.533333,-10.166666,18.533333,-10.166666,755,105,18,50.489803,303,70,303,70,0,8.769561,1.308975,0,61,0.478511,31.7178,10,8,121.665296085609
D050,NR082,S133,NR082_S133,NA,US,St. Louis River,2,Nearctic,NE04,NA2,-92.15043,46.72207,-92.15274997,46.71338497,-92.14793157,46.71942285,NA,NA,11.172206,193,0.16,7843.3213,4.9083333,10.291667,23.681192,1161.7206,25.7,-17.8,43.5,18.533333,-10.166666,18.533333,-10.166666,755,105,18,50.489803,303,70,303,70,0,8.769561,1.308975,0,61,0.478511,31.7178,10,8,121.665296085609
D050,NR082,S134,NR082_S134,NA,US,St. Louis River,2,Nearctic,NE04,NA2,-92.14823,46.7234,-92.1505928,46.71512899,-92.14632643,46.72069336,NA,NA,9528.924,184.5,0.6675,6628298.5,5.014583,10.3875,23.752369,1167.7443,25.95,-17.8,43.699997,18.683332,-10.166666,18.683332,-10.166666,757,104,18,50.198486,304.5,70,304.5,70,10.187344,8410.39,618.6096,76.027466,61,0.478511,31.7178,10,8,121.665296085609
D050,NR082,S135,NR082_S135,NA,US,St. Louis River,2,Nearctic,NE04,NA2,-92.15222,46.72262,-92.15428299,46.71519132,-92.14882927,46.71735544,NA,NA,9517.432,183.5,0.776,6620495,5.014583,10.45,23.858486,1168.2693,26,-17.8,43.8,18.683332,-10.166666,18.683332,-10.166666,760.5,104,18,49.69567,304.5,70,304.5,70,10.123148,8414.002,617.55884,77.333954,61,0.478511,31.7178,10,8,121.665296085609
D050,NR082,S136,NR082_S136,NA,US,St. Louis River,2,Nearctic,NE04,NA2,-92.14983,46.7276,-92.15226419,46.71553137,-92.14560646,46.72212724,NA,NA,9528.794,185,0.559,6628298.5,5.0041666,10.383333,23.741419,1167.5349,25.9,-17.8,43.699997,18.683332,-10.166666,18.683332,-10.166666,756,104,18,50.20769,304,70,304,70,10.2542095,8427.373,623.68774,74.5516,61,0.478511,31.7178,10,8,121.665296085609
D050,NR082,S137,NR082_S137,NA,US,St. Louis River,2,Nearctic,NE04,NA2,-92.18108,46.7216,-92.17969991,46.72254584,-92.18027693,46.72261127,5,12,23.689207,223,0.559,18384.055,4.85625,10.695833,24.336216,1169.3965,25.95,-18,43.95,18.55,-10.341667,18.55,-10.341667,766.5,104.5,18.5,49.45316,306.5,71,306.5,71,0.13075812,17.318823,2.7454283,3.595642,12,0.519184,44.4645,10,8,121.665296085609
D050,NR082,S138,NR082_S138,NA,US,St. Louis River,2,Nearctic,NE04,NA2,-92.18098,46.72207,-92.17979027,46.7227541,-92.18017693,46.72308127,NA,NA,23.689207,223,0.559,18384.055,4.85625,10.695833,24.336216,1169.3965,25.95,-18,43.95,18.55,-10.341667,18.55,-10.341667,766.5,104.5,18.5,49.45316,306.5,71,306.5,71,0.13075812,17.318823,2.7454283,3.595642,12,0.519184,44.4645,10,8,121.665296085609
D050,NR082,S139,NR082_S139,NA,US,St. Louis River,2,Nearctic,NE04,NA2,-92.18097,46.7235,-92.18147564,46.72406512,-92.18097,46.7235,NA,NA,23.583256,245,0.559,18360.957,4.766667,10.766666,24.469698,1169.6045,25.9,-18.1,44,18.45,-10.433333,18.45,-10.433333,770,105,19,49.46066,307,72,307,72,0.13075812,16.861164,2.8761628,3.3994646,12,0.519184,44.4645,10,8,121.665296085609
D050,NR082,S140,NR082_S140,NA,US,St. Louis River,2,Nearctic,NE04,NA2,-92.18193,46.72202,-92.18078786,46.72362019,-92.18065104,46.72306101,NA,NA,23.589142,245,0.559,18365.445,4.766667,10.766666,24.469698,1169.6045,25.9,-18.1,44,18.45,-10.433333,18.45,-10.433333,770,105,19,49.46066,307,72,307,72,0.13075812,16.926004,2.679992,3.3994646,12,0.519184,44.4645,10,8,121.665296085609
D050,NR082,S141,NR082_S141,NA,US,St. Louis River,2,Nearctic,NE04,NA2,-92.17937,46.71997,-92.17722849,46.72068979,-92.17856693,46.72098127,NA,NA,23.818707,223,0.559,18442.504,4.85625,10.695833,24.336216,1169.3965,25.95,-18,43.95,18.55,-10.341667,18.55,-10.341667,766.5,104.5,18.5,49.45951,306.5,71,306.5,71,0.13075812,16.92647,2.7454317,3.5302463,12,0.519184,44.4645,10,8,121.665296085609
D050,NR082,S142,NR082_S142,NA,US,St. Louis River,2,Nearctic,NE04,NA2,-92.18137,46.72007,-92.17886562,46.72199141,-92.17976386,46.72194383,NA,NA,23.736298,245,0.559,18394.582,4.766667,10.766666,24.469698,1169.6045,25.9,-18.1,44,18.45,-10.433333,18.45,-10.433333,770,105,19,49.458366,307,72,307,72,0.13075812,18.10246,2.8107703,3.5302463,12,0.519184,44.4645,10,8,121.665296085609
D050,NR082,S143,NR082_S143,NA,US,St. Louis River,2,Nearctic,NE04,NA2,-92.19495,46.6986,-92.19818607,46.69883795,-92.19856678,46.69805272,NA,NA,9356.66,181.5,0.32,6502656.5,4.977083,10.520833,24.047619,1165.5306,25.8,-17.9,43.8,18.591667,-10.191667,18.591667,-10.191667,755,104,18,50.0958,303,70,303,70,9.00941,8298.222,580.2221,69.45537,12,0.329934,39.25,9,8,121.665296085609
D050,NR082,S144,NR082_S144,NA,US,St. Louis River,2,Nearctic,NE04,NA2,-92.19542,46.70102,-92.19772808,46.70121036,-92.19903678,46.70047272,NA,NA,9364.65,188,0.32,6508277.5,4.9520836,10.625,24.295195,1165.5295,25.8,-17.9,43.8,18.508333,-10.208333,18.508333,-10.208333,757.5,104.5,18,49.982986,303.5,70,303.5,70,9.00941,8302.997,582.9044,69.782524,12,0.329934,39.25,9,8,121.665296085609
D050,NR082,S145,NR082_S145,NA,US,St. Louis River,2,Nearctic,NE04,NA2,-92.19693,46.70027,-92.19814353,46.70041277,-92.19880977,46.69969893,NA,NA,9364.592,188,0.32,6508268,4.9520836,10.625,24.295195,1165.5295,25.8,-17.9,43.8,18.508333,-10.208333,18.508333,-10.208333,757.5,104.5,18,49.982986,303.5,70,303.5,70,9.20517,8304.352,582.5111,69.59146,12,0.329934,39.25,9,8,121.665296085609
D050,NR082,S146,NR082_S146,NA,US,St. Louis River,2,Nearctic,NE04,NA2,-92.19678,46.70282,-92.19678,46.70282,-92.19865977,46.70224893,NA,NA,9366.881,184,0.32,6509747,4.9625,10.575,24.181889,1165.6708,25.8,-17.9,43.8,18.55,-10.216666,18.55,-10.216666,756,105,18,50.031914,304,70,304,70,9.20517,8304.482,583.95026,69.91856,12,0.329934,39.25,9,8,121.665296085609
D050,NR082,S147,NR082_S147,NA,US,St. Louis River,2,Nearctic,NE04,NA2,-92.19442,46.6997,-92.19765607,46.69993795,-92.19856026,46.69900996,1,14,9364.497,188,0.32,6508263.5,4.9520836,10.625,24.295195,1165.5295,25.8,-17.9,43.8,18.508333,-10.208333,18.508333,-10.208333,757.5,104.5,18,49.982986,303.5,70,303.5,70,9.00941,8302.997,582.9044,69.782524,12,0.329934,39.25,9,8,121.665296085609
D050,NR082,S148,NR082_S148,NA,US,St. Louis River,2,Nearctic,NE04,NA2,-92.19692,46.7019,-92.19813353,46.70204277,-92.19879977,46.70132893,NA,NA,9364.856,185,0.32,6508383.5,4.9666667,10.6,24.256294,1165.5902,25.8,-17.9,43.8,18.516666,-10.2,18.516666,-10.2,757,104,18,50.031914,303,70,303,70,9.20517,8304.417,582.5111,69.59146,12,0.329934,39.25,9,8,121.665296085609
D050,NR082,S149,NR082_S149,NA,US,St. Louis River,2,Nearctic,NE04,NA2,-92.194,46.71642,-92.194,46.71642,-92.1922154,46.71546822,1,12,6.798396,316,0.11,5274.776,4.6291666,10.875,24.77221,1167.1294,25.7,-18.2,43.9,18.266666,-10.533334,18.266666,-10.533334,770,105,19,49.48201,307,72,307,72,0,3.1390367,3.0737493,0.52319413,12,0.592846,44.2417,10,8,121.665296085609
D050,NR082,S150,NR082_S150,NA,US,St. Louis River,2,Nearctic,NE04,NA2,-92.19075,46.71647,-92.19126396,46.71641289,-92.18923904,46.71388828,NA,NA,6.8690376,337,0.11,5283.6694,4.6291666,10.875,24.77221,1167.1294,25.7,-18.2,43.9,18.266666,-10.533334,18.266666,-10.533334,770,105,19,49.48201,307,72,307,72,0,3.2044427,3.0737493,0.52319413,12,0.446319,44.2417,10,8,121.665296085609
D050,NR082,S151,NR082_S151,NA,US,St. Louis River,2,Nearctic,NE04,NA2,-92.19518,46.71537,-92.1958641,46.71522128,-92.19274105,46.71477513,NA,NA,5.8625336,337,0.11,4518.922,4.5520835,10.945833,24.876656,1168.3058,25.7,-18.3,44,18.216667,-10.625,18.216667,-10.625,772,105.5,19,49.468525,308,72,308,72,0,3.008259,2.2889879,0.39238885,12,0.592846,44.2417,10,8,121.665296085609
D050,NR082,S152,NR082_S152,NA,US,St. Louis River,2,Nearctic,NE04,NA2,-92.19582,46.71532,-92.1965041,46.71517128,-92.1931907,46.71474893,NA,NA,5.8625336,337,0.11,4518.922,4.5520835,10.945833,24.876656,1168.3058,25.7,-18.3,44,18.216667,-10.625,18.216667,-10.625,772,105.5,19,49.468525,308,72,308,72,0,3.008259,2.2889879,0.39238885,12,0.592846,44.2417,10,8,121.665296085609
D050,NR082,S153,NR082_S153,NA,US,St. Louis River,2,Nearctic,NE04,NA2,-92.19287,46.7164,-92.19287,46.7164,-92.19215616,46.71609067,NA,NA,6.8219433,316,0.11,5218.8965,4.6291666,10.875,24.77221,1167.1294,25.7,-18.2,43.9,18.266666,-10.533334,18.266666,-10.533334,770,105,19,49.48201,307,72,307,72,0,3.2044427,3.00835,0.45779148,12,0.446319,44.2417,10,8,121.665296085609
D050,NR082,S154,NR082_S154,NA,US,St. Louis River,2,Nearctic,NE04,NA2,-92.19288,46.71677,-92.19272771,46.71659868,-92.19216616,46.71646067,NA,NA,6.8219433,316,0.11,5218.8965,4.6291666,10.875,24.77221,1167.1294,25.7,-18.2,43.9,18.266666,-10.533334,18.266666,-10.533334,770,105,19,49.48201,307,72,307,72,0,3.2044427,3.00835,0.45779148,12,0.586271,44.2417,10,8,121.665296085609
D050,NR082,S155,NR082_S155,NA,US,St. Louis River,2,Nearctic,NE04,NA2,-92.19305,46.71615,-92.19305,46.71615,-92.19233616,46.71584067,NA,NA,6.8219433,316,0.11,5218.8965,4.6291666,10.875,24.77221,1167.1294,25.7,-18.2,43.9,18.266666,-10.533334,18.266666,-10.533334,770,105,19,49.48201,307,72,307,72,0,3.2044427,3.00835,0.45779148,12,0.446319,44.2417,10,8,121.665296085609
D050,NR082,S156,NR082_S156,NA,US,St. Louis River,2,Nearctic,NE04,NA2,-92.19205,46.71695,-92.19208807,46.71632182,-92.19177636,46.71654549,NA,NA,6.8454905,316,0.11,5252.2334,4.6291666,10.875,24.77221,1167.1294,25.7,-18.2,43.9,18.266666,-10.533334,18.266666,-10.533334,770,105,19,49.48201,307,72,307,72,0,3.2044427,3.1391377,0.52319413,12,0.446319,44.2417,10,8,121.665296085609
D050,NR082,S157,NR082_S157,NA,US,St. Louis River,2,Nearctic,NE04,NA2,-92.19512,46.71503,-92.19603252,46.7150526,-92.19268105,46.71443513,NA,NA,5.8625336,337,0.11,4518.922,4.5520835,10.945833,24.876656,1168.3058,25.7,-18.3,44,18.216667,-10.625,18.216667,-10.625,772,105.5,19,49.468525,308,72,308,72,0,3.008259,2.2889879,0.39238885,12,0.592846,44.2417,10,8,121.665296085609
D050,NR082,S158,NR082_S158,NA,US,St. Louis River,2,Nearctic,NE04,NA2,-92.20693,46.70253,-92.20554991,46.70442167,-92.20742969,46.70026951,0,20,1.6072811,266,0.691,1184.6536,4.6291666,10.875,24.77221,1166.3296,25.7,-18.2,43.9,18.266666,-10.533334,18.266666,-10.533334,770,105,19,49.451664,307,72,307,72,0,0.130812,1.3736539,0.19625166,12,0.552463,35,9,8,121.665296085609
D050,NR082,S159,NR082_S159,NA,US,St. Louis River,2,Nearctic,NE04,NA2,-92.20393,46.69545,-92.19780051,46.69649696,-92.20212161,46.69611625,NA,NA,9356.035,182,0.32,6502537,4.96875,10.570833,24.161926,1164.9268,25.8,-17.9,43.75,18.541668,-10.2,18.541668,-10.2,755.5,104,18,50.07852,303,70,303,70,9.335686,8303.201,578.39435,68.622154,12,-9999,38.2417,9,7,121.665296085609
D050,NR082,S160,NR082_S160,NA,US,St. Louis River,2,Nearctic,NE04,NA2,-92.20472,46.70055,-92.20433929,46.6992175,-92.20455344,46.69985996,NA,NA,7.4603224,244,0.155,5600.9844,4.71875,10.887501,24.800358,1165.4346,25.7,-18.2,43.9,18.291668,-10.466667,18.291668,-10.466667,766,105.5,18.5,49.80053,306.5,71,306.5,71,0,4.1215715,2.6169705,0.5234567,12,0.552463,35,9,8,121.665296085609
D050,NR082,S161,NR082_S161,NA,US,St. Louis River,2,Nearctic,NE04,NA2,-92.20528,46.70005,-92.20517054,46.69963121,-92.20528,46.70005,NA,NA,7.4367676,244,0.155,5600.9844,4.71875,10.887501,24.800358,1165.4346,25.7,-18.2,43.9,18.291668,-10.466667,18.291668,-10.466667,766,105.5,18.5,49.80053,306.5,71,306.5,71,0,4.1215715,2.6169705,0.5234567,12,0.552463,35,9,8,121.665296085609
D050,NR082,S162,NR082_S162,NA,US,St. Louis River,2,Nearctic,NE04,NA2,-92.20555,46.70138,-92.2050408,46.69984763,-92.2059783,46.70059478,NA,NA,7.4367676,244,0.155,5600.9844,4.71875,10.887501,24.800358,1165.4346,25.7,-18.2,43.9,18.291668,-10.466667,18.291668,-10.466667,766,105.5,18.5,49.80053,306.5,71,306.5,71,0,4.1215043,2.6823869,0.71976227,12,0.552463,35,9,8,121.665296085609
D050,NR082,S163,NR082_S163,NA,US,St. Louis River,2,Nearctic,NE04,NA2,-92.20687,46.7006,-92.20648929,46.6992675,-92.20687,46.7006,NA,NA,7.3661046,312,0.155,5648.4062,4.4958334,11.141666,25.32197,1166.1133,25.6,-18.4,44,18.116667,-10.683333,18.116667,-10.683333,773,106,19,49.70326,309,72,309,72,0,4.1215715,2.6169705,0.45802045,12,0.552463,35,9,8,121.665296085609
D050,NR082,S164,NR082_S164,NA,US,St. Louis River,2,Nearctic,NE04,NA2,-92.20637,46.70405,-92.20463775,46.7048495,-92.20720281,46.70074255,NA,NA,1.6131692,266,0.691,1184.6536,4.6291666,10.875,24.77221,1166.3296,25.7,-18.2,43.9,18.266666,-10.533334,18.266666,-10.533334,770,105,19,49.451664,307,72,307,72,0,0.130812,1.3736539,0.19625166,12,0.552463,35,9,8,121.665296085609
D050,NR082,S165,NR082_S165,NA,US,St. Louis River,2,Nearctic,NE04,NA2,-92.20547,46.70028,-92.20536054,46.69986121,-92.20547,46.70028,NA,NA,7.4367676,244,0.155,5600.9844,4.71875,10.887501,24.800358,1165.4346,25.7,-18.2,43.9,18.291668,-10.466667,18.291668,-10.466667,766,105.5,18.5,49.80053,306.5,71,306.5,71,0,4.1215715,2.6169705,0.5234567,12,0.552463,35,9,8,121.665296085609
D050,NR082,S166,NR082_S166,NA,US,St. Louis River,2,Nearctic,NE04,NA2,-92.20432,46.70545,-92.20371086,46.70562132,-92.20267817,46.70537862,NA,NA,1.7780273,266,0.691,1318.7843,4.6291666,10.875,24.77221,1166.3296,25.7,-18.2,43.9,18.266666,-10.533334,18.266666,-10.533334,770,105,19,49.451664,307,72,307,72,0,0.130812,1.3736875,0.2616745,12,0.552463,35,9,8,121.665296085609
D050,NR082,S167,NR082_S167,NA,US,St. Louis River,2,Nearctic,NE04,NA2,-92.19273,46.66335,-92.19392687,46.66448024,-92.19035054,46.66525357,NA,NA,3.3185973,215,0.691,2440.9717,4.8166666,11.05,25.170843,1159.2043,25.7,-18.1,43.800003,18.266666,-10.316667,18.266666,-10.316667,761,106,18,49.399994,304,70,304,70,0,2.8163145,0.58933383,0.065480046,51,0.443349,40.2835,8,6,121.665296085609
D050,NR082,S168,NR082_S168,NA,US,St. Louis River,2,Nearctic,NE04,NA2,-92.19668,46.66335,-92.19457656,46.66214599,-92.20360423,46.65970942,1,20,3.2361012,215,0.691,2467.2007,4.8166666,11.05,25.170843,1159.2043,25.7,-18.1,43.800003,18.266666,-10.316667,18.266666,-10.316667,761,106,18,49.399994,304,70,304,70,0,3.0782146,0.13095672,0,51,0.443349,40.2835,8,6,121.665296085609
D050,NR082,S169,NR082_S169,NA,US,St. Louis River,2,Nearctic,NE04,NA2,-92.19217,46.66933,-92.1926102,46.66982731,-92.19454946,46.6680213,NA,NA,4.3262253,196,0.691,3069.6316,4.875,10.891667,24.829159,1161.3306,25.8,-18.1,43.800003,18.383333,-10.283334,18.383333,-10.283334,761,105,18,49.501892,303,70,303,70,0,3.471088,0.52385044,0,12,0.403015,37.119,9,6,121.665296085609
D050,NR082,S170,NR082_S170,NA,US,St. Louis River,2,Nearctic,NE04,NA2,-92.19622,46.66928,-92.19721937,46.6710408,-92.19622,46.66928,NA,NA,9317.698,184,141.563,6477485.5,4.9375,10.883333,24.829157,1161.3246,25.8,-18,43.8,18.4,-10.216667,18.4,-10.216667,759,105,18,49.832718,304,70,304,70,8.617302,8252.582,574.19617,68.608116,12,0.331694,37.119,9,6,121.665296085609
D050,NR082,S171,NR082_S171,NA,US,St. Louis River,2,Nearctic,NE04,NA2,-92.19547,46.66418,-92.19428027,46.66263335,-92.20353637,46.66061081,NA,NA,3.2537792,215,0.691,2476.1692,4.8166666,11.05,25.170843,1159.2043,25.7,-18.1,43.800003,18.266666,-10.316667,18.266666,-10.316667,761,106,18,49.399994,304,70,304,70,0,2.8817644,0.32740018,0.065480046,51,0.443349,40.2835,8,6,121.665296085609
D050,NR082,S172,NR082_S172,NA,US,St. Louis River,2,Nearctic,NE04,NA2,-92.19265,46.66412,-92.19384687,46.66525024,-92.18979465,46.66535732,NA,NA,4.0846434,206,0.691,2930.0894,4.8375,10.891667,24.86682,1159.8004,25.7,-18.1,43.800003,18.333334,-10.3,18.333334,-10.3,761,106,18,49.399994,303,70,303,70,0,3.4056182,0.52385044,0.065480046,51,0.443349,40.2835,8,6,121.665296085609
D050,NR082,S173,NR082_S173,NA,US,St. Louis River,2,Nearctic,NE04,NA2,-92.20023,46.66672,-92.19491904,46.66791925,-92.20558379,46.66536371,NA,NA,4.2908735,201,0.691,2988.6445,4.8645835,10.829166,24.724125,1160.5933,25.75,-18.05,43.800003,18.383335,-10.266666,18.383335,-10.266666,761,105.5,18,49.450943,303,70,303,70,0,3.8638303,0.06547668,0,12,0.443349,40.2835,8,6,121.665296085609
D050,NR082,S174,NR082_S174,NA,US,St. Louis River,2,Nearctic,NE04,NA2,-92.20607,46.65922,-92.20398797,46.66058819,-92.203903,46.6603405,0,16,9313.88,192.5,141.563,6475851,4.91875,10.966667,25.018982,1158.7627,25.8,-18,43.8,18.375,-10.225,18.375,-10.225,759,105.5,18,49.758324,304,70,304,70,8.747608,8251.783,573.4128,68.02167,51,0.443349,41.0472,9,6,121.665296085609
D050,NR082,S175,NR082_S175,NA,US,St. Louis River,2,Nearctic,NE04,NA2,-92.20863,46.6653,-92.20517978,46.66315849,-92.20791616,46.66387232,NA,NA,9315.76,192,141.563,6476692.5,4.91875,10.908334,24.895359,1159.151,25.8,-18,43.8,18.391666,-10.225,18.391666,-10.225,759,106,18,49.82599,304,70,304,70,9.660858,8273.646,576.7882,67.1846,51,0.443349,41.0472,9,6,121.665296085609
D050,NR082,S176,NR082_S176,NA,US,St. Louis River,2,Nearctic,NE04,NA2,-92.20777,46.66498,-92.20493844,46.66386165,-92.20705616,46.66355232,NA,NA,9315.843,188.5,141.563,6476692.5,4.927083,10.900001,24.86682,1159.3811,25.8,-18,43.8,18.4,-10.216667,18.4,-10.216667,759,106,18,49.82599,304,70,304,70,9.269636,8254.363,574.48486,67.44449,51,0.443349,41.0472,9,6,121.665296085609
D050,NR082,S177,NR082_S177,NA,US,St. Louis River,2,Nearctic,NE04,NA2,-92.20483,46.6591,-92.20274797,46.66046819,-92.20298423,46.65964942,NA,NA,9313.862,192.5,141.563,6475851,4.91875,10.966667,25.018982,1158.7627,25.8,-18,43.8,18.375,-10.225,18.375,-10.225,759,105.5,18,49.758324,304,70,304,70,8.747608,8251.783,573.4128,68.02167,51,0.443349,41.0472,9,6,121.665296085609
D050,NR082,S178,NR082_S178,NA,US,St. Louis River,2,Nearctic,NE04,NA2,-92.20778,46.65922,-92.20531726,46.6618731,-92.2046748,46.66104029,NA,NA,9314.287,190,141.563,6475905,4.920833,10.95,25,1158.8064,25.8,-18,43.8,18.383333,-10.216667,18.383333,-10.216667,759,106,18,49.770615,304,70,304,70,8.747614,8270.055,573.46466,68.666794,51,0.443349,41.0472,9,6,121.665296085609
D050,NR082,S179,NR082_S179,NA,US,St. Louis River,2,Nearctic,NE04,NA2,-92.20727,46.6646,-92.20443844,46.66348165,-92.20655616,46.66317232,NA,NA,9315.843,188.5,141.563,6476692.5,4.927083,10.900001,24.86682,1159.3811,25.8,-18,43.8,18.4,-10.216667,18.4,-10.216667,759,106,18,49.82599,304,70,304,70,9.269636,8254.363,574.48486,67.44449,51,0.443349,41.0472,9,6,121.665296085609
D050,NR082,S180,NR082_S180,NA,US,St. Louis River,2,Nearctic,NE04,NA2,-92.20915,46.6646,-92.20569978,46.66245849,-92.20843616,46.66317232,NA,NA,9314.287,190,141.563,6475905,4.920833,10.95,25,1158.8064,25.8,-18,43.8,18.383333,-10.216667,18.383333,-10.216667,759,106,18,49.770615,304,70,304,70,9.660858,8273.45,576.26447,66.857254,51,0.443349,41.0472,9,6,121.665296085609
D050,NR082,S181,NR082_S181,NA,US,St. Louis River,2,Nearctic,NE04,NA2,-92.05173,46.7178,-92.05437715,46.71631284,-92.05056644,46.72042693,17,17,14.76917,193,0.587,10844.059,5.1,10.575,24.199085,1160.9075,26.2,-17.5,43.7,18.783333,-9.916667,18.783333,-9.916667,766,105,19,49.34236,304,71,304,71,0.45803055,1.5705082,6.412811,6.2153196,61,0.811211,38.9692,10,8,121.665296085609
D050,NR082,S182,NR082_S182,NA,US,St. Louis River,2,Nearctic,NE04,NA2,-92.13266,46.74238,-92.13322091,46.74375499,-92.12949532,46.74452151,16,14,2.429813,189,0.691,1623.5563,5.0791664,10.391666,23.67122,1172.9595,26.2,-17.7,43.9,18.866667,-10.133333,18.866667,-10.133333,765,105,19,49.561596,305,71,305,71,0,0.19607317,0.39220697,1.8956052,61,0.447053,33.266,10,9,121.665296085609
D050,NR082,S183,NR082_S183,NA,US,St. Louis River,2,Nearctic,NE04,NA2,-92.14982,46.71173,-92.1488349,46.713329,-92.15398406,46.71089719,17,12,2.7966456,196,0.691,2003.1504,4.9958334,10.375,23.795872,1165.5734,25.9,-17.7,43.699997,18.7,-10.116667,18.7,-10.116667,762,105,18,49.973206,306,70,306,70,0,0.9158589,0.39248314,1.4390733,61,0.478511,31.7178,10,8,121.665296085609
D050,NR082,S184,NR082_S184,NA,US,St. Louis River,2,Nearctic,NE04,NA2,-92.18253,46.68682,-92.18862142,46.69048437,-92.18567089,46.68710554,15,14,1.1897626,179,0.32,190.20525,4.9875,10.391666,23.779594,1166.6743,25.849998,-17.849998,43.699997,18.625,-10.175,18.625,-10.175,752.5,105,17,50.45816,303.5,69,303.5,69,0,0,0,0,12,0.31175,36.1206,9,7,121.665296085609
D050,NR082,S185,NR082_S185,NA,US,St. Louis River,2,Nearctic,NE04,NA2,-92.12104,46.74934,-92.12046893,46.74702003,-92.11366367,46.752005,20,16,8.657639,206,0.691,6292.1914,5.1,10.325001,23.57306,1171.513,26.150002,-17.650002,43.850002,18.883335,-10.075001,18.883335,-10.075001,761.5,105,19,49.79812,305,70,305,70,0.06534874,3.659452,1.7643889,2.8756373,61,-9999,33.266,10,9,121.665296085609
D050,NR082,S186,NR082_S186,NA,US,St. Louis River,2,Nearctic,NE04,NA2,-92.05753,46.73046,-92.05604522,46.73194478,-92.05699462,46.73212562,20,18,9617.066,179,0.587,6681145,5.3125,9.966667,23.109568,1152.6383,26.2,-16.9,43.1,19,-9.516666,19.016666,-9.516666,753,103,18,50.129745,301,70,301,70,11.556992,8433.933,619.7309,114.17294,61,-9999,40.4782,9,8,121.665296085609
D050,NR082,S187,NR082_S187,NA,US,St. Louis River,2,Nearctic,NE04,NA2,-92.19622,46.68714,-92.19560134,46.68699723,-92.19622,46.68714,17,19,9353.614,188,0.32,6502323.5,4.9375,10.658334,24.380245,1162.7148,25.8,-18,43.8,18.466667,-10.208333,18.466667,-10.208333,758.5,105,18,49.908966,303,70,303,70,9.20517,8312.874,580.2786,68.808105,12,0.424561,34.0501,8,6,121.665296085609
D050,NR082,S188,NR082_S188,NA,US,St. Louis River,2,Nearctic,NE04,NA2,-92.01182,46.6837,-92.00974987,46.68573444,-92.01291455,46.68474696,12,13,74.86323,194,1.065,57373.37,4.991667,10.708333,24.673578,1149.4485,25.9,-17.5,43.4,17.75,-9.95,18.466667,-9.95,763,104,19,49.02979,302,72,302,72,0.065459855,52.02086,20.84184,1.0472937,61,0.56928,43.441,9,5,121.665296085609
D050,NR082,S189,NR082_S189,NA,US,St. Louis River,2,Nearctic,NE04,NA2,-92.08626,46.75802,-92.08621241,46.75842451,-92.09060014,46.75784868,23,18,11.430909,181.5,146.679,6595.0615,5.320833,10.158333,23.272205,1163.3551,26.4,-17.2,43.6,19.116667,-9.666667,19.116667,-9.666667,756.5,103,18,49.748566,304,70,304,70,0.065331884,1.828885,1.5677934,5.0959225,11,0.573967,41.6951,10,8,121.665296085609
D050,NR082,S190,NR082_S190,NA,US,St. Louis River,2,Nearctic,NE04,NA2,-92.19017,46.7154,-92.19017,46.7154,-92.18880181,46.7136511,25,20,6.8749247,307,0.11,5214.4507,4.6895833,10.8125,24.62984,1166.7295,25.75,-18.150002,43.9,18.333332,-10.483334,18.333332,-10.483334,768,105,18.5,49.604836,306.5,71,306.5,71,0,3.1390367,3.0737493,0.45779148,12,0.446319,44.2417,10,8,121.665296085609
D050,NR082,S191,NR082_S191,NA,US,St. Louis River,2,Nearctic,NE04,NA2,-92.00775,46.68325,-92.00991531,46.68647417,-92.00303867,46.68796133,22,17,74.90446,194,1.065,57373.37,4.991667,10.708333,24.673578,1149.4485,25.9,-17.5,43.4,17.75,-9.95,18.466667,-9.95,763,104,19,49.02979,302,72,302,72,0.065459855,52.21714,20.90737,1.1126997,61,0.56928,43.441,9,5,121.665296085609
D050,NR082,S192,NR082_S192,NA,US,St. Louis River,2,Nearctic,NE04,NA2,-92.17506,46.69888,-92.173994,46.69946535,-92.17374654,46.69870868,17,13,89.79179,191,1.593,67417.4,4.8375,10.458333,24.10168,1157.3091,25.6,-17.9,43.5,18.35,-10.216666,18.35,-10.216666,756,105,18,49.99556,302,70,302,70,0.06546995,72.86681,13.500164,1.7676414,12,0.312704,38.2282,9,8,121.665296085609
D050,NR082,S193,NR082_S193,NA,US,St. Louis River,2,Nearctic,NE04,NA2,-92.0889,46.74202,-92.09349236,46.74030679,-92.08640157,46.74530366,22,19,1.1947367,188,0.691,827.6406,5.2083335,10.283333,23.47793,1168.4465,26.4,-17.4,43.8,19.05,-9.866667,19.05,-9.866667,769,105,19,49.660515,308,71,308,71,0,0,0,1.111663,61,0.887186,42.1972,10,8,121.665296085609
D050,NR082,S194,NR082_S194,NA,US,St. Louis River,2,Nearctic,NE04,NA2,-92.14932,46.71064,-92.14805651,46.71206768,-92.15348406,46.70980719,21,21,2.7436593,196,0.691,1985.0404,4.9958334,10.375,23.795872,1165.5734,25.9,-17.7,43.699997,18.7,-10.116667,18.7,-10.116667,762,105,18,49.973206,306,70,306,70,0,0.9158589,0.39248314,1.7661338,61,0.478511,31.7178,10,8,121.665296085609
D050,NR082,S195,NR082_S195,NA,US,St. Louis River,2,Nearctic,NE04,NA2,-92.17635,46.70661,-92.17540773,46.70675277,-92.17635,46.70661,27,21,91.36986,188,1.593,68050.8,4.9,10.35,23.809525,1162.5149,25.7,-17.8,43.6,18.483334,-10.2,18.483334,-10.2,754,104,18,50.20769,302,70,302,70,0.06546995,74.2413,13.565563,1.7676414,12,0.319347,38.2282,9,8,121.665296085609
D050,NR082,S196,NR082_S196,NA,US,St. Louis River,2,Nearctic,NE04,NA2,-92.07473,46.7422,-92.07473,46.7422,-92.07551522,46.74048679,17,14,4.337845,186,0.587,2841.594,5.241667,10.233333,23.417238,1163.1783,26.3,-17.3,43.6,18.966667,-9.766666,19.033333,-9.766666,771,105,19,49.29904,307,71,307,71,0.13078843,0,0.19615066,3.4662216,61,-9999,41.1274,10,8,121.665296085609
D050,NR082,S197,NR082_S197,NA,US,St. Louis River,2,Nearctic,NE04,NA2,-92.20003,46.70288,-92.19874509,46.70452183,-92.19941134,46.70354625,10,13,1.9428923,282.5,0.691,1316.9391,4.575,10.983334,24.931154,1167.7178,25.75,-18.3,44.050003,18.216667,-10.608334,18.216667,-10.608334,767.5,105.5,18.5,49.614174,306.5,71.5,306.5,71.5,0,0.130812,1.5044928,0.19625166,12,0.329934,39.25,9,8,121.665296085609
D050,NR082,S198,NR082_S198,NA,US,St. Louis River,2,Nearctic,NE04,NA2,-92.19575,46.71076,-92.19289465,46.70816639,-92.19541688,46.71087897,29,27,9368.059,184,0.32,6510320,4.9708333,10.575,24.180016,1165.5925,25.8,-17.9,43.8,18.566668,-10.2,18.566668,-10.2,756,104,18,50.08957,304,70,304,70,9.922667,8307.109,585.09924,69.27882,12,0.446319,39.25,9,8,121.665296085609
D050,NR082,S199,NR082_S199,NA,US,St. Louis River,2,Nearctic,NE04,NA2,-92.09618,46.76997,-92.09615621,46.77046969,-92.09709371,46.77014132,18,11,8.660595,241.5,146.679,5847.692,5.085417,10.4375,23.857033,1166.3898,26.3,-17.45,43.75,18.916666,-9.941668,18.916666,-9.941668,764,103.5,19,49.42166,306.5,72,306.5,72,0.065331884,1.828885,1.3064659,3.9848871,11,0.613977,46.3425,10,9,121.665296085609
D050,NR082,S200,NR082_S200,NA,US,St. Louis River,2,Nearctic,NE04,NA2,-92.18276,46.70957,-92.18240308,46.71230638,-92.18311692,46.71478102,20,21,9375.805,188,0.155,6515708.5,4.9666667,10.583334,24.190487,1166.9604,25.849998,-17.9,43.8,18.558334,-10.208333,18.558334,-10.208333,757,104,18,49.956444,304,70,304,70,8.8136635,8306.794,586.28406,71.086,12,0.318015,40.4911,10,8,121.665296085609
D054,NR083,S001,NR083_S001,NA,US,Little Miami River,2,Nearctic,NE04,NA2,-84.26517222,39.26360833,-84.26517222,39.26360833,-84.26541446,39.2645665,NA,NA,2967.3762,211,19.4065,3036826.8,11.591666,12.091666,32.68018,933.16547,30.1,-6.8,37,11.2,-0.3500001,22.75,-0.3500001,1077,117,67,17.292583,319,216,294,216,1730.5659,403.85556,621.4706,187.97873,11,0.685823,41,10,9,2305.34215944572
D054,NR083,S002,NR083_S002,NA,US,Little Miami River,2,Nearctic,NE04,NA2,-84.13065833,39.35615278,-84.13087248,39.35708077,-84.1307,39.3562,NA,0,2427.1316,233,8.504,2462216.8,11.304167,11.741667,32.303112,924.05316,29.5,-6.8,36.3,20.3,-0.55,22.35,-0.55,1058,117,66,18.254795,317,211,293,211,1599.9817,325.9118,362.84384,109.93623,12,0.509641,32,8,6,2305.34215944572
D054,NR083,S003,NR083_S003,NA,US,Little Miami River,2,Nearctic,NE04,NA2,-83.96366389,39.724125,-83.9637781,39.72463896,-83.95462042,39.71616256,NA,0,531.08,272.5,6.738,530449.3,10.893749,11.25,30.991735,938.3657,29.1,-7.2,36.35,20.108334,-1.1166667,22.125,-1.1166667,999,111,56,20.638702,310,188,291,188,456.65012,22.510712,38.851692,9.671661,11,0.6899,27.6295,9,7,2305.34215944572
D054,NR083,S004,NR083_S004,NA,US,Little Miami River,2,Nearctic,NE04,NA2,-84.03214167,39.57483611,-84.03123747,39.57545477,-84.03,39.5778,NA,NA,15.060297,261.5,0.179,15298.121,10.977083,11.425,31.439394,933.31476,29.2,-7.2,36.3,20.166668,-0.9999999,22.15,-0.9999999,1015,114,60.5,19.757996,311,196.5,288,196.5,9.116001,2.2792008,3.1613002,0,32,0.342849,18,5,5,2305.34215944572
D054,NR083,S005,NR083_S005,NA,US,Little Miami River,2,Nearctic,NE04,NA2,-84.25768611,39.30138889,-84.25549701,39.3013413,-84.25628679,39.30149036,NA,0,2779.758,227,35.986,2833254.8,11.583333,12.004167,32.531616,935.6195,30.1,-6.8,36.9,11.183333,-0.41666675,22.8,-0.41666675,1072.5,117,66,17.50951,319,213,293,213,1697.4155,366.25076,529.1555,172.65135,11,0.570535,32,10,8,2305.34215944572
D054,NR083,S006,NR083_S006,NA,US,Little Miami River,2,Nearctic,NE04,NA2,-84.17972222,39.06666667,-84.17972222,39.06666667,-84.1806,39.0653,NA,NA,930.94727,216,0.231,1002111.6,11.670834,12,32.899544,915.7384,29.9,-6.5,36.45,11.233334,-0.049999952,22.625,-0.049999952,1097,117,70,16.7772,323.5,223,303,223,636.5645,214.17911,59.418648,9.033093,11,0.535129,41.9896,8,7,2305.34215944572
D054,NR083,S007,NR083_S007,NA,US,Little Miami River,2,Nearctic,NE04,NA2,-84.01333333,39.59638889,-84.01300021,39.59629371,-84.0162,39.5963,NA,0,925.41187,248,11.345,926285.1,11.022917,11.433333,31.359045,933.61707,29.25,-7.2,36.399998,20.191668,-0.9666666,22.208334,-0.9666666,1009,113,60,19.994177,309.5,196,287.5,196,579.8404,60.552216,187.64276,94.02763,12,0.462374,20,7,5,2305.34215944572
D054,NR083,S008,NR083_S008,NA,US,Little Miami River,2,Nearctic,NE04,NA2,-84.25527778,39.2975,-84.25470671,39.29702411,-84.2553,39.2975,30,0,2797.948,227,18.1385,2852824,11.495833,12,32.542908,932.89496,30,-6.9,36.9,11.083333,-0.45000005,22.666666,-0.45000005,1074,118,66,17.540955,320,213,294,213,1683.4922,369.72006,541.778,177.65787,11,0.53662,31.7282,10,9,2305.34215944572
D054,NR083,S009,NR083_S009,NA,US,Little Miami River,2,Nearctic,NE04,NA2,-83.99903889,39.71252778,-83.99711153,39.70881582,-83.99296393,39.70308929,23,0,612.08026,251,0.301,611319,11.016666,11.333333,31.05023,941.6628,29.3,-7.2,36.5,20.266666,-1.05,22.283333,-1.05,997,111,57,20.465221,309,189,289,189,500.20532,26.767189,59.989887,19.21824,11,0.629786,44,10,8,2305.34215944572
D054,NR083,S010,NR083_S010,NA,US,Little Miami River,2,Nearctic,NE04,NA2,-84.01423333,39.60619444,-84.01361467,39.60695587,-84.0129,39.6063,9,0,920.2121,253.5,11.345,921028.8,10.979167,11.391666,31.295786,933.8434,29.2,-7.2,36.4,20.141666,-0.9999999,22.158333,-0.9999999,1008.5,113,59.5,20.006409,310,194.5,288,194.5,577.70886,59.964176,185.43768,94.02763,12,0.663701,20,7,5,2305.34215944572
D054,NR083,S011,NR083_S011,NA,US,Little Miami River,2,Nearctic,NE04,NA2,-84.25923056,39.27079444,-84.25870708,39.27017578,-84.25959549,39.27159261,29,0,2966.412,221,2.014,3035786.8,11.533333,12.05,32.608696,931.2626,30.1,-6.9,36.9,11.15,-0.41666675,22.666666,-0.41666675,1080,118,67,17.375153,321,216,295,216,1732.4058,405.11276,619.13275,186.52536,11,0.694671,41,10,9,2305.34215944572
D054,NR083,S012,NR083_S012,NA,US,Little Miami River,2,Nearctic,NE04,NA2,-84.30676111,39.20927778,-84.30676111,39.20927778,-84.307,39.2097,28,0,3070.7153,202,39.465,3148742.5,11.695833,12.125,32.859077,927.50757,30.2,-6.7,36.9,11.283334,-0.19999993,22.783333,-0.19999993,1083,117,67,16.972584,320,217,296,217,1739.3564,437.92273,634.55884,237.34348,12,0.569156,36.2835,10,8,2305.34215944572
D054,NR083,S013,NR083_S013,NA,US,Little Miami River,2,Nearctic,NE04,NA2,-84.29916667,39.23583333,-84.29888113,39.23711824,-84.2993,39.2387,5,NA,3006.3792,200.5,39.018,3079000.8,11.697917,12.141666,32.783043,931.97754,30.25,-6.8,37,11.3,-0.27500004,22.858334,-0.27500004,1081,117,67,17.07747,319.5,216.5,295.5,216.5,1731.9686,414.19656,628.4856,207.7694,12,0.612553,45,10,9,2305.34215944572
D054,NR083,S014,NR083_S014,NA,US,Little Miami River,2,Nearctic,NE04,NA2,-84.27944444,39.25438889,-84.27944444,39.25438889,-84.2794,39.2544,13,0,2974.976,226,37.9085,3045066,11.56875,12.016666,32.521393,932.32776,30.05,-6.9,36.95,11.175,-0.4000001,22.716667,-0.4000001,1084,118,67,17.149796,321.5,216,296,216,1730.7876,406.4411,623.46533,190.85956,11,0.656274,38.6295,10,9,2305.34215944572
D054,NR083,S015,NR083_S015,NA,US,Little Miami River,2,Nearctic,NE04,NA2,-83.84745278,39.78941389,-83.84745278,39.79055603,-83.848,39.7904,28,3,261.3134,312.5,3.389,259927.64,10.59375,11.120833,30.720533,934.83093,28.7,-7.5,36.2,19.758333,-1.4166666,21.733334,-1.4166666,1003.5,111,55,21.300112,313,185,297,185,240.60565,4.616044,11.643879,4.026474,12,0.46819,14,6,4,2305.34215944572
D054,NR083,S016,NR083_S016,NA,US,Little Miami River,2,Nearctic,NE04,NA2,-83.8703,39.72780833,-83.87037138,39.7270588,-83.8696861,39.72781428,22,0,167.36066,301.5,2.224,167963.53,10.722918,11.150001,30.855244,933.20184,28.75,-7.4,36.15,19.866667,-1.2666667,21.85,-1.2666667,1004.5,112,57,20.75587,312,189,294,189,158.27684,4.0352845,5.7222557,1.9072205,12,0.543186,33,9,6,2305.34215944572
D054,NR083,S017,NR083_S017,NA,US,Little Miami River,2,Nearctic,NE04,NA2,-84.29903056,39.17283889,-84.29889731,39.17363839,-84.2972,39.1722,20,NA,3110.5293,192,40.776,3190243.2,11.775001,12.183333,32.92793,928.33307,30.4,-6.7,37,11.35,-0.13333325,22.9,-0.13333325,1088,117,68,16.845707,321,219,297,219,1735.732,459.80487,642.83044,243.10489,12,0.697086,36.5996,10,8,2305.34215944572
D054,NR083,S018,NR083_S018,NA,US,Little Miami River,2,Nearctic,NE04,NA2,-84.25768611,39.30945833,-84.25768611,39.30945833,-84.2571,39.3105,14,0,2778.3694,227,0.291,2831764.8,11.581249,11.991667,32.49774,935.51465,30.1,-6.8,36.9,11.175,-0.4333334,22.8,-0.4333334,1072,117,66,17.50951,319,213,293,213,1686.0183,365.88058,533.35034,178.74753,11,0.543729,32,10,8,2305.34215944572
D054,NR083,S019,NR083_S019,NA,US,Little Miami River,2,Nearctic,NE04,NA2,-84.26204444,39.32416667,-84.26209203,39.32288176,-84.2605,39.3236,6,NA,8.815649,250,0.158,9299.873,11.629167,11.95,32.31982,939.93823,30.2,-6.8,37,11.216666,-0.41666675,22.883333,-0.41666675,1078,118,66,17.488077,320,214,295,214,0.44284284,0.073818386,2.066654,5.6098223,11,0.637531,32,10,8,2305.34215944572
D054,NR083,S020,NR083_S020,NA,US,Little Miami River,2,Nearctic,NE04,NA2,-84.20333333,39.36472222,-84.20293358,39.36460801,-84.2035,39.3654,16,0,2478.2712,215,32.967,2515602.2,11.46875,11.929167,32.386074,933.67285,29.9,-6.9,36.8,20.508333,-0.49166673,22.641666,-0.49166673,1058,117,65,18.044535,316,210,291,210,1615.6271,339.04004,395.59055,112.14711,12,0.727381,31,10,7,2305.34215944572
D054,NR083,S021,NR083_S021,NA,US,Little Miami River,2,Nearctic,NE04,NA2,-84.24527222,39.36313889,-84.24293083,39.36382417,-84.2428,39.3637,18,0,2724.6323,210.5,1.843,2774396,11.552084,12.049999,32.4786,939.9815,30.2,-6.9,37.100002,11.15,-0.5166667,22.825,-0.5166667,1058,116.5,65,17.909897,315,209.5,289,209.5,1681.0227,354.29657,514.31665,150.35808,12,0.62963,35,10,7,2305.34215944572
D054,NR083,S022,NR083_S022,NA,US,Little Miami River,2,Nearctic,NE04,NA2,-84.25111111,39.26958333,-84.25111111,39.26958333,-84.2511,39.2696,26,0,142.20456,218.5,2.014,154406.66,11.483334,12.025,32.65398,929.3197,29.95,-6.9,36.85,11.066667,-0.44166672,22.599998,-0.44166672,1080,117.5,67,17.33091,320.5,216,295.5,216,43.516304,29.409908,64.724335,3.1040459,11,0.595912,41,10,9,2305.34215944572
D054,NR083,S023,NR083_S023,NA,US,Little Miami River,2,Nearctic,NE04,NA2,-84.29895,39.20945556,-84.29895,39.21040734,-84.29952849,39.20944308,3,0,3072.1658,234,40.43,3150325.2,11.6,11.991667,32.67484,924.3679,30,-6.7,36.7,11.15,-0.23333327,22.666666,-0.23333327,1091,118,68,16.818909,323,220,297,220,1731.966,436.96173,633.5157,238.00209,12,0.56647,36.1109,10,8,2305.34215944572
D054,NR083,S024,NR083_S024,NA,US,Little Miami River,2,Nearctic,NE04,NA2,-84.25827222,39.27088056,-84.25800572,39.27118513,-84.2579,39.2711,23,0,2966.0203,222,2.014,3035363.2,11.533333,12.041667,32.608696,931.2626,30.1,-6.9,36.9,11.15,-0.41666675,22.666666,-0.41666675,1080,118,67,17.375153,321,216,295,216,1730.5659,403.48627,621.4706,187.01852,11,0.694671,41,10,9,2305.34215944572
D054,NR083,S025,NR083_S025,NA,US,Little Miami River,2,Nearctic,NE04,NA2,-83.90281944,39.76364167,-83.90289082,39.76456966,-83.9038,39.7655,1,0,298.39346,280,3.852,296961.78,10.74375,11.195833,30.876951,934.3081,28.9,-7.4,36.2,19.916666,-1.2666667,21.9,-1.2666667,999,110,55,20.911318,311,186,294,186,259.58502,12.313422,16.701801,7.178152,12,0.532912,23,5,6,2305.34215944572
D054,NR083,S026,NR083_S026,NA,US,Little Miami River,2,Nearctic,NE04,NA2,-83.91633333,39.7643,-83.91621436,39.76132567,-83.9138,39.7643,5,0,317.84424,281,3.852,316444.5,10.783333,11.191667,30.916206,934.7811,28.9,-7.3,36.2,19.966667,-1.2333333,21.95,-1.2333333,998,110,56,20.906622,311,187,293,187,273.0191,13.413393,20.883247,6.52034,12,0.48538,28,6,6,2305.34215944572
D054,NR083,S027,NR083_S027,NA,US,Little Miami River,2,Nearctic,NE04,NA2,-84.25805556,39.30861111,-84.25805556,39.30861111,-84.2593,39.3087,31,0,2778.3826,227,0.291,2831778.8,11.581249,11.991667,32.49774,935.51465,30.1,-6.8,36.9,11.175,-0.4333334,22.8,-0.4333334,1072,117,66,17.50951,319,213,293,213,1686.0183,365.88058,533.35034,178.74753,11,0.543729,32,10,8,2305.34215944572
D054,NR083,S028,NR083_S028,NA,US,Little Miami River,2,Nearctic,NE04,NA2,-84.25768611,39.30945833,-84.25768611,39.30945833,-84.2571,39.3105,3,NA,2778.3694,227,0.291,2831764.8,11.581249,11.991667,32.49774,935.51465,30.1,-6.8,36.9,11.175,-0.4333334,22.8,-0.4333334,1072,117,66,17.50951,319,213,293,213,1686.0183,365.88058,533.35034,178.74753,11,0.543729,32,10,8,2305.34215944572
D054,NR083,S029,NR083_S029,NA,US,Little Miami River,2,Nearctic,NE04,NA2,-83.91728889,39.76434722,-83.91716992,39.76137289,-83.918,39.762,1,NA,317.90363,281,3.852,316503.78,10.783333,11.191667,30.916206,934.7811,28.9,-7.3,36.2,19.966667,-1.2333333,21.95,-1.2333333,998,110,56,20.906622,311,187,293,187,273.0191,13.413393,20.956581,6.52034,32,0.48538,28,6,6,2305.34215944572
D054,NR084,S001,NR084_S001,NA,US,South Platte River,2,Nearctic,NE04,NA2,-105.016883,39.73206249,-105.0162168,39.73211008,-105.0154759,39.73294872,NA,0,8879.634,1603,11.04,3703884.2,10.675,15.966666,40.0335,869.30084,31.9,-8,39.9,14.533333,0.5666666,21.916666,0.5666666,435,67,14,43.36549,164,47,137,47,292.12027,4363.477,3691.0916,338.77655,11,0.905357,38,10,10,2021.86883029418
D054,NR084,S002,NR084_S002,NA,US,South Platte River,2,Nearctic,NE04,NA2,-105.010267,39.6318798,-105.0113616,39.62976208,-105.011,39.6313,NA,0,53.94783,1654,0.076,23308.258,10.21875,16.283333,40.617207,859.99243,31.4,-8.7,40.1,18.733334,0.13333328,21.325,0.13333328,433,67,14,42.787846,163.5,48,139,48,14.12588,6.6226034,5.5168605,26.770237,11,0.798468,46,10,10,2021.86883029418
D054,NR084,S003,NR084_S003,NA,US,South Platte River,2,Nearctic,NE04,NA2,-104.9981126,39.70604834,-104.9971608,39.70638146,-105.0003338,39.70545241,NA,NA,8844.583,1616,0.0255,3688158.5,10.547916,16.016666,40.07489,866.34875,31.8,-8.2,39.9,14.5,0.46666658,21.75,0.46666658,430,66,14,43.33895,162,47,137.5,47,290.28528,4362.9634,3690.9458,306.7787,11,0.936011,38,10,10,2021.86883029418
D054,NR084,S004,NR084_S004,NA,US,South Platte River,2,Nearctic,NE04,NA2,-105.093728,39.488097,-105.093728,39.488097,-105.0946288,39.49044283,17,0,6793.193,1809,7.729,2770109.2,9.03125,17.025,42.987984,813.9961,29.75,-9.7,39.45,16.458332,-0.49999994,19.533333,-0.49999994,455.5,68,13,42.639893,169.5,50,149,50,34.47583,3308.296,3273.3154,1.9964538,12,0.669404,32,10,4,2021.86883029418
D054,NR084,S005,NR084_S005,NA,US,South Platte River,2,Nearctic,NE04,NA2,-104.8892216,39.90962272,-104.8835823,39.90533969,-104.883,39.9063,NA,0,12137.717,1545,18.315,5191753.5,10.245833,16.241667,40.028877,885.1604,31.5,-9,40.55,14.408333,-0.24166672,21.508333,-0.24166672,408.5,63.5,12,46.612503,159,40,134,40,543.44165,5411.4795,4962.517,989.89557,12,0.508793,32,10,8,2021.86883029418
D054,NR084,S006,NR084_S006,NA,US,South Platte River,2,Nearctic,NE04,NA2,-104.9843465,39.6140303,-104.9814531,39.61567689,-104.9821785,39.61615385,NA,0,47.366356,1682,0.076,20479.617,10.045834,16.325,40.99665,852.2444,31.1,-8.8,39.8,18.466667,0.11666664,21.066668,0.11666664,429,67,14,43.46826,165,47,142,47,13.683931,5.5182314,4.26552,21.772736,11,0.860899,34,10,10,2021.86883029418
D054,NR084,S007,NR084_S007,NA,US,South Platte River,2,Nearctic,NE04,NA2,-105.0157203,39.74589191,-105.0157203,39.74589191,-105.0147508,39.74714277,NA,0,8936.157,1611,0.075,3732650.5,10.670834,15.908334,40.01692,866.84937,31.9,-7.9,39.8,14.516666,0.5666666,21.916666,0.5666666,436,67,14,43.410187,165,47,137,47,295.71277,4364.6094,3693.08,381.03357,11,0.913104,46,10,10,2021.86883029418
D054,NR084,S008,NR084_S008,NA,US,South Platte River,2,Nearctic,NE04,NA2,-105.0082726,39.75463864,-105.0075683,39.75408661,-105.004536,39.75150708,NA,0,8941.315,1598,6.025,3738098.5,10.658333,15.875,39.989513,866.5115,31.849998,-7.8,39.7,14.491667,0.5999999,21.883333,0.5999999,434.5,66,14,43.541546,164.5,47,136.5,47,294.4623,4362.1274,3691.8323,384.55548,11,0.913104,46,10,10,2021.86883029418
D054,NR084,S009,NR084_S009,NA,US,South Platte River,2,Nearctic,NE04,NA2,-105.0115162,39.72224494,-105.0115162,39.72224494,-105.012881,39.72045385,3,0,8855.463,1607.5,11.04,3695432.2,10.66875,15.966667,39.995823,868.12134,31.9,-8,39.9,14.516666,0.5666666,21.908333,0.5666666,432.5,66,14,43.38314,163,47,137,47,289.99115,4361.938,3690.4314,316.6853,11,0.920859,38,10,10,2021.86883029418
D054,NR084,S010,NR084_S010,NA,US,South Platte River,2,Nearctic,NE04,NA2,-105.0165111,39.63730151,-105.0165111,39.6378012,-105.0161434,39.63708585,6,NA,8024.1074,1636,9.087,3310241.2,10.283334,16.291666,40.708332,859.8542,31.4,-8.6,40,18.65,0.19999988,21.366667,0.19999988,435,68,14,42.49489,163,49,138,49,225.20148,3831.0325,3615.4893,165.52223,11,0.73526,46,10,10,2021.86883029418
D054,NR084,S011,NR084_S011,NA,US,South Platte River,2,Nearctic,NE04,NA2,-104.939,39.856,-104.9379887,39.85629743,-104.9346288,39.85381879,3,0,12058.091,1556,18.4845,5156484.5,10.616667,15.916667,39.671654,881.52106,31.9,-8.1,40.1,14.583333,0.35,21.916666,0.35,415,63,13,45.01421,159,42,135,42,534.4977,5366.5757,4930.434,948.9478,11,0.56897,39.7282,10,9,2021.86883029418
D054,NR084,S012,NR084_S012,NA,US,South Platte River,2,Nearctic,NE04,NA2,-104.997748,39.676287,-104.997748,39.676287,-104.9971428,39.67797107,2,0,8800.609,1628,0.028,3669255.2,10.420834,16.108334,40.270832,865.6461,31.6,-8.4,40,14.383333,0.2833334,21.6,0.2833334,433,67,14,43.33653,163,47,139,47,288.30295,4361.6426,3690.4321,266.98886,11,0.924771,38,10,10,2021.86883029418
D054,NR084,S013,NR084_S013,NA,US,South Platte River,2,Nearctic,NE04,NA2,-105.0004021,39.68102218,-104.9993789,39.68109356,-105.0013046,39.68061904,18,0,8804.041,1621,0.062,3670739.5,10.429167,16.125,40.270832,866.7899,31.6,-8.4,40,14.366667,0.31666675,21.616667,0.31666675,433,67,14,43.275497,163,47,139,47,288.5232,4361.6426,3690.5054,269.7055,11,0.839792,38,10,10,2021.86883029418
D054,NR084,S014,NR084_S014,NA,US,South Platte River,2,Nearctic,NE04,NA2,-105.0318155,39.5810562,-105.038635,39.58045896,-105.0337787,39.57967157,5,NA,7884.601,1652,0.030000001,3250909.8,10.077084,16.370834,41.039337,848.83856,31,-8.9,39.9,18.291668,0.091666736,21,0.091666736,437.5,69,14,42.263985,164.5,49.5,138.5,49.5,188.9377,3806.224,3604.0063,75.90305,11,0.56261,33,10,9,2021.86883029418
D054,NR084,S015,NR084_S015,NA,US,South Platte River,2,Nearctic,NE04,NA2,-105.0016494,39.68311603,-105.0006262,39.68313982,-105.0002665,39.68296675,16,0,8804.271,1617,5.485,3670839.2,10.45,16.125,40.270832,867.06665,31.7,-8.4,40,14.333333,0.3333334,21.633333,0.3333334,433,67,14,43.229042,163,47,139,47,288.67004,4361.6426,3690.579,269.7789,11,0.839792,38,10,10,2021.86883029418
D054,NR084,S016,NR084_S016,NA,US,South Platte River,2,Nearctic,NE04,NA2,-105.0152489,39.64391757,-105.0145827,39.6437986,-105.0145479,39.6439,6,0,8025.535,1628,9.087,3306210,10.302084,16.283333,40.648376,861.02026,31.4,-8.6,40.1,18.741667,0.19166656,21.383333,0.19166656,435,68,14,42.49516,163,49,137,49,225.78952,3831.4717,3615.9312,166.9186,11,0.651425,34,10,10,2021.86883029418
D054,NR084,S017,NR084_S017,NA,US,South Platte River,2,Nearctic,NE04,NA2,-105.0080587,39.75497835,-105.0073544,39.75442632,-105.004536,39.75190708,12,0,10002.607,1600.5,0.969,4179758.2,10.75625,15.8625,39.924423,869.20166,32,-7.8,39.7,14.583333,0.6416666,22,0.6416666,433.5,66,14,43.685425,164,47,137,47,387.0007,4454.3604,4412.1797,531.43494,11,0.913104,46,10,10,2021.86883029418
D054,NR084,S018,NR084_S018,NA,US,South Platte River,2,Nearctic,NE04,NA2,-105.028319,39.59267308,-105.0280335,39.59273019,-105.0296193,39.59298096,2,0,7893.802,1643,8.909,3254678.2,10.129167,16.333334,40.935673,850.39856,31.1,-8.8,39.9,14,0.13333328,21.083334,0.13333328,435,68.5,14,42.358963,163,49,137,49,195.86058,3820.6614,3606.151,88.698524,11,0.591352,33,10,9,2021.86883029418
D054,NR084,S019,NR084_S019,NA,US,South Platte River,2,Nearctic,NE04,NA2,-105.0150497,39.74476467,-105.0150497,39.74476467,-105.015,39.7444,13,0,8936.124,1607,0.075,3732637,10.629167,15.908333,40.025253,865.05505,31.8,-7.9,39.7,14.466667,0.55,21.816666,0.55,437,67,14,43.37171,165,47,137,47,295.71277,4364.6094,3693.08,381.03357,11,0.92705,46,10,10,2021.86883029418
D054,NR084,S020,NR084_S020,NA,US,South Platte River,2,Nearctic,NE04,NA2,-105.008368,39.754522,-105.0076637,39.75396997,-105.004536,39.75140708,9,0,8941.315,1598,6.025,3738098.5,10.658333,15.875,39.989513,866.5115,31.849998,-7.8,39.7,14.491667,0.5999999,21.883333,0.5999999,434.5,66,14,43.541546,164.5,47,136.5,47,294.4623,4362.1274,3691.8323,384.55548,11,0.913104,46,10,10,2021.86883029418
D054,NR084,S021,NR084_S021,NA,US,South Platte River,2,Nearctic,NE04,NA2,-104.976277,39.781867,-104.976277,39.781867,-104.9763046,39.78214746,8,0,10038.674,1589,12.073,4192210.5,10.720833,15.875,39.745197,876.5206,32.1,-7.9,40,14.633333,0.51666665,22.083332,0.51666665,428,65,14,44.283047,163,45,137,45,389.49542,4458.4263,4414.2954,571.63525,11,0.919023,46,10,10,2021.86883029418
D054,NR084,S022,NR084_S022,NA,US,South Platte River,2,Nearctic,NE04,NA2,-104.9604567,39.82795722,-104.9604567,39.82795722,-104.96,39.8272,7,0,1477.4352,1576,6.072,751016.4,10.658334,16,39.821724,879.77905,32.1,-8.1,40.1,14.583333,0.39999995,21.983334,0.39999995,428,65,14,44.298386,163,44,135,44,85.610275,901.6511,278.2409,155.45628,11,0.792483,37,10,9,2021.86883029418
D018,NR085,S001,NR085_S001,SA,Brasil,Piracema River,1,Neotropic,NO01,SA1,-54.6030998,-25.4472008,-54.6030998,-25.4472008,-54.6031,-25.4472,NA,32,77.03071,162,0.219,82910.055,21.454166,12.383333,56.544903,355.90128,32.1,10.2,21.899998,23.666666,17.016666,25.583332,17.016666,1776,195,99,18.03347,521,357,483,357,15.59354,20.849667,7.0650544,2.670645,23,0.419361,31.007,8,9,989.784698988665
D018,NR085,S002,NR085_S002,SA,Brasil,Piracema River,1,Neotropic,NO01,SA1,-54.5917015,-25.4416008,-54.59203462,-25.44122009,-54.5921,-25.4413,NA,13,71.10733,180,0.171,72294.04,21.375,12.15,56.128967,352.82767,31.9,10.3,21.599998,23.558332,16.975,25.466667,16.975,1766.5,196.5,98.5,18.272572,522,353,480.5,353,15.076675,17.317564,5.858885,1.4645866,23,0.470892,32.0032,9,9,989.784698988665
D018,NR085,S003,NR085_S003,SA,Brasil,Piracema River,1,Neotropic,NO01,SA1,-54.5847015,-25.4239006,-54.58593882,-25.42309158,-54.5846,-25.4222,NA,17,64.71036,196,0.171,60979.375,21.316668,11.975,55.957947,351.84662,31.8,10.3,21.400002,23.5,16.916666,25.416666,16.916666,1768,198,99,18.494755,525,353,481,353,12.836517,13.440416,5.4280386,0.9475772,23,0.451494,31.0087,9,8,989.784698988665
D018,NR085,S004,NR085_S004,SA,Brasil,Piracema River,1,Neotropic,NO01,SA1,-54.5783997,-25.4356995,-54.57544917,-25.42028059,-54.5785,-25.4345,NA,15,62.476913,215.5,0.634,57395.47,21.2125,11.8625,55.817554,349.8308,31.6,10.3,21.3,23.341667,16.833334,25.283333,16.833334,1763.5,199.5,99.5,18.46363,525,353,479,353,12.149283,8.788673,4.997794,0,11,0.317819,31.9006,9,9,989.784698988665
D018,NR085,S005,NR085_S005,SA,Brasil,Piracema River,1,Neotropic,NO01,SA1,-54.5726013,-25.4377995,-54.56965077,-25.42238059,-54.5714,-25.4369,NA,16,62.252014,215.5,0.634,56937.67,21.20625,11.8625,55.817554,349.8308,31.6,10.3,21.3,23.333334,16.833334,25.283333,16.833334,1763.5,200,100,18.46363,525,353,479,353,12.149283,8.874819,4.997794,0,11,0.317819,30.6929,8,9,989.784698988665
D024,NR086,S001,NR086_S001,SA,Peru,Pacaya River,1,Neotropic,NO01,SA1,-74.580615,-5.457295,-74.580615,-5.457295,-74.5761,-5.45437,NA,41,26.531456,116,0.88,61448.99,26.804167,9.908334,83.89831,38.165794,32.6,20.8,11.799999,27.1,26.300001,27.216667,26.300001,2316,244,107,25.417267,705,375,658,461,0,26.592323,0,0,53,0.0300581,4.25,0,1,3515.9244576873
D024,NR086,S002,NR086_S002,SA,Peru,Pacaya River,1,Neotropic,NO01,SA1,-75.053828,-5.582571,-75.06611401,-5.603782848,-75.0496,-5.58471,NA,41,4260.616,127,97.791,9416908,26.945833,10.091666,84.097206,34.706554,32.9,20.9,12.000002,27.199999,26.516666,27.316666,26.5,2316,271,107,28.680452,718,359,668,449,0,4249.09,0.7588439,0,53,0.0286959,1,0,1,3515.9244576873
D024,NR086,S003,NR086_S003,SA,Peru,Pacaya River,1,Neotropic,NO01,SA1,-75.03833,-5.574954,-75.03799688,-5.574573286,-75.0438,-5.57124,NA,21,4770.7856,125.5,0.15,10600904,26.908333,10.033333,84.31373,35.215763,32.8,20.9,11.9,27.199999,26.466667,27.3,26.45,2312.5,268,105,28.818546,717,353.5,669,443.5,0,4758.157,2.3732839,0,53,0.030411,1,0,1,3515.9244576873
D024,NR086,S004,NR086_S004,SA,Peru,Pacaya River,1,Neotropic,NO01,SA1,-74.886758,-5.557967,-74.88711492,-5.557895616,-74.8853,-5.55625,NA,51,4938.313,125,115.886,10986811,26.875,10.099999,84.166664,35.323193,32.8,20.8,12,27.15,26.416666,27.233334,26.4,2324,263,103,28.656275,724,355,674,449,0,4916.742,2.3732839,0,53,0.0286277,1.11896,0,1,3515.9244576873
D024,NR086,S005,NR086_S005,SA,Peru,Pacaya River,1,Neotropic,NO01,SA1,-74.877428,-5.564061,-74.87683313,-5.559658997,-74.877,-5.56049,NA,39,4939.6304,125,115.886,10989874,26.875,10.099999,84.166664,35.620792,32.8,20.8,12,27.166666,26.416666,27.258333,26.4,2327.5,263,104,28.521639,724.5,356.5,674,451.5,0,4930.3506,2.3732839,0,53,0.0295785,1.59963,0,1,3515.9244576873
D024,NR086,S006,NR086_S006,SA,Peru,Pacaya River,1,Neotropic,NO01,SA1,-74.825038,-5.550222,-74.82257526,-5.563499392,-74.8224,-5.5581,NA,49,195.61713,114,0.353,454372.16,26.920834,10.116667,84.30555,35.958202,32.9,20.8,12.000002,27.216667,26.45,27.316666,26.433332,2332,261,104,27.972343,725,364,673,456,0,195.50064,0.18990833,0,52,0.0601063,2.6415,0,1,3515.9244576873
D024,NR086,S007,NR086_S007,SA,Peru,Pacaya River,1,Neotropic,NO01,SA1,-74.703701,-5.48172,-74.68298779,-5.493052183,-74.6964,-5.46088,NA,53,5713.946,114,0.3615,12771246,26.88125,10.129167,83.71213,37.05034,32.8,20.7,12.099998,27.166666,26.383333,27.266666,26.383333,2327.5,251,106.5,26.759338,716,370,667.5,419,0,5616.328,63.133755,0.094930544,53,0.0291307,4.20943,0,1,3515.9244576873
D024,NR086,S008,NR086_S008,SA,Peru,Pacaya River,1,Neotropic,NO01,SA1,-74.712201,-5.494821,-74.69202317,-5.506242413,-74.7046,-5.4667,NA,54,5709.314,111.5,0.278,12760460,26.891666,10.1875,83.67486,36.824413,32.9,20.7,12.200001,27.183334,26.416666,27.283333,26.416666,2331.5,252,106,26.995113,719,368.5,669,459,0,5597.727,61.3304,0.094930544,52,0.0293711,3.88197,0,1,3515.9244576873
D024,NR086,S009,NR086_S009,SA,Peru,Pacaya River,1,Neotropic,NO01,SA1,-74.574504,-5.421327,-74.57390913,-5.42123777,-74.5738,-5.42126,NA,40,359.41602,118,185.194,838625.06,26.7875,9.941667,84.25142,37.18045,32.6,20.8,11.799999,27.083334,26.3,27.183334,26.3,2321,244,110,25.057716,705,378,661,465,0,357.703,0,0,53,0.0290325,5,0,1,3515.9244576873
D024,NR086,S010,NR086_S010,SA,Peru,Pacaya River,1,Neotropic,NO01,SA1,-74.574085,-5.426157,-74.57360911,-5.42597854,-74.5761,-5.42373,NA,54,358.74072,118,0.93,837055.94,26.7875,9.941667,84.25142,37.18045,32.6,20.8,11.799999,27.083334,26.3,27.183334,26.3,2321,244,110,25.057716,705,378,661,465,0,357.13315,0,0,53,0.0290325,5,0,1,3515.9244576873
D024,NR086,S011,NR086_S011,SA,Peru,Pacaya River,1,Neotropic,NO01,SA1,-74.57752,-5.430431,-74.57793641,-5.430371513,-74.5807,-5.42715,NA,41,358.41592,118,185.194,836411.6,26.8,9.916667,84.03955,37.74665,32.6,20.8,11.799999,27.1,26.3,27.216667,26.3,2321,244,110,25.296434,705,377,661,460,0,355.13855,0,0,53,0.0291665,5,0,1,3515.9244576873
D024,NR086,S012,NR086_S012,SA,Peru,Pacaya River,1,Neotropic,NO01,SA1,-74.510495,-5.281325,-74.51206544,-5.286036333,-74.5113144,-5.281384277,NA,37,592.3833,109,0.93,1382429.5,26.816668,9.950001,82.986115,38.0689,32.7,20.7,12,27.116667,26.466667,27.216667,26.300001,2337,242,114,24.18019,699,388,661,389,0,593.1832,0.28490213,0,53,0.0305484,5,0,1,3515.9244576873
D042,NR087,S001,NR087_S001,SA,French Guiana,Approuague River,1,Neotropic,NO01,SA1,-52.6769,4.0391,-52.67446105,4.035352349,-52.6745,4.03617,35,NA,1773.7858,85,0.194,5145200.5,25.61875,8.645833,76.58555,45.981144,31.95,20.650002,11.299999,25.575,26.216667,26.216667,25.05,3075.5,414,74.5,47.025246,1153.5,292.5,302,958,0,1770.5591,0,0,61,0.00301235,4,0,0,2780.63962729371
D042,NR087,S002,NR087_S002,SA,French Guiana,Approuague River,1,Neotropic,NO01,SA1,-52.6994,4.0331,-52.6994,4.0331,-52.6994,4.0331,56,NA,1756.2532,98,71.752,5090200,25.55,8.650001,76.696175,47.77436,31.9,20.6,11.299999,25.483334,26.166666,26.166666,24.966667,3036,451,71,48.010345,1172,298,298,931,0,1744.6635,0,0,61,0.00301235,4,0,0,2780.63962729371
D042,NR088,S001,NR088_S001,SA,French Guiana,Mana River,1,Neotropic,NO01,SA1,-53.222,3.6626,-53.22126237,3.663004508,-53.2225,3.66452,20,NA,7.026499,257.5,0.284,18931.285,24.868752,9.045834,78.16093,50.164497,31.3,19.75,11.599998,24.833332,25.475,25.475,24.225,2708.5,426,69,48.535828,1090,262.5,269.5,812,0,7.04552,0,0,53,0.00155425,0.852498,0,0,0
D042,NR089,S001,NR089_S001,SA,French Guiana,Maroni River,1,Neotropic,NO01,SA1,-53.1741,3.6081,-53.1745283,3.608028616,-53.1741,3.6081,48,NA,23.145088,244,0.58,62825.28,24.966667,9.066667,78.16091,50.105957,31.4,19.8,11.6,24.916668,25.583332,25.583332,24.333334,2699,395,76,45.694145,1058,292,298,830,0,22.660416,0,0,53,0.00164564,8,0,0,0
D042,NR090,S001,NR090_S001,SA,French Guiana,Comte River,1,Neotropic,NO01,SA1,-52.5149,4.5145,-52.51071215,4.535058543,-52.51451929,4.514642768,54,NA,1864.2649,34,97.851,5774391.5,25.758333,7.9833336,76.031746,41.76958,31.7,21.2,10.5,25.683334,26.3,26.316666,25.283333,3106,430,86,47.98403,1214,307,339,935,1.0461553,1862.2996,0.19021763,0,53,0.0264371,6.62955,0,1,0
D042,NR091,S001,NR091_S001,SA,French Guiana,Sinnamary River,1,Neotropic,NO01,SA1,-52.8983,4.5527,-52.8983,4.5527,-52.89797877,4.552807076,60,NA,1806.0437,84.5,2.965,5282199,25.491667,8.200001,76.79128,42.921257,31.4,20.8,10.699999,25.483334,26.025,26.025,24.958334,3023,427.5,76.5,49.044914,1191.5,308.5,334,846,0,1804.1123,0,0,61,0.015902,4,0,0,0
D030,NR092,S001,NR092_S001,OC,Australia,Para River,7,Australasia,AU12,OC7,138.8769989,-34.5713005,138.8776414,-34.57301371,138.8771842,-34.57291582,8,NA,380.44504,182,0.546,217845.06,15.808333,12.083333,49.01974,460.5623,29.9,5.25,24.7,10.575001,21.508333,21.508333,10.275,533.5,70.5,16,44.682713,204,61,61,203.5,255.02087,27.423872,81.269966,12.659349,33,0.430595,11.6295,0,3,2772.54048884685
D030,NR092,S002,NR092_S002,OC,Australia,Para River,7,Australasia,AU12,OC7,138.9440002,-34.5646019,138.9345184,-34.56195866,138.9445241,-34.56456798,1,NA,356.17743,256.5,0.361,203530.33,15.391666,11.6875,48.295456,454.9871,29.3,5,24.2,9.883333,20.983334,21.05,9.883333,555,75.5,17,46.086067,216,63.5,63.5,216,251.58833,26.718094,69.564606,12.423692,31,0.471544,19,4,4,2772.54048884685
D030,NR092,S003,NR092_S003,OC,Australia,Para River,7,Australasia,AU12,OC7,138.9440002,-34.5479012,138.943576,-34.5479012,138.9436601,-34.5479,2,NA,305.67438,258,0.31849998,170118.08,15.391666,11.795834,48.36732,457.73718,29.349998,5,24.349998,9.924999,21.025,21.075,9.875,547,74,17,45.6139,212,63,63,211.5,214.43271,19.728193,60.378304,12.266563,31,0.46962,21,1,5,2772.54048884685
D030,NR092,S004,NR092_S004,OC,Australia,Para River,7,Australasia,AU12,OC7,139.0850067,-34.5461006,139.083698,-34.54645752,139.084,-34.5461,3,NA,66.66436,384.5,0.05,40376.836,14.425,11.9125,48.15226,460.06976,29.1,4.3,24.7,9.55,20.083334,20.2,8.983334,552,73.5,19,43.426453,213.5,68,68,211.5,57.963486,0.62811816,7.1488767,0,33,0.289936,19,0,4,2772.54048884685
D030,NR092,S005,NR092_S005,OC,Australia,Para River,7,Australasia,AU12,OC7,139.0769958,-34.5270996,139.0769958,-34.5270996,139.077,-34.5271,0,NA,76.51697,376,0.09,45778.297,14.516666,11.916667,48.380566,458.3361,29,4.4,24.6,9.633333,20.133333,20.266666,9.05,540,71,18,42.871258,207,67,67,205,64.328766,0.7066168,11.785467,0,32,0.375634,16,0,5,2772.54048884685
D030,NR092,S006,NR092_S006,OC,Australia,Para River,7,Australasia,AU12,OC7,139.0809937,-34.4978981,139.079685,-34.49795759,139.0795377,-34.49772719,0,NA,85.969376,367,0.09,50810.707,14.629167,11.841666,48.463116,457.79343,28.8,4.4,24.4,9.766666,20.2,20.316666,9.116667,532,70,18,42.65282,204,66,67,201,70.61806,0.86382145,14.143862,0,32,0.36187,13.8525,1,5,2772.54048884685
D048,NR093,S001,NR093_S001,OC,Australia,Swan-Canning River,7,Australasia,AU12,OC7,116.3041667,-31.945,116.3125288,-31.94005072,116.2944543,-31.94695598,21,4,9.79545,253.5,2.155,7576.6387,16.90625,12.204166,49.5614,469.58124,31,6.3500004,24.650002,11.575001,22.725,22.933334,11.575001,761.5,150,10,80.601074,411,43,52,411,0,9.880443,0.48596993,0,43,0.205532,5.27527,0,5,50.6515912404025
D048,NR093,S002,NR093_S002,OC,Australia,Swan-Canning River,7,Australasia,AU12,OC7,116.3044444,-31.94527778,116.3128065,-31.9403285,116.2944543,-31.94725598,22,5,9.79545,253.5,2.155,7576.6387,16.90625,12.204166,49.5614,469.58124,31,6.3500004,24.650002,11.575001,22.725,22.933334,11.575001,761.5,150,10,80.601074,411,43,52,411,0,9.880443,0.48596993,0,43,0.205532,5.27527,0,5,50.6515912404025
D048,NR093,S003,NR093_S003,OC,Australia,Swan-Canning River,7,Australasia,AU12,OC7,116.3047222,-31.94555556,116.3128124,-31.94108217,116.2944543,-31.94755598,21,3,9.802736,253,2.155,7582.0815,16.908333,12.241667,49.561405,470.5435,31,6.4,24.7,11.6,22.75,22.95,11.6,760,150,10,80.54954,410,43,52,410,0,9.880443,0.48596993,0,43,0.205532,5.27527,0,5,50.6515912404025
D048,NR093,S004,NR093_S004,OC,Australia,Swan-Canning River,7,Australasia,AU12,OC7,116.305,-31.94583333,116.3130902,-31.94135994,116.2948425,-31.94789677,28,4,9.802736,253,2.155,7582.0815,16.908333,12.241667,49.561405,470.5435,31,6.4,24.7,11.6,22.75,22.95,11.6,760,150,10,80.54954,410,43,52,410,0,9.880443,0.48596993,0,43,0.205532,5.27527,0,5,50.6515912404025
D048,NR093,S005,NR093_S005,OC,Australia,Swan-Canning River,7,Australasia,AU12,OC7,116.3047222,-31.94638889,116.3127614,-31.94135463,116.2944543,-31.94835598,29,5,9.802736,253,2.155,7582.0815,16.908333,12.241667,49.561405,470.5435,31,6.4,24.7,11.6,22.75,22.95,11.6,760,150,10,80.54954,410,43,52,410,0,9.880443,0.48596993,0,43,0.205532,5.27527,0,5,50.6515912404025
D048,NR093,S006,NR093_S006,OC,Australia,Swan-Canning River,7,Australasia,AU12,OC7,116.3044444,-31.945,116.3128065,-31.94005072,116.2944543,-31.94695598,21,3,9.79545,253.5,2.155,7576.6387,16.90625,12.204166,49.5614,469.58124,31,6.3500004,24.650002,11.575001,22.725,22.933334,11.575001,761.5,150,10,80.601074,411,43,52,411,0,9.880443,0.48596993,0,43,0.205532,5.27527,0,5,50.6515912404025
D048,NR093,S007,NR093_S007,OC,Australia,Swan-Canning River,7,Australasia,AU12,OC7,116.3047222,-31.945,116.3130163,-31.94062859,116.2944543,-31.94695598,31,5,9.79545,253.5,2.155,7576.6387,16.90625,12.204166,49.5614,469.58124,31,6.3500004,24.650002,11.575001,22.725,22.933334,11.575001,761.5,150,10,80.601074,411,43,52,411,0,9.880443,0.48596993,0,43,0.205532,5.27527,0,5,50.6515912404025
D048,NR093,S008,NR093_S008,OC,Australia,Swan-Canning River,7,Australasia,AU12,OC7,116.305,-31.94555556,116.3130902,-31.94108217,116.2948425,-31.94759677,30,5,9.802736,253,2.155,7582.0815,16.908333,12.241667,49.561405,470.5435,31,6.4,24.7,11.6,22.75,22.95,11.6,760,150,10,80.54954,410,43,52,410,0,9.880443,0.48596993,0,43,0.205532,5.27527,0,5,50.6515912404025
D048,NR093,S009,NR093_S009,OC,Australia,Swan-Canning River,7,Australasia,AU12,OC7,116.305,-31.94611111,116.3135491,-31.94192666,116.2948425,-31.94809677,32,5,9.861027,243,2.155,7628.1963,16.95,12.195833,49.576622,469.58124,31.05,6.4,24.650002,11.616667,22.766666,22.966667,11.616667,758.5,149.5,10,80.54224,409,43,52,409,0,10.20431,0.48596993,0,43,0.201287,5.27527,0,5,50.6515912404025
D048,NR093,S010,NR093_S010,OC,Australia,Swan-Canning River,7,Australasia,AU12,OC7,116.3055556,-31.94611111,116.3138327,-31.94184168,116.2948425,-31.94809677,28,5,9.861027,243,2.155,7628.1963,16.95,12.195833,49.576622,469.58124,31.05,6.4,24.650002,11.616667,22.766666,22.966667,11.616667,758.5,149.5,10,80.54224,409,43,52,409,0,10.20431,0.48596993,0,43,0.201287,5.27527,0,5,50.6515912404025
D048,NR093,S011,NR093_S011,OC,Australia,Swan-Canning River,7,Australasia,AU12,OC7,116.3102778,-31.95583333,116.3135105,-31.95555119,116.3160961,-31.95459487,25,4,448.78876,219,2.836,283783.4,17.066668,12.3,49.495968,474.5578,31.3,6.4,24.9,11.683333,22.966667,23.15,11.683333,742,145,10,80.16929,400,44,52,400,13.443756,408.44208,30.045387,0,43,0.211388,5.31221,0,5,50.6515912404025
D048,NR093,S012,NR093_S012,OC,Australia,Swan-Canning River,7,Australasia,AU12,OC7,116.3108333,-31.95611111,116.3136241,-31.95601593,116.3160961,-31.95479487,21,4,448.94907,219,2.836,283903.47,17.066668,12.3,49.495968,474.5578,31.3,6.4,24.9,11.683333,22.966667,23.15,11.683333,742,145,10,80.16929,400,44,52,400,11.986124,412.81522,27.291794,0,43,0.211388,5.31221,0,5,50.6515912404025
D048,NR093,S013,NR093_S013,OC,Australia,Swan-Canning River,7,Australasia,AU12,OC7,116.3113889,-31.95666667,116.312548,-31.95692841,116.3145467,-31.95593874,26,4,449.00732,215,2.836,283947.1,17.079166,12.2875,49.511818,474.0765,31.3,6.45,24.849998,11.708334,22.966667,23.15,11.708334,741.5,145.5,10,80.21509,399.5,44,52,399.5,11.986124,412.81522,27.291794,0,43,0.211388,5.31221,0,5,50.6515912404025
D048,NR093,S014,NR093_S014,OC,Australia,Swan-Canning River,7,Australasia,AU12,OC7,116.3116667,-31.95666667,116.3128258,-31.95692841,116.3145467,-31.95593874,22,3,449.00732,215,2.836,283947.1,17.079166,12.2875,49.511818,474.0765,31.3,6.45,24.849998,11.708334,22.966667,23.15,11.708334,741.5,145.5,10,80.21509,399.5,44,52,399.5,11.986124,412.81522,27.291794,0,43,0.211388,5.31221,0,5,50.6515912404025
D048,NR093,S015,NR093_S015,OC,Australia,Swan-Canning River,7,Australasia,AU12,OC7,116.3119444,-31.95722222,116.3128466,-31.95746493,116.3145467,-31.95643874,27,6,449.00732,215,2.836,283947.1,17.079166,12.2875,49.511818,474.0765,31.3,6.45,24.849998,11.708334,22.966667,23.15,11.708334,741.5,145.5,10,80.21509,399.5,44,52,399.5,11.986124,412.81522,27.291794,0,43,0.211388,5.31221,0,5,50.6515912404025
D048,NR093,S016,NR093_S016,OC,Australia,Swan-Canning River,7,Australasia,AU12,OC7,116.3102778,-31.96666667,116.3096353,-31.96221708,116.3094901,-31.96213202,24,4,451.2363,198.5,2.8934999,285654.62,17.116667,12.275,49.457993,474.14676,31.2,6.5,24.8,11.733334,22.966667,23.166668,11.733334,748,146,10,80.2756,405,44,52,405,14.092434,403.92514,29.724112,0,43,0.211388,5.75751,0,5,50.6515912404025
D048,NR093,S017,NR093_S017,OC,Australia,Swan-Canning River,7,Australasia,AU12,OC7,116.3105556,-31.95583333,116.3137883,-31.95555119,116.3160961,-31.95459487,24,3,448.78876,219,2.836,283783.4,17.066668,12.3,49.495968,474.5578,31.3,6.4,24.9,11.683333,22.966667,23.15,11.683333,742,145,10,80.16929,400,44,52,400,13.443756,408.44208,30.045387,0,43,0.211388,5.31221,0,5,50.6515912404025
D048,NR093,S018,NR093_S018,OC,Australia,Swan-Canning River,7,Australasia,AU12,OC7,116.3111111,-31.95611111,116.3139019,-31.95601593,116.3154474,-31.95520277,23,4,448.94907,219,2.836,283903.47,17.066668,12.3,49.495968,474.5578,31.3,6.4,24.9,11.683333,22.966667,23.15,11.683333,742,145,10,80.16929,400,44,52,400,11.986124,412.81522,27.291794,0,43,0.211388,5.31221,0,5,50.6515912404025
D048,NR093,S019,NR093_S019,OC,Australia,Swan-Canning River,7,Australasia,AU12,OC7,116.3113889,-31.95638889,116.3137208,-31.95653166,116.3154474,-31.95550277,20,3,448.94907,219,2.836,283903.47,17.066668,12.3,49.495968,474.5578,31.3,6.4,24.9,11.683333,22.966667,23.15,11.683333,742,145,10,80.16929,400,44,52,400,11.986124,412.81522,27.291794,0,43,0.211388,5.31221,0,5,50.6515912404025
D048,NR093,S020,NR093_S020,OC,Australia,Swan-Canning River,7,Australasia,AU12,OC7,116.3116667,-31.95638889,116.3139986,-31.95653166,116.3154474,-31.95550277,21,4,448.94907,219,2.836,283903.47,17.066668,12.3,49.495968,474.5578,31.3,6.4,24.9,11.683333,22.966667,23.15,11.683333,742,145,10,80.16929,400,44,52,400,11.986124,412.81522,27.291794,0,43,0.211388,5.31221,0,5,50.6515912404025
D048,NR093,S021,NR093_S021,OC,Australia,Swan-Canning River,7,Australasia,AU12,OC7,116.4344444,-31.93333333,116.4343016,-31.93942475,116.4268927,-31.93358876,22,7,245.52037,250,1.474,142095.92,17.052084,13.045834,50.272438,487.96515,31.8,5.9,26,11.491667,23.108334,23.233334,11.491667,627.5,118,9,76.31551,329,42,51,329,6.478992,223.60852,14.41348,0,43,0.0952746,1.52698,0,1,50.6515912404025
D048,NR093,S022,NR093_S022,OC,Australia,Swan-Canning River,7,Australasia,AU12,OC7,116.435,-31.93333333,116.4348572,-31.93942475,116.4268811,-31.93383894,22,6,245.52037,250,1.474,142095.92,17.052084,13.045834,50.272438,487.96515,31.8,5.9,26,11.491667,23.108334,23.233334,11.491667,627.5,118,9,76.31551,329,42,51,329,6.478992,223.60852,14.41348,0,43,0.0952746,1.52698,0,1,50.6515912404025
D048,NR093,S023,NR093_S023,OC,Australia,Swan-Canning River,7,Australasia,AU12,OC7,116.4355556,-31.93333333,116.4354128,-31.93942475,116.4268811,-31.93383894,19,8,245.4475,250,1.474,142049.88,17.052084,13.045834,50.272438,487.96515,31.8,5.9,26,11.491667,23.108334,23.233334,11.491667,627.5,118,9,76.31551,329,42,51,329,6.478992,223.60852,14.41348,0,43,0.0952746,1.52698,0,1,50.6515912404025
D048,NR093,S024,NR093_S024,OC,Australia,Swan-Canning River,7,Australasia,AU12,OC7,116.4361111,-31.93361111,116.4361478,-31.94007781,116.427,-31.9344,21,8,245.4038,249.5,1.474,142022.28,17.052084,13.066667,50.271885,488.3557,31.8,5.9,26,11.491667,23.108334,23.233334,11.491667,627.5,118,9,76.31551,329,42,51,329,6.478992,223.52756,14.41348,0,43,0.0952746,1.52698,0,1,50.6515912404025
D048,NR093,S025,NR093_S025,OC,Australia,Swan-Canning River,7,Australasia,AU12,OC7,116.4366667,-31.93388889,116.4364831,-31.94024953,116.427,-31.9347,18,6,245.4038,249.5,1.474,142022.28,17.052084,13.066667,50.271885,488.3557,31.8,5.9,26,11.491667,23.108334,23.233334,11.491667,627.5,118,9,76.31551,329,42,51,329,6.478992,223.52756,14.41348,0,43,0.0952746,1.52698,0,1,50.6515912404025
D048,NR093,S026,NR093_S026,OC,Australia,Swan-Canning River,7,Australasia,AU12,OC7,116.4355556,-31.93361111,116.4354128,-31.93970253,116.4268811,-31.93413894,20,5,245.4475,250,1.474,142049.88,17.052084,13.045834,50.272438,487.96515,31.8,5.9,26,11.491667,23.108334,23.233334,11.491667,627.5,118,9,76.31551,329,42,51,329,6.478992,223.60852,14.41348,0,43,0.0952746,1.52698,0,1,50.6515912404025
D048,NR093,S027,NR093_S027,OC,Australia,Swan-Canning River,7,Australasia,AU12,OC7,116.4361111,-31.93388889,116.4359357,-31.940119,116.427,-31.9347,18,4,245.4038,249.5,1.474,142022.28,17.052084,13.066667,50.271885,488.3557,31.8,5.9,26,11.491667,23.108334,23.233334,11.491667,627.5,118,9,76.31551,329,42,51,329,6.478992,223.52756,14.41348,0,43,0.0952746,1.52698,0,1,50.6515912404025
D048,NR093,S028,NR093_S028,OC,Australia,Swan-Canning River,7,Australasia,AU12,OC7,116.4361111,-31.93416667,116.4359683,-31.94025809,116.427,-31.935,17,6,245.4038,249.5,1.474,142022.28,17.052084,13.066667,50.271885,488.3557,31.8,5.9,26,11.491667,23.108334,23.233334,11.491667,627.5,118,9,76.31551,329,42,51,329,6.478992,223.52756,14.41348,0,43,0.0952746,1.52698,0,1,50.6515912404025
D048,NR093,S029,NR093_S029,OC,Australia,Swan-Canning River,7,Australasia,AU12,OC7,116.4369444,-31.93444444,116.4368016,-31.94053586,116.4270754,-31.9353979,21,8,245.38193,249.5,1.474,142008.47,17.052084,13.066667,50.271885,488.3557,31.8,5.9,26,11.491667,23.108334,23.233334,11.491667,627.5,118,9,76.31551,329,42,51,329,6.478992,223.52756,14.41348,0,43,0.0952746,1.52698,0,1,50.6515912404025
D048,NR093,S030,NR093_S030,OC,Australia,Swan-Canning River,7,Australasia,AU12,OC7,116.4363889,-31.935,116.4363012,-31.94064408,116.427,-31.9358,10,7,245.4038,249.5,1.474,142022.28,17.052084,13.066667,50.271885,488.3557,31.8,5.9,26,11.491667,23.108334,23.233334,11.491667,627.5,118,9,76.31551,329,42,51,329,6.478992,223.52756,14.41348,0,43,0.0952746,1.52698,0,1,50.6515912404025
D055,NR094,S001,NR094_S001,OC,Australia,Canning River,7,Australasia,AU12,OC7,116.0318361,-32.12328056,116.0321951,-32.12315003,116.032,-32.1238,9,2,872.597,86,9.7065,804881.6,17.941666,11.316667,48.9899,438.5226,31.1,8.1,23.1,12.983334,23.283333,23.583332,12.983334,919,182,11,82.09559,498,46,55,498,4.362926,860.0813,3.231599,3.7171626,11,0.765304,34,9,7,1835.09199015956
D055,NR094,S002,NR094_S002,OC,Australia,Canning River,7,Australasia,AU12,OC7,116.0409306,-32.12154167,116.0412042,-32.1214108,116.0402658,-32.12130964,9,2,870.7861,164,9.422,803769.4,17.508333,11.316667,48.84058,438.7318,30.8,7.6,23.1,12.55,22.866667,23.183334,12.55,999,198,12,81.8265,541,49,59,541,4.362926,857.4955,2.9891927,3.4747536,11,0.624104,22,7,7,1835.09199015956
D055,NR094,S003,NR094_S003,OC,Australia,Canning River,7,Australasia,AU12,OC7,116.0899667,-32.12335,116.0899857,-32.12291218,116.0895921,-32.12283091,8,2,824.5928,214,8.821,755825.3,16.791668,11.133333,48.423965,439.20712,29.95,6.95,23,11.833333,22.150002,22.491667,11.833333,1035,205,12,81.92048,561,51.5,62,561,1.3734204,819.36365,1.6154405,0,54,0.554335,11.7282,2,7,1835.09199015956
D055,NR094,S004,NR094_S004,OC,Australia,Canning River,7,Australasia,AU12,OC7,115.9819889,-32.06204722,115.9820705,-32.06117702,115.982,-32.062,10,3,925.49005,20,10.192,855977.8,18.620832,11.675,49.893166,438.8438,32,8.6,23.4,13.633333,23.983334,24.266666,13.633333,823,165,9,83.79018,453,41,49,453,8.889811,880.8556,5.737511,26.267532,11,0.726661,37.75,10,9,1835.09199015956
D055,NR094,S005,NR094_S005,OC,Australia,Canning River,7,Australasia,AU12,OC7,116.015275,-32.0843,116.0153022,-32.08375612,116.0154283,-32.08450395,9,2,895.99963,38,9.991,828358.8,18.4,11.599999,49.570816,440.99298,31.8,8.5,23.4,13.4,23.783333,24.066668,13.4,854,171,10,83.2932,468,43,51,468,6.1409154,867.032,4.1206446,15.999545,11,0.77195,37,10,9,1835.09199015956
D055,NR094,S006,NR094_S006,OC,Australia,Canning River,7,Australasia,AU12,OC7,116.0426778,-32.12447778,116.0430279,-32.12371091,116.043,-32.1239,10,2,869.60803,174.5,0.236,802961,17.43125,11.316667,48.827618,440.10138,30.75,7.5,23.150002,12.441666,22.825,23.116667,12.441666,1021.5,202.5,12,81.892,552,50.5,60,552,4.362926,857.33417,2.9891534,3.4747536,11,0.624104,22,7,7,1835.09199015956
D055,NR094,S007,NR094_S007,OC,Australia,Canning River,7,Australasia,AU12,OC7,116.0585972,-32.12933611,116.0585972,-32.12933611,116.0586737,-32.12954474,6,2,853.3803,170.5,0.236,787413.9,17.45,11.2375,48.695786,439.20917,30.650002,7.5,23.099998,12.466667,22.816666,23.125,12.466667,1013,201,12.5,82.09775,548.5,50,59.5,548.5,3.1508324,845.04486,2.2616858,3.4747536,11,0.550377,16,5,7,1835.09199015956
D055,NR094,S008,NR094_S008,OC,Australia,Canning River,7,Australasia,AU12,OC7,116.1145417,-32.14019722,116.1145417,-32.14019722,116.1146533,-32.14036316,7,2,800.86255,216.5,7.996,730715.8,16.710417,11.170834,48.514496,439.28735,29.849998,6.8,23,11.75,22.066666,22.416666,11.75,1022,203,12,81.73555,554,50.5,60.5,554,0,798.1106,0.48406243,0,54,0.399352,6.52698,0,6,1835.09199015956
D055,NR094,S009,NR094_S009,OC,Australia,Canning River,7,Australasia,AU12,OC7,116.0231722,-32.12279167,116.0236957,-32.1226489,116.022,-32.1228,9,2,878.6898,97,9.991,813847.56,18.0875,11.516666,49.32336,442.19214,31.5,8.2,23.4,13.1,23.466667,23.75,13.1,935,185,11,82.34214,508,46,55,508,4.7668633,862.66547,3.393128,6.3025975,11,0.839589,35,10,7,1835.09199015956
D055,NR094,S010,NR094_S010,OC,Australia,Canning River,7,Australasia,AU12,OC7,116.0153556,-32.10645278,116.0153556,-32.10645278,116.016,-32.1064,9,2,885.2053,34.5,9.991,819512.9,18.397917,11.625,49.69706,441.97705,31.849998,8.45,23.4,13.383333,23.783333,24.066668,13.383333,856.5,171.5,10,82.93797,469,42.5,50.5,469,4.8476796,863.1503,3.4739318,12.200964,11,0.809182,32,10,8,1835.09199015956
D056,NR095,S001,NR095_S001,AF,Madagascar,Sofia River,1,Afrotropic,AF01,AF1,48.8368521,-16.2308681,48.83714953,-16.23122502,48.8372,-16.2314,5,1,100.73403,647,4.767,140224.02,21.904167,11.099999,66.666664,227.24094,30,13.3,16.6,24.2,19.816666,24.2,18.966667,1376,349,16,108.65161,882,53,882,58,6.5945654,87.64729,5.03822,0,32,0.193853,8,0,4,6530.15799678095
D056,NR095,S002,NR095_S002,AF,Madagascar,Sofia River,1,Afrotropic,AF01,AF1,48.8397038,-16.2172091,48.83866279,-16.21703064,48.8388,-16.2163,4,2,113.8835,551.5,1.975,158063.44,22.741667,11.204166,67.49498,217.4938,30.9,14.15,16.7,24.85,20.508333,24.891666,19.916666,1346,347.5,12,112.39453,882,43.5,880,46.5,10.99155,95.61636,7.328435,0,32,0.232494,8,0,4,6530.15799678095
D056,NR095,S003,NR095_S003,AF,Madagascar,Sofia River,1,Afrotropic,AF01,AF1,48.7729512,-16.2157841,48.77287982,-16.21555805,48.773,-16.2158,6,1,15.803583,931.5,0.783,20886.799,19.964584,11.358334,66.666664,237.4386,28.25,11.200001,17,22.308334,17.841667,22.408333,16.866667,1311.5,334.5,8.5,110.189705,854,41,849,56,0,14.014704,1.2824764,0,32,0.211562,3.27527,0,3,6530.15799678095
D056,NR095,S004,NR095_S004,AF,Madagascar,Sofia River,1,Afrotropic,AF01,AF1,48.7123945,-16.2149619,48.71214704,-16.21461926,48.7124,-16.215,2,0,175.12537,847.5,10.142,229684.4,20.485416,11.8125,67.887924,233.14682,29,11.549999,17.45,22.775002,18.35,22.841667,17.458332,1244.5,332,3.5,118.468414,844.5,23,839,34.5,0,140.44989,35.08152,0,32,0.209363,3.31868,0,3,6530.15799678095
D056,NR095,S005,NR095_S005,AF,Madagascar,Sofia River,1,Afrotropic,AF01,AF1,48.6608172,-16.3297825,48.66121695,-16.32979678,48.6612,-16.3298,2,0,127.580345,679,6.124,164536.2,21.6,11.625,67.587204,225.94582,29.9,12.7,17.2,23.85,19.466667,23.85,18.683334,1269,340,4,116.840004,851,27,851,38,1.1900175,120.5146,7.3236628,0,32,0.479739,3.2593,0,3,6530.15799678095
D056,NR095,S006,NR095_S006,AF,Madagascar,Sofia River,1,Afrotropic,AF01,AF1,48.643422,-16.1472665,48.643422,-16.14794465,48.6433,-16.148,0,0,281.88947,464.5,17.515,364154.38,23.795834,11.991667,69.02697,208.40665,32.3,14.9,17.400002,25.816666,21.766666,25.816666,21.033333,1252,356,2,126.36431,886,9,886,12,0.091642566,173.25497,108.47137,0,32,0.22429,10,0,4,6530.15799678095
D056,NR095,S007,NR095_S007,AF,Madagascar,Sofia River,1,Afrotropic,AF01,AF1,48.8170061,-16.1580928,48.8170061,-16.1580928,48.817,-16.1581,7,1,173.37622,462,1.547,235968.4,23.622917,11.579166,68.13725,212.2329,31.9,15,17,25.616667,21.608334,25.716667,20.85,1290,346,7,118.63955,878,27,875.5,30.5,21.985832,106.24447,41.961082,0.64138466,32,0.227938,10,0,4,6530.15799678095
D056,NR095,S008,NR095_S008,AF,Madagascar,Sofia River,1,Afrotropic,AF01,AF1,48.8006803,-16.1099424,48.80047091,-16.10880162,48.7995,-16.1099,7,1,300.85712,434,13.614,402781.25,23.820833,11.591666,68.13725,211.07768,32.2,15.2,17,25.9,21.8,25.9,21.05,1309,352,7,118.43279,892,28,892,29,25.83445,151.42754,120.59222,0.8246711,32,0.222391,10,0,4,6530.15799678095
D056,NR095,S009,NR095_S009,AF,Madagascar,Sofia River,1,Afrotropic,AF01,AF1,48.6660948,-16.0605835,48.6660948,-16.0605835,48.6661,-16.0606,15,2,173.66559,555,10.701,221222.4,23.183332,11.75,68.40077,212.14632,31.5,14.5,17.1,25.216667,21.15,25.216667,20.383333,1231,350,2,127.49481,869,7,869,10,5.133507,100.63381,67.729744,0,32,0.237799,13,0,4,6530.15799678095
D056,NR095,S010,NR095_S010,AF,Madagascar,Sofia River,1,Afrotropic,AF01,AF1,48.6022985,-16.0555016,48.60279479,-16.05465689,48.6029,-16.0547,20,2,1022.2181,386,11.972,1302260.8,24.270834,11.908333,68.786125,206.70576,32.7,15.3,17.300001,26.166666,22.233334,26.233334,21.516666,1260,360,2,127.26721,896,7,892,9,10.353011,551.5658,457.84802,0,32,0.225555,14,0,4,6530.15799678095
D056,NR095,S011,NR095_S011,AF,Madagascar,Sofia River,1,Afrotropic,AF01,AF1,48.7904369,-16.0495329,48.79115074,-16.05036571,48.7812,-16.0494,7,2,9.712516,477,0.546,12302.439,23.654167,11.525,68.253975,211.7831,31.9,15.1,16.9,25.7,21.65,25.7,20.866667,1264,349,5,122.219,878,16,878,19,0,3.4841332,6.143144,0,32,0.221611,8.33947,0,5,6530.15799678095
D022,NR096,S001,NR096_S001,EU,Switzerland,Thur River,2,Palearctic,PA04,EU2,9.151764521,47.4508569,9.151050683,47.45356949,9.14955,47.4499,6,8,88.31194,555.5,3.424,110773.734,8.8375,8.166667,31.666702,675.7322,23,-2.8,25.8,17.158333,1.8583333,17.158333,0.54999995,1112,135,58.5,28.115353,393.5,192.5,393.5,202,2.2593882,21.829296,56.237755,9.103502,23,0.875357,35,9,8,1130.39975176889
D022,NR096,S002,NR096_S002,EU,Switzerland,Thur River,2,Palearctic,PA04,EU2,9.14620231,47.45120906,9.145206336,47.45551249,9.14614,47.4529,4,4,593.3984,536,0.544,843764.44,8.95,8.308333,31.853283,682.3017,23.4,-2.7,26.1,17.366667,1.95,17.366667,0.6166666,1087,132,58,28.002962,384,189,384,200,19.376871,248.82248,306.3857,19.561985,23,0.814665,35,9,8,1130.39975176889
D022,NR096,S003,NR096_S003,EU,Switzerland,Thur River,2,Palearctic,PA04,EU2,9.117376257,47.42766797,9.11749523,47.42790592,9.11738,47.4277,4,4,1.1500688,609,0.653,1318.2229,8.589583,8.095833,31.686197,667.4119,22.650002,-2.9,25.55,16.825,1.7,16.825,0.45000002,1146,139.5,60,27.98026,406,201,406,210,0.064535566,0.32265735,0.64534545,0,23,0.804713,44,9,9,1130.39975176889
D022,NR096,S004,NR096_S004,EU,Switzerland,Thur River,2,Palearctic,PA04,EU2,9.121532354,47.42725147,9.121532354,47.42725147,9.12153,47.4272,6,6,4.3105936,676,0.291,5168.6543,8.304167,7.9624996,31.69281,657.3732,22.150002,-3,25.150002,16.425,1.5083332,16.425,0.31666666,1186.5,144.5,62,28.229767,420.5,207,420.5,215,0.19361693,1.8718892,2.3236213,0.38726106,23,0.804713,31,9,8,1130.39975176889
D022,NR096,S005,NR096_S005,EU,Switzerland,Thur River,2,Palearctic,PA04,EU2,9.17593987,47.43178399,9.176108812,47.43205253,9.17594,47.4318,3,3,76.79695,610,2.724,97248.47,8.587501,8.008333,31.477863,668.1601,22.6,-3,25.5,16.816666,1.6666666,16.816666,0.41666672,1152,142,60,28.877056,410,197,410,205,1.6787828,20.411602,47.331543,8.135553,23,0.75266,34,8,8,1130.39975176889
D022,NR096,S006,NR096_S006,EU,Switzerland,Thur River,2,Palearctic,PA04,EU2,9.166845538,47.41298581,9.166845538,47.41298581,9.16693,47.4136,4,4,5.1255484,711,0.275,6323.836,8.106251,7.7958336,31.421856,650.468,21.7,-3.1,24.800001,16.141666,1.3333334,16.141666,0.21666665,1224,150,63.5,28.753117,435,211,435,218.5,0.06456281,3.0347955,2.5179534,0.064556,23,0.653262,27.7575,9,8,1130.39975176889
D022,NR096,S007,NR096_S007,EU,Switzerland,Thur River,2,Palearctic,PA04,EU2,9.193779472,47.40361943,9.19449331,47.40379789,9.19349,47.403,3,4,2.6446114,752,0.653,3324.6162,7.945833,7.725,31.333334,646.0842,21.4,-3.2,24.6,15.933333,1.1999999,15.933333,0.116666675,1255,154,64,29.092718,446,213,446,219,0,0.06457303,2.7123427,0,23,0.607731,26.8525,8,8,1130.39975176889
D022,NR096,S008,NR096_S008,EU,Switzerland,Thur River,2,Palearctic,PA04,EU2,9.200871973,47.41429007,9.200515054,47.41452802,9.20123,47.4145,4,4,65.634995,631,1.388,83929.3,8.483334,7.9583335,31.368565,662.9491,22.4,-3,25.4,16.65,1.6,16.65,0.3833334,1176,145,60,29.30032,420,201,420,206,1.6787828,18.02262,39.584633,6.392474,23,0.79234,35.3395,8,8,1130.39975176889
D022,NR096,S009,NR096_S009,EU,Switzerland,Thur River,2,Palearctic,PA04,EU2,9.212731889,47.40240768,9.212103711,47.40366404,9.219595816,47.40303795,3,3,1.2612033,712.5,0.653,1551.0436,8.11875,7.7791667,31.30928,652.1643,21.7,-3.15,24.85,16.166666,1.3166666,16.166666,0.19166668,1229.5,151.5,63,29.343723,438,209.5,438,215,0,0.51661146,0.90402246,0,23,0.586394,28.3395,8,9,1130.39975176889
D022,NR096,S010,NR096_S010,EU,Switzerland,Thur River,2,Palearctic,PA04,EU2,9.268655794,47.41975544,9.269548092,47.41981493,9.26866,47.4198,5,4,9.54221,757,0.447,12015.301,7.9833336,7.8333335,31.586021,646.8467,21.6,-3.2,24.800001,16,1.25,16,0.2,1245,154,62,30.745134,447,206,447,211,0.19358626,1.8068731,7.4206448,0.1290541,23,0.766954,31,9,8,1130.39975176889
D022,NR096,S011,NR096_S011,EU,Switzerland,Thur River,2,Palearctic,PA04,EU2,9.257441427,47.39886566,9.258069605,47.39892277,9.25821,47.3993,5,4,16.990108,771.5,0.513,22442.053,7.8770833,7.8166666,31.518787,645.02423,21.45,-3.3,24.8,15.858334,1.1333333,15.858334,0.083333336,1280,158,64,30.488304,460,214,460,217,0.4521882,3.2304692,10.853511,2.0023563,23,0.646042,45,10,9,1130.39975176889
D022,NR096,S012,NR096_S012,EU,Switzerland,Thur River,2,Palearctic,PA04,EU2,9.231725233,47.35931532,9.231725233,47.35931532,9.23173,47.3593,6,5,2.1813622,899,0.653,3042.6152,7.0041666,7.675,31.979576,622.3464,20.099998,-3.9,24,14.716666,0.44166666,14.716666,-0.425,1409,172.5,75.5,28.246264,497,247.5,497,250.5,0,1.2280276,0.9047915,0,23,0.496457,12.4151,6,6,1130.39975176889
D022,NR096,S013,NR096_S013,EU,Switzerland,Thur River,2,Palearctic,PA04,EU2,9.273039498,47.38540888,9.274524282,47.38529467,9.27393,47.3849,2,3,13.101458,837,0.336,17398.852,7.5666666,7.7666664,31.70068,635.66046,20.9,-3.6,24.5,15.45,0.8833334,15.45,-0.083333336,1319,162,67,29.98569,471,224,471,226,0.45225966,2.972215,8.787017,0.96896297,23,0.763374,43,9,8,1130.39975176889
D022,NR096,S014,NR096_S014,EU,Switzerland,Thur River,2,Palearctic,PA04,EU2,9.283669975,47.37010263,9.282070977,47.37432855,9.28296,47.3699,7,10,2.4132676,852,0.653,3225.1448,7.46875,7.7791667,31.751701,635.10803,20.849998,-3.65,24.5,15.333333,0.79999995,15.333333,-0.18333334,1332.5,164,68,30.039385,476,226,476,228,0.06460026,0.38765603,1.744292,0.38761175,23,0.6901,43,9,8,1130.39975176889
D022,NR096,S015,NR096_S015,EU,Switzerland,Thur River,2,Palearctic,PA04,EU2,9.26365505,47.35953465,9.26131366,47.36130497,9.261984377,47.36045178,5,5,1.913696,910.5,0.653,2615.5244,7.20625,7.7166667,31.887053,628.2312,20.45,-3.8,24.25,15,0.5833334,15,-0.325,1374,169,71.5,29.237968,488.5,236.5,488.5,239.5,0,0.32315105,1.8094846,0.06463089,23,0.562565,25.8525,8,7,1130.39975176889
D022,NR096,S016,NR096_S016,EU,Switzerland,Thur River,2,Palearctic,PA04,EU2,9.083250466,47.39347868,9.081251719,47.39287192,9.08357,47.3922,5,6,443.95584,630.5,13.601,666890.6,8.454166,8.033334,31.803385,661.44586,22.4,-2.9,25.3,16.583332,1.6,16.583332,0.36666667,1202,146,63,27.950008,425,209,425,219,7.766511,214.61389,214.95853,5.6275086,32,0.59762,26,7,7,1130.39975176889
D022,NR096,S017,NR096_S017,EU,Switzerland,Thur River,2,Palearctic,PA04,EU2,9.12179126,47.37399532,9.12179126,47.37429989,9.122078973,47.37465692,6,5,110.995224,692,3.863,156722.8,8.164583,7.866667,31.676735,650.15454,21.8,-3.05,24.85,16.175,1.3916667,16.175,0.25,1244,153,65,28.649586,443.5,215.5,443.5,223,1.1637809,61.118816,49.598988,0.969402,32,0.493766,19.3187,5,6,1130.39975176889
D022,NR096,S018,NR096_S018,EU,Switzerland,Thur River,2,Palearctic,PA04,EU2,9.17771209,47.36074609,9.177750161,47.36120295,9.178043125,47.36136625,5,4,6.7644844,879,0.499,9186.709,7.3625,7.5666666,31.54762,626.2919,20.5,-3.5,24,15.133333,0.7833333,15.133333,-0.13333337,1362,166,71,28.683493,482,236,482,241,0,4.8472238,1.7444794,0.51686335,23,0.491369,21.2541,6,7,1130.39975176889
D022,NR096,S019,NR096_S019,EU,Switzerland,Thur River,2,Palearctic,PA04,EU2,9.176073026,47.35995532,9.177043846,47.36014568,9.176355535,47.36128491,4,4,6.7644844,879,0.499,9186.709,7.3625,7.5666666,31.54762,626.2919,20.5,-3.5,24,15.133333,0.7833333,15.133333,-0.13333337,1362,166,71,28.683493,482,236,482,241,0,4.8472238,1.7444794,0.51686335,23,0.491369,21.2541,6,7,1130.39975176889
D022,NR096,S020,NR096_S020,EU,Switzerland,Thur River,2,Palearctic,PA04,EU2,9.128803735,47.35653445,9.128803735,47.35653445,9.12961,47.3565,5,4,87.22618,759,3.62,125587.07,7.883333,7.8166666,31.768707,642.6979,21.3,-3.3,24.599998,15.8,1.1666666,15.8,0.06666664,1304,160,68,28.67271,464,226,464,232,0.90535957,45.157627,41.71663,0.3232939,32,0.500784,19.3187,5,6,1130.39975176889
D022,NR096,S021,NR096_S021,EU,Switzerland,Thur River,2,Palearctic,PA04,EU2,9.153373004,47.32600943,9.152801933,47.3270156,9.15287,47.3272,4,4,71.52643,820,0.415,104470.375,7.65625,7.8416667,31.893631,638.96497,21,-3.6,24.6,15.516666,0.9666667,15.516666,-0.09166666,1334,163,69.5,28.971672,474,231,474,236,0.45281065,34.811935,35.251556,0.1940015,32,0.503625,11.3187,5,6,1130.39975176889
D022,NR096,S022,NR096_S022,EU,Switzerland,Thur River,2,Palearctic,PA04,EU2,9.153388656,47.32575549,9.152817585,47.32676166,9.15289,47.3269,5,4,71.52643,820,0.415,104470.375,7.65625,7.8416667,31.893631,638.96497,21,-3.6,24.6,15.516666,0.9666667,15.516666,-0.09166666,1334,163,69.5,28.971672,474,231,474,236,0.45281065,34.811935,35.251556,0.1940015,32,0.503625,11.3187,5,6,1130.39975176889
D022,NR096,S023,NR096_S023,EU,Switzerland,Thur River,2,Palearctic,PA04,EU2,9.17307552,47.31752259,9.173729872,47.3183554,9.1739865,47.31857614,4,3,51.565617,827,0.916,76494.91,7.5479164,7.8583336,31.933243,637.9271,20.9,-3.7,24.6,15.408333,0.83333325,15.408333,-0.17500001,1346,165,70,29.089046,478,232.5,478,236.5,0.19412386,27.245125,24.70921,0.1940015,32,0.50656,10.2799,4,6,1130.39975176889
D022,NR096,S024,NR096_S024,EU,Switzerland,Thur River,2,Palearctic,PA04,EU2,9.181629705,47.31452372,9.181808165,47.31380988,9.181972642,47.31394797,5,5,49.860043,864.5,0.65,74387.06,7.3729167,7.820833,31.924603,634.3771,20.650002,-3.8,24.5,15.183333,0.6583333,15.183333,-0.28333333,1366.5,168,71.5,29.044882,485.5,236.5,485.5,240.5,0.25882277,27.116554,22.316505,0.1293264,32,0.50656,10.2683,4,6,1130.39975176889
D022,NR096,S025,NR096_S025,EU,Switzerland,Thur River,2,Palearctic,PA04,EU2,9.22793462,47.32949441,9.22793462,47.32949441,9.228072768,47.32864339,5,5,5.609681,962,0.65,7975.287,6.991667,7.7166667,32.078102,624.39,20.1,-4,24.1,14.716667,0.38333336,14.716667,-0.48333332,1412,172,76,28.2942,498,247,498,251,0,1.6810358,4.202484,0,32,0.490873,11.4367,5,6,1130.39975176889
D022,NR096,S026,NR096_S026,EU,Switzerland,Thur River,2,Palearctic,PA04,EU2,9.188814111,47.29883261,9.189527949,47.29883261,9.18881,47.2988,6,6,12.252527,988.5,0.334,18516.547,6.8375,7.6625004,31.976555,621.704,19.95,-4.1,24.05,14.533333,0.24166664,14.533333,-0.5833334,1441,175.5,78.5,28.015411,507,254,507,258,0,8.152806,4.0757213,0,32,0.460748,7.31868,2,5,1130.39975176889
D022,NR096,S027,NR096_S027,EU,Switzerland,Thur River,2,Palearctic,PA04,EU2,9.185647675,47.29934666,9.186183054,47.30029844,9.1862,47.2996,6,4,32.91684,944,0.518,50656.51,7.025,7.733333,31.955923,624.8944,20.1,-4,24.1,14.75,0.4,14.75,-0.45000002,1427,175,76,28.391668,503,250,503,253,0.12945898,23.2353,9.188638,0,32,0.460748,7.31868,2,5,1130.39975176889
D022,NR096,S028,NR096_S028,EU,Switzerland,Thur River,2,Palearctic,PA04,EU2,9.223974025,47.30241883,9.223838056,47.30204491,9.223851027,47.30311384,5,5,2.7015707,1066.5,0.118,4017.699,6.520833,7.6541667,32.072952,616.47815,19.5,-4.3,23.85,14.166666,-0.008333337,14.166666,-0.76666665,1490.5,180.5,83,27.171623,520,267,520,270.5,0,1.0997249,1.6172141,0,32,0.445425,9.75751,4,5,1130.39975176889
D022,NR096,S029,NR096_S029,EU,Switzerland,Thur River,2,Palearctic,PA04,EU2,9.19183154,47.28513138,9.191865532,47.28544581,9.192134571,47.28538554,5,5,14.396574,1061,0.653,22859.385,6.554167,7.5666666,31.990356,614.4897,19.5,-4.3,23.7,14.183333,0.03333332,14.183333,-0.73333335,1489,180,83,27.144356,521,266,521,271,0.12945898,11.263756,3.55985,0,32,0.430194,6.52698,1,5,1130.39975176889
D022,NR096,S030,NR096_S030,EU,Switzerland,Thur River,2,Palearctic,PA04,EU2,9.203483701,47.47476937,9.203483701,47.47476937,9.203930757,47.47542091,6,8,713.6518,541.5,29.156,990615.94,8.908333,8.316667,31.891005,678.44824,23.25,-2.8,26.05,17.283333,1.9250001,17.283333,0.6,1084,132,57,28.060196,382,187,382,196,22.930271,274.08105,387.9978,29.826977,23,0.700257,23,7,7,1130.39975176889
D022,NR096,S031,NR096_S031,EU,Switzerland,Thur River,2,Palearctic,PA04,EU2,9.203701058,47.46550712,9.20373675,47.46625665,9.20399,47.4663,5,5,17.085556,592,0.734,19591.664,8.670834,8.224999,31.879845,670.0287,22.8,-3,25.8,16.916666,1.7499999,16.916666,0.48333332,1124,138,58,28.654089,399,193,399,200,0.06452875,1.2903808,14.840683,0.9032663,23,0.749767,19,7,7,1130.39975176889
D022,NR096,S032,NR096_S032,EU,Switzerland,Thur River,2,Palearctic,PA04,EU2,9.195224212,47.47034569,9.194974369,47.47130937,9.19522,47.4703,5,8,693.41473,531,29.156,967582.44,8.966666,8.325,31.875792,680.4288,23.3,-2.8,26.099998,17.333334,1.9666667,17.333334,0.6166667,1082,132,57,27.970118,381,187,381,196,22.736765,272.66174,370.19073,28.665735,23,0.749767,23,7,7,1130.39975176889
D022,NR096,S033,NR096_S033,EU,Switzerland,Thur River,2,Palearctic,PA04,EU2,9.154152759,47.45549321,9.153914813,47.45549321,9.15433,47.4537,5,8,682.3258,528,3.424,955513.5,8.964583,8.3,31.813845,682.3144,23.4,-2.7,26.1,17.375,1.9666667,17.375,0.6166667,1089,132.5,58,28.024773,384.5,189,384.5,200,22.156223,270.14587,362.90192,28.085148,23,0.730306,35,9,8,1130.39975176889
D022,NR096,S034,NR096_S034,EU,Switzerland,Thur River,2,Palearctic,PA04,EU2,9.124180246,47.45833949,9.124465781,47.45905333,9.12518,47.4594,6,7,577.40936,536,0.544,825547.9,8.95,8.341666,31.933844,681.1371,23.3,-2.8,26.099998,17.35,1.9499999,17.35,0.5833334,1076,131,57,27.819149,380,187,380,197,18.283676,243.73183,300.85645,15.561813,23,0.788401,31,9,8,1130.39975176889
D022,NR096,S035,NR096_S035,EU,Switzerland,Thur River,2,Palearctic,PA04,EU2,9.103921032,47.46456243,9.105277325,47.46484797,9.1062,47.4646,5,6,2.0080562,575,0.286,2190.6484,8.733334,8.266666,31.917633,675.3798,23,-2.9,25.9,17.066668,1.8000001,17.066668,0.46666667,1091,132,57,27.974588,385,189,385,199,0,0.2578969,1.2896514,0.38690668,23,0.811963,35,9,8,1130.39975176889
D022,NR096,S036,NR096_S036,EU,Switzerland,Thur River,2,Palearctic,PA04,EU2,9.096636531,47.46089667,9.096743607,47.46036129,9.09622,47.462,5,6,546.2237,534,23.327,790269.7,8.918751,8.295834,31.858952,680.65607,23.3,-2.8,26.099998,17.291666,1.925,17.291666,0.5583333,1088.5,131,58,27.40543,382,191,382,201.5,15.832951,241.73245,275.38947,13.627195,23,0.741309,35,9,8,1130.39975176889
D022,NR096,S037,NR096_S037,EU,Switzerland,Thur River,2,Palearctic,PA04,EU2,9.041181199,47.45182413,9.041181199,47.45182413,9.04118,47.4518,7,7,3.5353498,589,0.653,3954.3794,8.65,8.166667,31.653748,672.5866,22.8,-2.9,25.8,16.933332,1.7333332,16.933332,0.41666666,1121,135,60,27.443851,394,197,394,208,0.64497745,0.5804896,0.70956415,1.4189135,23,0.839445,45,10,9,1130.39975176889
D022,NR096,S038,NR096_S038,EU,Switzerland,Thur River,2,Palearctic,PA04,EU2,9.035065629,47.44691068,9.034446969,47.44698206,9.03453,47.4471,5,6,14.022437,648.5,0.458,16879.178,8.354167,8.0625,31.755953,663.26306,22.349998,-3.1,25.45,16.541666,1.5,16.541666,0.27500004,1168.5,141,62,27.53637,412,204.5,412,215.5,0.32266417,5.3562946,8.196638,0.19363053,23,0.799086,41,10,9,1130.39975176889
D022,NR096,S039,NR096_S039,EU,Switzerland,Thur River,2,Palearctic,PA04,EU2,9.037280453,47.42364158,9.037280453,47.42364158,9.03728,47.4236,3,4,4.3693705,737,0.653,5394.0273,7.9541664,8.104167,32.273094,650.4824,21.75,-3.4,25.099998,16.008333,1.2,16.008333,0.07499999,1236,148.5,66.5,27.148243,433,218.5,433,228.5,0.25823423,0.51639694,3.3569388,0.25824445,23,0.548203,29.6295,9,9,1130.39975176889
D022,NR096,S040,NR096_S040,EU,Switzerland,Thur River,2,Palearctic,PA04,EU2,9.076098798,47.40875829,9.076098798,47.40875829,9.0761,47.4088,5,6,485.45358,623,1.177,719660.6,8.4625,8.158334,32.058823,662.4347,22.4,-3,25.5,16.616667,1.6,16.616667,0.36666667,1186,144,62,27.635347,418,207,418,217,8.542228,226.56766,244.73892,6.3376446,32,0.761123,38,8,8,1130.39975176889
D022,NR096,S041,NR096_S041,EU,Switzerland,Thur River,2,Palearctic,PA04,EU2,9.040188413,47.37359153,9.038617969,47.37544751,9.039299243,47.3754412,6,4,22.833948,745,0.414,30535.533,7.891667,7.9,31.894243,644.3842,21.5,-3.3,24.8,15.85,1.1833333,15.85,0.100000024,1271,153,68,27.42994,447,225,447,235,0,9.694776,12.792566,0,32,0.506788,15.7282,7,6,1130.39975176889
D022,NR096,S042,NR096_S042,EU,Switzerland,Thur River,2,Palearctic,PA04,EU2,9.013367009,47.37075781,9.013367009,47.37075781,9.01463,47.3713,5,4,15.978955,815.5,0.414,21716.016,7.5791664,7.6416664,31.578089,632.3922,20.849998,-3.4,24.199999,15.391666,0.9666667,15.391666,-0.033333343,1325,159.5,71.5,27.17892,465,236,465,245,0,9.566351,6.074194,0,32,0.472391,11.6815,5,6,1130.39975176889
D022,NR096,S043,NR096_S043,EU,Switzerland,Thur River,2,Palearctic,PA04,EU2,9.203003214,47.27726272,9.203657566,47.27791707,9.203713838,47.27787107,5,4,12.882141,1123,0.653,20651.445,5.9958334,7.491667,32.01377,602.95703,18.7,-4.6,23.349998,13.5,-0.4416666,13.5,-1.0583333,1585.5,189,91.5,25.870152,545.5,289,545.5,294,0.12945898,10.551841,2.7833104,0,32,0.414243,5.52698,0,5,1130.39975176889
D022,NR096,S044,NR096_S044,EU,Switzerland,Thur River,2,Palearctic,PA04,EU2,9.001072098,47.35076733,9.001904909,47.35064836,9.00226,47.3511,6,7,6.1906977,988,0.414,8794.434,6.9166665,7.4333334,31.573277,611.3262,19.8,-3.7,23.5,14.533333,0.50000006,14.533333,-0.31666663,1433,171,81,25.940355,497,261,497,270,0,5.4302673,0.9696199,0,32,0.456501,8.4367,3,5,1130.39975176889
D022,NR096,S045,NR096_S045,EU,Switzerland,Thur River,2,Palearctic,PA04,EU2,9.000316529,47.3483819,9.000287975,47.34862461,9.00032,47.3484,5,5,4.6663055,966,0.414,6628.014,6.9416666,7.4,31.565659,612.7206,19.8,-3.7,23.5,14.583334,0.48333335,14.583334,-0.31666663,1420,170,80,25.66822,491,259,491,269,0,4.395918,0.77571356,0,32,0.456501,8.41508,3,5,1130.39975176889
D022,NR096,S046,NR096_S046,EU,Switzerland,Thur River,2,Palearctic,PA04,EU2,9.082816563,47.3751731,9.082846306,47.37460798,9.08282,47.3752,6,5,308.08786,663,13.601,478679.1,8.277083,8.020834,31.83495,655.4867,22.1,-3.05,25.2,16.35,1.4666667,16.35,0.2916667,1243,152.5,65.5,28.164536,441,218,441,226.5,6.086561,147.3566,148.69675,4.3997087,32,0.59233,15.6295,7,7,1130.39975176889
D022,NR096,S047,NR096_S047,EU,Switzerland,Thur River,2,Palearctic,PA04,EU2,9.070604159,47.37476789,9.071169281,47.37458943,9.07114,47.3753,4,4,3.8385715,722,0.653,4918.6465,8.045834,8.116667,32.224464,650.0995,21.8,-3.3,25.099998,16.066666,1.2833334,16.066666,0.15000002,1264,153,67,27.89024,447,222,447,232,0.38771725,0.71083426,2.5200841,0.06462068,32,0.59233,26,7,7,1130.39975176889
D022,NR096,S048,NR096_S048,EU,Switzerland,Thur River,2,Palearctic,PA04,EU2,9.084081675,47.34932412,9.084081675,47.34932412,9.08432,47.3493,5,5,296.30313,695,0.828,463749.9,8.19375,7.9083333,31.719898,651.54675,21.9,-3.1,25,16.216667,1.4166667,16.216667,0.27500004,1269,156,67,28.222147,451.5,223,451.5,231.5,5.4402685,147.16487,142.10495,3.882732,32,0.543929,25,6,7,1130.39975176889
D022,NR096,S049,NR096_S049,EU,Switzerland,Thur River,2,Palearctic,PA04,EU2,9.076175132,47.34574809,9.075591824,47.34627429,9.07617,47.3465,5,6,21.352814,741.5,0.828,29669.652,7.960417,7.883333,31.7308,644.1266,21.5,-3.25,24.75,15.908334,1.2416666,15.908334,0.15000002,1297,158.5,68.5,27.868416,461,228.5,461,237,0.12935701,13.450937,8.533989,0,32,0.577908,30,7,7,1130.39975176889
D022,NR096,S050,NR096_S050,EU,Switzerland,Thur River,2,Palearctic,PA04,EU2,9.081358455,47.33324728,9.081236083,47.33292095,9.08273,47.3327,5,5,271.54636,761,0.277,430007.84,8.0875,7.8416667,31.639004,646.57886,21.6,-3.1,24.7,16.05,1.35,16.05,0.2166667,1297,161,68,28.42827,464,229,464,236,5.311153,133.26106,130.85529,3.7534533,32,0.610298,26,7,7,1130.39975176889
D022,NR096,S051,NR096_S051,EU,Switzerland,Thur River,2,Palearctic,PA04,EU2,9.119122226,47.30645725,9.119122226,47.30645725,9.118786875,47.30716625,3,2,1.7407267,956.5,0.653,2467.2786,7.0895834,7.7666664,32.16018,623.1906,20.25,-3.9,24.15,14.833334,0.54999995,14.833334,-0.35,1424,172,77.5,27.527264,499.5,252.5,499.5,259,0.064678505,0.1293502,1.6171497,0,32,0.508691,13.3395,5,7,1130.39975176889
D022,NR096,S052,NR096_S052,EU,Switzerland,Thur River,2,Palearctic,PA04,EU2,9.09239235,47.28596901,9.091607128,47.28632593,9.09054,47.2869,4,4,16.511389,796,0.743,23820.896,7.7083335,7.766667,31.578947,640.5372,21.1,-3.5,24.6,15.6,0.9666667,15.6,-0.083333336,1370,169,73,28.028782,487,244,487,250,0,8.286244,8.997276,0.06474308,32,0.686177,37,8,7,1130.39975176889
D022,NR096,S053,NR096_S053,EU,Switzerland,Thur River,2,Palearctic,PA04,EU2,9.045056143,47.26454591,9.045154041,47.26445889,9.04506,47.2645,4,4,4.6776924,961,0.743,6812.3545,7.170833,7.6833334,31.927298,625.34155,20.3,-3.8,24.099998,14.916666,0.5833333,14.916666,-0.3166667,1440,176,79,27.136925,505,260,505,265,0,1.8120518,2.9773626,0,32,0.491157,21,5,7,1130.39975176889
D022,NR096,S054,NR096_S054,EU,Switzerland,Thur River,2,Palearctic,PA04,EU2,9.049759055,47.26228962,9.04885486,47.26209926,9.049343594,47.26384665,4,4,1.561878,914,0.653,2297.8042,6.8624997,7.6416664,32.107845,615.3939,19.8,-4,23.8,14.516666,0.36666662,14.516666,-0.43333337,1478,178,83,26.560165,515,267,515,275,0,1.359822,0.19423264,0,32,0.514423,16,4,7,1130.39975176889
D022,NR096,S055,NR096_S055,EU,Switzerland,Thur River,2,Palearctic,PA04,EU2,9.097571958,47.28820489,9.097928877,47.2894898,9.09695,47.288,5,4,225.10397,757,0.743,364449.84,7.9104166,7.8416667,31.563263,646.13416,21.4,-3.4,24.8,15.841667,1.1583333,15.841667,0.049999952,1335,165.5,70,28.177177,476,235.5,476,241,4.0157285,110.6769,109.17268,1.6187161,32,0.607397,30,7,7,1130.39975176889
D022,NR096,S056,NR096_S056,EU,Switzerland,Thur River,2,Palearctic,PA04,EU2,9.119806161,47.24534418,9.119687188,47.24474931,9.11981,47.2453,6,4,2.367,1080,0.653,3738.1238,6.239583,7.3458333,31.531982,604.81775,18.95,-4.35,23.3,13.791666,-0.18333337,13.791666,-0.825,1566.5,187,90,25.417904,538,286.5,538,292,0,1.7489939,0.5181688,0,52,0.519544,13.6295,5,6,1130.39975176889
D022,NR096,S057,NR096_S057,EU,Switzerland,Thur River,2,Palearctic,PA04,EU2,9.130144821,47.25504255,9.130144821,47.25504255,9.13045933,47.25476205,6,4,18.86467,980.5,0.4255,30044.379,6.9375,7.491667,31.32791,621.1013,19.95,-4,23.95,14.641666,0.35,14.641666,-0.4583333,1458,177.5,79.5,27.562143,512.5,259.5,512.5,265,0.06475327,14.319508,3.8218384,0,32,0.738887,23,5,6,1130.39975176889
D022,NR096,S058,NR096_S058,EU,Switzerland,Thur River,2,Palearctic,PA04,EU2,9.140735668,47.21899519,9.13940317,47.21942349,9.14074,47.219,4,4,7.903861,1291,0.709,13255.392,5.575,7.1833334,31.142258,593.6698,18,-4.8,22.8,13.008333,-0.76666665,13.008333,-1.2666667,1665.5,195,99.5,24.092909,562,308,562,315.5,0,6.804781,1.0369759,0,52,0.314361,8.41508,1,6,1130.39975176889
D022,NR096,S059,NR096_S059,EU,Switzerland,Thur River,2,Palearctic,PA04,EU2,9.137955981,47.21672386,9.1385603,47.2164001,9.13787,47.2165,2,3,7.798888,1300,0.709,13104.862,5.5333333,7.15,31.14815,591.8858,17.9,-4.8,22.7,12.95,-0.78333336,12.95,-1.2666667,1678,196,100,24.018703,564,310,564,318,0,6.416146,0.77774554,0,52,0.314361,8.41508,1,6,1130.39975176889
D022,NR096,S060,NR096_S060,EU,Switzerland,Thur River,2,Palearctic,PA04,EU2,9.134547267,47.25733932,9.134632248,47.25805316,9.13455,47.258,3,3,181.77032,781,7.889,300527.66,7.695833,7.766667,31.443995,639.9945,21,-3.5,24.5,15.566667,0.9333333,15.566667,-0.066666685,1370,169,72,28.385769,488,240,488,244,4.27593,83.21887,95.13082,0.45348686,32,0.556234,23,5,6,1130.39975176889
D022,NR096,S061,NR096_S061,EU,Switzerland,Thur River,2,Palearctic,PA04,EU2,9.188604023,47.23394697,9.186289147,47.23462342,9.1886,47.2339,5,4,159.26692,868.5,0.77699995,267625.12,7.395833,7.833333,31.747639,635.397,20.7,-3.9,24.6,15.216666,0.65,15.216666,-0.26666674,1395,173,74,28.553507,496,245,496,248,3.6282134,75.38367,79.58917,0.45348686,32,0.491812,25,4,5,1130.39975176889
D022,NR096,S062,NR096_S062,EU,Switzerland,Thur River,2,Palearctic,PA04,EU2,9.185861176,47.23320769,9.185551846,47.23304113,9.18539,47.2335,4,5,158.39249,881,1.313,266404.97,7.383333,7.825,31.747639,634.0005,20.6,-3.9,24.6,15.183333,0.6499999,15.183333,-0.28333342,1399,173,74,28.553507,496,245,496,248,3.9521558,74.99483,78.74717,0.45348686,32,0.539029,26,5,5,1130.39975176889
D022,NR096,S063,NR096_S063,EU,Switzerland,Thur River,2,Palearctic,PA04,EU2,9.23579425,47.24449958,9.236365321,47.24449958,9.23579,47.2445,2,2,21.08514,1157,1.313,35302.906,6.0916667,7.5458336,31.824482,612.39136,18.95,-4.8,23.7,13.691667,-0.47500002,13.691667,-1.1333333,1550,188.5,88.5,26.901356,540,279,540,282.5,0.06478044,13.341948,7.6429443,0,32,0.402372,13,0,5,1130.39975176889
D022,NR096,S064,NR096_S064,EU,Switzerland,Thur River,2,Palearctic,PA04,EU2,9.198047969,47.22375256,9.197119979,47.22318149,9.19888,47.2236,4,3,120.67204,940,5.116,205232.45,7.0645833,7.7541666,31.861801,627.88574,20.2,-4.05,24.3,14.783333,0.41666672,14.783333,-0.44999996,1428,176,76,28.710451,506,249,506,253.5,3.5634258,54.719982,62.164978,0.06478723,32,0.580538,18,4,5,1130.39975176889
D022,NR096,S065,NR096_S065,EU,Switzerland,Thur River,2,Palearctic,PA04,EU2,9.188538412,47.19527401,9.188538412,47.19476413,9.18854,47.1953,4,3,11.489787,1200,0.183,19451.762,5.8791666,7.3166666,31.46976,602.43616,18.5,-4.7,23.2,13.4,-0.5666666,13.4,-1.1166666,1592,191,91,26.10651,550,286,550,293,0.12970681,8.234274,3.3066094,0,32,0.295032,9.8525,3,5,1130.39975176889
D022,NR096,S066,NR096_S066,EU,Switzerland,Thur River,2,Palearctic,PA04,EU2,9.190483704,47.19377431,9.190436115,47.19520199,9.19205,47.1955,6,4,14.874453,1269,0.523,25114.23,5.6458335,7.275,31.571218,595.9612,18.1,-4.8,23,13.083333,-0.75000006,13.083333,-1.25,1634,194,97,25.144724,559,301,559,307,0,10.956848,3.9546688,0,32,0.295032,9.8525,3,5,1130.39975176889
D022,NR096,S067,NR096_S067,EU,Switzerland,Thur River,2,Palearctic,PA04,EU2,9.253089716,47.18639524,9.252946948,47.18775153,9.2512,47.1864,4,4,65.13484,1196.5,2.278,113175.04,5.864583,7.6,31.916,605.86365,18.65,-4.9,23.55,13.391666,-0.775,13.391666,-1.2583334,1563.5,189.5,91,26.291557,542.5,284.5,542.5,289,3.3036458,21.198986,41.550194,0,32,0.434869,10,1,4,1130.39975176889
D022,NR096,S068,NR096_S068,EU,Switzerland,Thur River,2,Palearctic,PA04,EU2,9.255611171,47.1868053,9.255611171,47.1868053,9.25561,47.1868,6,4,64.87225,1162,2.278,112800.23,5.9541664,7.6,31.932774,609.79675,18.8,-4.9,23.699999,13.516666,-0.7666667,13.516666,-1.2333333,1557,189,89,26.311054,540,284,540,285,3.88763,19.903784,42.264385,0,32,0.434869,15,2,4,1130.39975176889
D022,NR096,S069,NR096_S069,EU,Switzerland,Thur River,2,Palearctic,PA04,EU2,9.303090712,47.19691067,9.304161469,47.1963158,9.30193,47.1972,5,5,45.303547,1150,0.451,79082.78,5.9166665,7.75,32.157677,616.36707,18.9,-5.2,24.099998,13.566667,-0.73333335,13.566667,-1.4166666,1523,187,87,27.030529,533,276,533,279,3.4984245,11.928283,30.85205,0,32,0.487806,17.7118,5,4,1130.39975176889
D022,NR096,S070,NR096_S070,EU,Switzerland,Thur River,2,Palearctic,PA04,EU2,9.303150616,47.1952219,9.303210103,47.1961142,9.30395,47.1953,5,5,45.315216,1140,0.451,79099.125,5.9416666,7.75,32.174965,617.0089,18.95,-5.2,24.15,13.583333,-0.73333335,13.583333,-1.3916667,1522,186.5,87,27.050468,532.5,275.5,532.5,279,3.109179,11.668617,30.462873,0,32,0.487806,17.7118,5,4,1130.39975176889
D022,NR096,S071,NR096_S071,EU,Switzerland,Thur River,2,Palearctic,PA04,EU2,9.118184038,47.40802368,9.118362498,47.40725036,9.11812,47.407,4,3,2.167611,730,0.653,2696.1108,8,7.8333335,31.7139,646.849,21.6,-3.1,24.7,16,1.2833333,16,0.18333332,1231,150,65,28.1856,436,215,436,223,0.12912902,1.0976665,0.9685409,0,32,0.570689,13.4367,5,7,1130.39975176889
D022,NR096,S072,NR096_S072,EU,Switzerland,Thur River,2,Palearctic,PA04,EU2,9.040891185,47.31539665,9.050599386,47.31710986,9.045629886,47.31711321,5,3,1.2689972,968,0.653,1850.9966,7.0041666,7.5583334,31.938484,615.3065,20,-3.7,23.7,14.683333,0.55,14.683333,-0.28333333,1437,174,80,26.385796,501,260,501,267,0,0.3880234,0.97011286,0,32,0.485399,12.6295,5,6,1130.39975176889
D022,NR096,S073,NR096_S073,EU,Switzerland,Thur River,2,Palearctic,PA04,EU2,9.292968172,47.25291175,9.297322586,47.24862872,9.297110262,47.24790313,6,5,1.9467666,1326,0.653,3411.0566,5.195833,7.383333,31.944445,597.78174,17.8,-5.4,23.1,12.65,-1.2166667,12.65,-1.7,1674,200,101,25.24956,572,310,572,316,0.38860112,1.1657557,0.4533476,0,32,0.410094,13.0869,0,5,1130.39975176889
D058,NR097,S001,NR097_S001,EU,Spain,Sella River,2,Palearctic,PA04,EU2,-5.17204,43.125,-5.17204,43.125,-5.172111384,43.12553538,0,0,10.329855,1454,0.252,10836.762,7.4666667,7.8583336,33.94661,555.5867,21,-2.2,23.1,2.1333334,14.683333,14.683333,1.1999999,1039,118,47,27.994915,337,164,164,318,0,10.934069,0,0,53,0.157358,3.41508,0,2,4894.81774449964
D058,NR097,S002,NR097_S002,EU,Spain,Sella River,2,Palearctic,PA04,EU2,-5.1799,43.1425,-5.179519286,43.1429283,-5.179650157,43.14285692,1,1,17.616997,1262,0.252,17985.385,8.379167,7.9166665,34.66811,542.1317,21.4,-1.4,22.6,3.0500002,15.4,15.4,2.1333334,963,107,45,26.968565,305,157,157,289,0,17.268618,0,0,53,0.149883,3.31868,0,2,4894.81774449964
D058,NR097,S003,NR097_S003,EU,Spain,Sella River,2,Palearctic,PA04,EU2,-5.04315,43.1333,-5.04315,43.1333,-5.04315,43.1333,0,0,22.612186,982,0.35,21104.621,9.608334,8.375,36.659355,527.22473,22.4,-0.4,22.8,4.375,16.3,16.333334,3.5333333,839.5,93.5,40,26.679531,266.5,137.5,137.5,252,0,23.327486,0,0,53,0.298439,5.72822,1,2,4894.81774449964
D060,NR098,S001,NR098_S001,EU,Switzerland,Ticino River,2,Palearctic,PA05,EU2,6.9648,46.4539,6.964859487,46.45467332,6.964752411,46.45461384,0,8,4.258253,1542,0.416,6376.3423,4.5625,7.3583336,31.58083,597.4877,17.6,-5.7,23.3,-2.15,11.066667,12.016666,-2.15,1491,155,103,12.553479,435,332,360,435,0.1971454,3.416868,0.5913323,0,32,0.443443,23.2826,5,8,1971.90846085547
D060,NR098,S002,NR098_S002,EU,Switzerland,Ticino River,2,Palearctic,PA05,EU2,6.917374,46.433864,6.917374,46.433864,6.917945071,46.43310257,0,5,14.286257,1019,0.416,20160.885,7.0208335,8.725,34.070515,630.9241,21.1,-4.4,25.7,14.85,3.8333333,14.85,-0.2333333,1359,137,89,12.197575,379,292,379,344,0.52587193,12.22504,1.7087543,0.13149731,32,0.72773,46.5858,9,9,1971.90846085547
D060,NR098,S003,NR098_S003,EU,Switzerland,Ticino River,2,Palearctic,PA05,EU2,6.93515,46.44371,6.93515,46.44371,6.93515,46.44371,0,8,11.842508,1150,0.416,16959.559,6.3479166,8.5375,33.871338,621.27795,20.25,-4.8500004,25.15,14.125,4.266667,14.125,-0.79999995,1394,139,94.5,11.384559,385.5,304.5,376,365,0.1971454,10.449877,1.2486043,0,32,0.561822,33.0474,8,9,1971.90846085547
D060,NR098,S004,NR098_S004,EU,Switzerland,Ticino River,2,Palearctic,PA05,EU2,6.973655,46.357035,6.973655,46.357035,6.973655,46.357035,0,9,3.7387784,1715.5,0.416,5659.2217,4.102083,6.8875,30.543428,578.7324,16.75,-5.8,22.55,-1.3166666,11.15,11.450001,-2.1999998,1541.5,163,101,15.413456,461,318.5,329,460.5,0.26333293,1.7116523,1.6457129,0,51,0.436053,16.4381,7,5,1971.90846085547
D060,NR098,S005,NR098_S005,EU,Switzerland,Ticino River,2,Palearctic,PA05,EU2,6.96245,46.337438,6.96245,46.337438,6.96245,46.337438,1,1,10.252354,1143,0.344,14340.838,7.039583,9.004167,35.104065,618.90857,21.2,-4.4,25.55,0.7416667,5.925,14.875,-0.124999955,1333.5,131,90.5,12.104007,365,289,351,362,0.59256524,7.572263,1.9749687,0,51,0.520581,32.25,8,7,1971.90846085547
D060,NR098,S006,NR098_S006,EU,Switzerland,Ticino River,2,Palearctic,PA05,EU2,6.96584,46.3439,6.96584,46.3439,6.965592536,46.34386193,0,5,7.739071,1400,0.416,11086.293,5.675,8.033334,33.54146,599.51086,19,-4.9,23.95,-1.0083333,9.066667,13.216667,-1.0416667,1402.5,146,97,13.648039,409,307.5,337,409,0.4608636,5.3989534,1.7774011,0,51,0.481554,28.839,8,6,1971.90846085547
D060,NR098,S007,NR098_S007,EU,Switzerland,Ticino River,2,Palearctic,PA05,EU2,7.1012,46.2301,7.101172806,46.22947454,7.101164308,46.2305283,0,4,8.816517,2142,0.389,9013.002,1.7875,6.1916666,27.970678,574.5253,14.1,-7.8,22,-2.9833333,9.233334,9.233334,-4.4333334,1750,179,112,15.518882,520,344,344,475,0.33001795,2.7721462,3.168391,0,42,0.327703,15.6941,0,6,1971.90846085547
D060,NR098,S008,NR098_S008,EU,Switzerland,Ticino River,2,Palearctic,PA05,EU2,7.075207,46.25582,7.075456843,46.2562483,7.075435428,46.25627686,1,6,37.338814,1442,1.068,44431.98,4.725,7.6833334,32.08043,606.75494,18.05,-6.1,23.95,-2.1583333,9.483334,12.299999,-2.3249998,1339.5,145.5,88,15.508928,412,286,313,412,1.3193338,19.92418,8.7083,0,12,0.346812,11.5962,4,5,1971.90846085547
D060,NR098,S009,NR098_S009,EU,Switzerland,Ticino River,2,Palearctic,PA05,EU2,7.09555556,46.25527778,7.096198014,46.25534916,7.095441346,46.25619149,0,6,30.955723,1643,0.387,35560.453,3.9166667,7.275,31.089743,601.5523,16.9,-6.5,23.599998,-2.75,10.75,11.366667,-2.8,1407,150,91,15.43848,426,290,313,426,1.3853501,13.590923,8.378404,0,51,0.346542,9.11721,2,5,1971.90846085547
D060,NR098,S010,NR098_S010,EU,Switzerland,Ticino River,2,Palearctic,PA05,EU2,7.16446,46.28833,7.164388616,46.28882969,7.164364822,46.28714027,0,9,3.031733,2223,0.416,4244.197,1.9791667,6.4083333,28.608631,588.4512,14.6,-7.8,22.400002,-3.05,9.483334,9.483334,-4.4333334,1608,164,103,14.852738,474,323,323,433,0.98881423,0,0.92288476,0,51,0.367437,13.5479,0,5,1971.90846085547
D060,NR098,S011,NR098_S011,EU,Switzerland,Ticino River,2,Palearctic,PA05,EU2,7.06963,46.27048,7.069558616,46.27108676,7.069515786,46.2712795,1,6,26.83231,1339,0.636,36930.68,5.6916666,8.25,33.67209,606.9351,19.3,-5.1,24.4,-1.1666667,5.366667,13.316667,-1.1666667,1305,135,88,13.648776,380,283,319,380,3.4938276,14.373283,7.910861,0,12,0.450549,23.3629,7,6,1971.90846085547
D060,NR098,S012,NR098_S012,EU,Switzerland,Ticino River,2,Palearctic,PA05,EU2,7.091477,46.278802,7.091341031,46.27959062,7.091248572,46.27971571,0,4,22.322094,1509,0.636,31146.426,4.8166666,7.65,32.415257,596.16003,18,-5.9,23.6,-1.85,11.583333,12.366667,-2.0833333,1365,144,90,14.809542,408,291,315,408,2.83448,10.483033,7.713036,0,51,0.476362,13.1227,5,6,1971.90846085547
D060,NR098,S013,NR098_S013,EU,Switzerland,Ticino River,2,Palearctic,PA05,EU2,7.1571,46.348,7.157214214,46.34891371,7.157159487,46.34865435,2,8,32.003174,1506,0.315,31083.672,4.1833334,7.866667,32.274574,615.15704,17.650002,-6.6,24.350002,-2.8249998,10.766666,11.791667,-2.85,1321.5,140,85.5,15.224898,396,283,315,396,0.39528215,17.981617,6.1912875,0.13170162,32,0.513791,11.2856,7,4,1971.90846085547
D060,NR098,S014,NR098_S014,EU,Switzerland,Ticino River,2,Palearctic,PA05,EU2,7.0643,46.3132,7.062110896,46.30882179,7.063705135,46.31046362,0,5,1.8384569,1744,0.416,2726.1758,4.3083334,7.1666665,31.571218,576.4619,17,-5.7,22.7,-1.4166666,11.633333,11.633333,-1.9833333,1491,159,98,15.123958,450,311,316,450,0,1.8451242,0.065889284,0,12,0.531645,34.1326,8,6,1971.90846085547
D060,NR098,S015,NR098_S015,EU,Switzerland,Ticino River,2,Palearctic,PA05,EU2,7.175928,46.346364,7.175928,46.34710639,7.175868513,46.34713732,0,10,8.772528,1781,0.424,9060.441,2.9541667,7.008333,30.230879,594.9196,15.9,-7.3,23.2,-3.2,10.366667,10.4,-3.6333332,1447,151,93,15.379564,428,297,307,420,0,5.0709095,1.9094743,0,32,0.445412,8.44625,4,4,1971.90846085547
D060,NR098,S016,NR098_S016,EU,Switzerland,Ticino River,2,Palearctic,PA05,EU2,7.027569,46.279328,7.027569,46.279328,7.027569,46.279328,2,9,32.5177,1089,1.048,44272.316,7.2208333,9.258333,35.56166,625.1162,21.5,-4.4,25.9,15.083333,5.8666663,15.083333,-0.049999993,1268,126,84,12.39403,347,268,334,343,0.9227412,22.606525,8.961664,0.46139556,12,0.513778,16.6968,7,6,1971.90846085547
D060,NR098,S017,NR098_S017,EU,Switzerland,Ticino River,2,Palearctic,PA05,EU2,7.19982,46.34879,7.200505285,46.34879,7.19982,46.34974178,0,9,3.0708046,2628,0.416,1579.4773,-1.4041667,5.241667,25.569105,557.41473,10.2,-10.3,20.5,-5.5833335,5.9166665,5.9166665,-7.4833336,1429,148,95,14.460924,420,295,295,415,0,1.0537167,0.13172504,0,32,0.260792,7.30418,3,4,1971.90846085547
D060,NR098,S018,NR098_S018,EU,Switzerland,Ticino River,2,Palearctic,PA05,EU2,7.04032,46.2929,7.04032,46.2929,7.04032,46.2929,0,8,5.741376,1492,0.416,8079.2783,5.2625,7.858333,33.157524,593.43427,18.4,-5.3,23.7,-1.2833333,11.099999,12.716666,-1.4166666,1384,146,93,14.534055,412,300,324,412,0.7909057,4.8106737,0.39535245,0.13181871,12,0.502178,26.777,8,6,1971.90846085547
D060,NR099,S001,NR099_S001,EU,Switzerland,Ticino River,2,Palearctic,PA05,EU2,7.15253,46.52229,7.157155672,46.51623665,7.156170575,46.5178642,0,NA,1.7251465,2018,0.539,2686.196,2.8666668,6.708333,29.596886,588.2185,15.549999,-7.1000004,22.65,-2.8916667,10.325001,10.325001,-3.6,1559,160.5,100.5,14.050477,458,323,323,440,0,0.13130951,1.4442805,0,32,0.368914,4.68149,0,4,1254.81320224412
D060,NR099,S002,NR099_S002,EU,Switzerland,Ticino River,2,Palearctic,PA05,EU2,7.16482,46.464954,7.167032899,46.46631029,7.166647426,46.466553,0,NA,9.045332,1529,0.228,11883.375,4.75,7.85,32.84519,603.2355,18,-5.9,23.9,-2.1833334,9.95,12.25,-2.2,1345,144,87,15.0282345,403,293,322,403,0.0657386,7.75562,0.39437795,0,32,0.392406,21,5,4,1254.81320224412
D060,NR099,S003,NR099_S003,EU,Switzerland,Ticino River,2,Palearctic,PA05,EU2,7.1846,46.4944,7.1846,46.4944,7.1846,46.4944,1,NA,32.78487,1332,0.539,46228.54,5.0958333,8.425,33.801872,622.6901,18.9,-6.1,25,-2.1,4.116667,12.816667,-2.1666665,1327,136,89,12.610006,378,293,340,378,0.32815295,11.357748,22.252697,0,32,0.425035,25,5,4,1254.81320224412
D060,NR099,S004,NR099_S004,EU,Switzerland,Ticino River,2,Palearctic,PA05,EU2,7.175335,46.499708,7.175192232,46.50045753,7.176048838,46.50049322,1,5,22.314026,1434,0.539,32112.902,4.6125,8.099999,33.02969,616.848,18.3,-6.3,24.5,-2.4333332,10.716667,12.3,-2.4333334,1380,142,91,13.450579,398,307,336,398,0.32815295,5.185842,16.278261,0,42,0.405204,12,4,4,1254.81320224412
D060,NR099,S005,NR099_S005,EU,Switzerland,Ticino River,2,Palearctic,PA05,EU2,7.1697,46.461,7.170235379,46.46128554,7.170156857,46.46151396,0,4,8.134531,1733,0.228,10640.711,3.889583,7.2458334,31.236431,590.8608,16.8,-6.4,23.150002,-2.1916666,10.316667,11.308333,-2.7583332,1420,151,91,15.065242,427.5,296,318.5,423.5,0.19722252,6.5072865,0.8545549,0,32,0.392406,7.62955,2,4,1254.81320224412
D060,NR099,S006,NR099_S006,EU,Switzerland,Ticino River,2,Palearctic,PA05,EU2,7.182734,46.446413,7.18291246,46.44709115,7.182686411,46.44712684,0,11,1.4732248,1706,0.539,2251.6484,2.3625,6.325,28.881279,576.7272,14.7,-7.2,21.900002,-2.5833333,9.75,9.75,-3.9166665,1578,162,101,14.172832,464,323,323,427,0,1.5119107,0.13148391,0,32,0.381791,12.527,1,4,1254.81320224412
D060,NR099,S007,NR099_S007,EU,Switzerland,Ticino River,2,Palearctic,PA05,EU2,7.141737,46.425452,7.141737,46.425452,7.142093919,46.42534492,1,NA,30.37167,1447.5,0.463,43116.883,4.84375,7.9041667,32.72508,612.2305,18.25,-5.95,24.25,-2.1,7.658334,12.433332,-2.2166667,1330.5,140.5,88,14.4863405,393.5,291.5,323,393.5,1.0520356,13.878519,15.130345,0,32,0.409377,12,0,4,1254.81320224412
D060,NR099,S008,NR099_S008,EU,Switzerland,Ticino River,2,Palearctic,PA05,EU2,7.102502,46.414697,7.103632244,46.41475649,7.102894611,46.41455423,4,12,11.179108,1558,0.616,16119.838,4.425,7.6749997,31.903765,609.1877,17.8,-6.2,23.900002,-2.35,11.766666,11.983334,-2.55,1374,147,90,14.639289,412,298,324,412,0,4.8024964,6.0525274,0,32,0.436565,14,2,4,1254.81320224412
D060,NR099,S009,NR099_S009,EU,Switzerland,Ticino River,2,Palearctic,PA05,EU2,7.15251,46.41221,7.152081697,46.41217431,7.152902611,46.41281676,0,11,8.544777,1734,0.539,11783.371,3.6729167,7.1208334,30.693247,596.61584,16.599998,-6.6000004,23.2,-2.65,10.625,11.125,-3,1423,151.5,92,14.870608,426.5,299,314,420,0,3.618167,5.1978517,0,32,0.254793,8,0,4,1254.81320224412
D060,NR099,S010,NR099_S010,EU,Switzerland,Ticino River,2,Palearctic,PA05,EU2,7.1168,46.40115,7.117216406,46.40180435,7.117299687,46.40193522,2,NA,5.21709,1766.5,0.616,7803.055,3.5625,7.041667,30.416931,596.54224,16.45,-6.75,23.150002,-2.9,11.025,11.025,-3.125,1450.5,154.5,94,14.951846,435,303,319.5,435,0,3.3554466,1.9080012,0,32,0.395627,6.62955,1,4,1254.81320224412
D060,NR099,S011,NR099_S011,EU,Switzerland,Ticino River,2,Palearctic,PA05,EU2,7.0945,46.4201,7.095511271,46.42033795,7.094642768,46.42120645,8,8,12.842312,1483,0.616,18322.379,4.7958336,7.770833,32.378235,613.09814,18.150002,-5.95,24.099998,-2.2333333,11.775,12.383333,-2.2333333,1367,144.5,90,14.383116,404,298,328.5,404,0,5.8547664,6.9072976,0,32,0.596594,13,1,4,1254.81320224412
D060,NR099,S012,NR099_S012,EU,Switzerland,Ticino River,2,Palearctic,PA05,EU2,7.1419,46.4031,7.1419,46.4031,7.1419,46.4031,0,9,2.037153,1885,0.539,2808.6206,2.9958334,6.775,29.845816,591.28314,15.7,-7,22.7,-2.75,10.466667,10.466667,-3.5,1506,159,97,15.000839,448,311,322,447,0,0.78951997,1.3159652,0,32,0.377375,5.62955,0,4,1254.81320224412
D059,NR100,S001,NR100_S001,SA,Columbia,Don Diego River,1,Neotropic,NO02,SA1,-73.70413,11.25774,-73.70201704,11.25768289,-73.70777058,11.25474188,31,11,554.6225,8,17.904,783692.4,27.89375,8.887501,80.06758,61.446342,33.1,22,11.099998,27.625,27.308334,28.616667,27.091667,906,170.5,6,70.57983,426.5,43,216,86.5,1.0295819,500.0822,47.403076,0,43,0.370352,15,0,7,1727.77323729761
D059,NR100,S002,NR100_S002,SA,Columbia,Don Diego River,1,Neotropic,NO02,SA1,-73.69688,11.24245,-73.69714174,11.24223585,-73.69541663,11.24177185,26,9,541.316,78,17.529,771002,27.529167,9.075,80.11695,61.328407,32.8,21.5,11.299999,27.366667,26.966667,28.233334,26.733334,978,200,11,73.81539,498,41,221,80,1.1231704,485.95227,47.403244,0,53,0.360687,15.0986,0,7,1727.77323729761
D059,NR100,S003,NR100_S003,SA,Columbia,Don Diego River,1,Neotropic,NO02,SA1,-73.69787,11.22649,-73.69784026,11.22705512,-73.69787,11.22649,23,9,538.73883,141,14.642,769328.6,27.175,9.183333,79.85507,61.734715,32.5,21.1,11.499998,27.016666,26.616667,27.866667,26.366667,988,207,9,77.657684,509,41,240,80,1.1231704,485.39075,47.403248,0,53,0.346829,11.5075,0,7,1727.77323729761
D061,NR101,S001,NR101_S001,AS,China,YuanRiver,1,Palearctic,PA01,AS1,100.560588,25.24616,100.5618253,25.24644554,100.5611591,25.24616,15,NA,852.1285,1678,11.821,713351.06,17.852083,12.391666,49.848377,450.7483,28.1,3.2,24.9,22.633333,11.758333,22.633333,11.758333,841,153,13,75.02652,434,49,434,49,252.03427,555.4775,38.447067,11.121027,32,0.664634,18,0,7,11387.0708346328
D061,NR101,S002,NR101_S002,AS,China,YuanRiver,1,Palearctic,PA01,AS1,100.570185,25.19785,100.574468,25.1965175,100.574536,25.19612149,6,NA,934.7329,1818,11.821,783984.5,17.16875,11.870833,49.2213,449.77216,27.05,2.9,24.150002,22,11.116667,22,11.116667,854.5,156,13,75.21596,439.5,49,439.5,49,276.4617,594.4584,43.538635,12.32718,32,0.548304,27,5,7,11387.0708346328
D061,NR101,S003,NR101_S003,AS,China,YuanRiver,1,Palearctic,PA01,AS1,100.583267,25.17406,100.583781,25.17445975,100.5836953,25.17438123,10,NA,943.07825,1874.5,12.58,791131.25,17,11.8625,49.314117,448.9594,26.85,2.8000002,24.05,21.833332,10.966667,21.833332,10.966667,854.5,155.5,13,75.24493,440,49,440,49,275.3424,615.56885,42.417137,10.949145,32,0.523964,18,0,7,11387.0708346328
D061,NR101,S004,NR101_S004,AS,China,YuanRiver,1,Palearctic,PA01,AS1,100.58933,25.12267,100.58933,25.12267,100.58933,25.12286036,10,NA,989.11255,1731.5,6.503,830455.6,17.683334,11.791666,49.0565,450.71478,27.4,3.5,23.95,22.525,11.633333,22.525,11.633333,844,158,12,77.346504,442.5,45,442.5,45,277.7611,657.2866,43.28129,10.949145,32,0.338113,21,0,6,11387.0708346328
D061,NR101,S005,NR101_S005,AS,China,YuanRiver,1,Palearctic,PA01,AS1,101.516534,24.51493,101.5177713,24.51493,101.5169909,24.51538686,19,NA,1815.678,1062,0.193,1576788.2,20.85,11.483334,47.654064,446.71017,30.9,6.7,24,25.3,16.733334,25.316666,14.716666,969,200,13,85.80327,549,43,457,45,59.569748,1742.7838,11.953622,0,54,0.271375,13.6083,0,5,11387.0708346328
D061,NR101,S006,NR101_S006,AS,China,YuanRiver,1,Palearctic,PA01,AS1,101.415995,24.88088,101.4154239,24.88139396,101.415876,24.88117743,13,NA,17.687447,1899,0.261,15065.789,16.410416,11.195833,47.239803,451.35693,25.9,2.2,23.7,21.116667,10.258333,21.116667,10.258333,850.5,168,12,82.96257,466.5,41,466.5,41,1.2978853,17.826492,0,0,51,0.26026,17,0,7,11387.0708346328
D061,NR101,S007,NR101_S007,AS,China,YuanRiver,1,Palearctic,PA01,AS1,101.387587,24.87887,101.3879296,24.8796695,101.387587,24.87995503,19,NA,247.94896,1745,2.48,210859.16,17.104166,11.158333,46.95378,452.0532,26.6,3,23.7,21.75,10.966666,21.75,10.966666,845,169,11,83.43958,466,39,466,39,4.2379727,239.82315,0.17302188,0,51,0.27015,12,0,7,11387.0708346328
D061,NR101,S008,NR101_S008,AS,China,YuanRiver,1,Palearctic,PA01,AS1,101.405219,24.83839,101.40626,24.8385982,101.4063611,24.83850421,20,NA,286.5458,1729,3.514,243753.22,17.225,11.066667,47.06921,450.588,26.7,3.1,23.6,21.883333,11.083333,21.883333,11.083333,854,170,12,83.47369,469,41,469,41,5.535858,281.97107,0.17302188,0,51,0.26363,9.75751,0,7,11387.0708346328
D061,NR101,S009,NR101_S009,AS,China,YuanRiver,1,Palearctic,PA01,AS1,101.391012,24.82404,101.3907146,24.82460512,101.3908978,24.82466818,10,NA,321.94012,1605,4.018,274192.75,17.941666,11.166666,47.116737,450.08752,27.5,3.8,23.7,22.583334,13.716666,22.583334,11.799999,868,172,13,82.89808,475,43,475,43,6.4012537,316.33533,0.17302188,0,54,0.285908,8.8525,0,7,11387.0708346328
D061,NR101,S010,NR101_S010,AS,China,YuanRiver,1,Palearctic,PA01,AS1,101.401586,24.74723,101.4027995,24.74719431,101.4027757,24.74728949,18,NA,440.82257,1606.5,5.519,377362.8,18.3375,11.233333,47.28637,447.4751,27.95,4.2,23.75,22.941666,14.141666,22.941666,12.233334,875.5,174.5,12,83.7839,484.5,40.5,484.5,41,6.661091,434.29007,0.17302188,0,54,0.421495,9.75751,0,7,11387.0708346328
D061,NR101,S011,NR101_S011,AS,China,YuanRiver,1,Palearctic,PA01,AS1,101.399309,24.69884,101.4003441,24.69884,101.4002227,24.69901132,21,NA,1370.7394,1282,11.726,1173588.2,19.533333,11.1,46.722454,450.09827,29.2,5.5,23.7,24.133333,15.333333,24.133333,13.35,899,183,12,85.27888,506,40,506,41,32.07937,1333.2013,5.969957,0,54,0.250947,14.4367,0,7,11387.0708346328
D061,NR101,S012,NR101_S012,AS,China,YuanRiver,1,Palearctic,PA01,AS1,101.376577,24.70781,101.3771838,24.70781,101.3769767,24.70781,9,NA,869.68567,1344.5,11.726,742318.4,19.36875,11.229166,47.181618,449.88834,29.05,5.25,23.849998,23.958334,15.191668,23.958334,13.216667,892,181,12,85.04323,499,40,499,41,23.772175,842.40546,5.363623,0,54,0.27655,15.6295,0,7,11387.0708346328
D061,NR101,S013,NR101_S013,AS,China,YuanRiver,1,Palearctic,PA01,AS1,101.354165,24.32885,101.354165,24.32885,101.354165,24.32885,14,NA,30.079388,1653,0.513,30765,17.50625,10.8125,47.63978,434.87747,26.5,3.8,22.7,22.016666,13.316667,22.016666,11.558333,1014,197.5,16,79.926636,548.5,56,548.5,64,2.2600987,27.822025,0,0,32,0.716077,11.0474,0,5,11387.0708346328
D061,NR101,S014,NR101_S014,AS,China,YuanRiver,1,Palearctic,PA01,AS1,101.437767,24.22843,101.437665,24.2288719,101.4387378,24.22888686,14,NA,53.894882,1197,0.611,56959.023,19.75,10.808333,46.87959,439.46765,29.2,6.1,23.1,24.183332,15.6,24.183332,13.716666,1088,217,17,81.09813,597,58,597,69,5.6550107,48.90165,0.52200747,0,32,0.572542,12.2929,0,5,11387.0708346328
D061,NR101,S015,NR101_S015,AS,China,YuanRiver,1,Palearctic,PA01,AS1,101.468497,24.20576,101.4694352,24.20631747,101.4674262,24.20579569,13,NA,262.06757,849,2.383,275690,21.270834,10.975,46.875,446.1118,31,7.5,23.5,25.716667,17.066666,25.716667,15.133333,1130,228,17,81.97133,625,58,624,68,41.48815,222.50693,0.78300166,0.08694167,32,0.507801,12.6464,0,5,11387.0708346328
D061,NR101,S016,NR101_S016,AS,China,YuanRiver,1,Palearctic,PA01,AS1,101.478071,24.18058,101.4786421,24.18049842,101.478071,24.18058,10,NA,54.798637,1057,0.557,58732.766,20.254166,10.908333,47.03147,440.3898,29.7,6.6,23.1,24.666666,16.1,24.666666,14.183333,1127,226,17,81.5075,621,58,621,70,5.744608,49.099968,1.2184902,0,32,0.422166,16.6464,0,5,11387.0708346328
D061,NR101,S017,NR101_S017,AS,China,YuanRiver,1,Palearctic,PA01,AS1,101.496459,24.14793,101.496459,24.14793,101.496459,24.14793,17,NA,35.53188,1349,0.369,37974.023,19.087502,10.808333,47.39349,433.29263,28.349998,5.55,22.8,23.474998,14.991667,23.474998,13.141666,1093.5,217.5,17,80.85779,599,59,599,70,5.3975825,29.86707,0,0,51,0.609865,16.441,0,5,11387.0708346328
D061,NR101,S018,NR101_S018,AS,China,YuanRiver,1,Palearctic,PA01,AS1,101.522311,24.17223,101.5220968,24.17301522,101.522311,24.17223,16,NA,373.75928,697,3.6295,397204.34,21.975,11.075,46.857346,450.74747,31.9,8.2,23.699999,26.433332,17.75,26.433332,15.75,1181,241,17,82.63874,657,59,540,68,62.37848,311.48297,2.1755404,0.08694167,32,0.528731,17.0895,0,5,11387.0708346328
D061,NR101,S019,NR101_S019,AS,China,YuanRiver,1,Palearctic,PA01,AS1,103.772069,22.68309,103.772103,22.68370186,103.7724973,22.68356589,23,NA,33838.387,193.5,0.403,34967036,22.9625,8.216667,41.66667,451.6139,31.8,12,19.8,27.733334,16.75,27.733334,16.75,1634,332,18,79.12035,854,84,854,84,5535.467,27100.54,1099.0469,106.68021,32,0.329123,24,0,5,11387.0708346328
D061,NR101,S020,NR101_S020,AS,China,YuanRiver,1,Palearctic,PA01,AS1,103.549221,22.88449,103.5502561,22.88466846,103.550149,22.88563214,18,NA,32718.744,275,8.276,33096660,22.620832,8.775001,44.018154,440.45667,31.5,11.5,20,27.2,16.566666,27.2,16.566666,1534,326,16,82.58343,832,74,832,74,5256.4766,26306.113,1017.30774,107.62932,23,0.282007,20.75,0,6,11387.0708346328
D061,NR101,S021,NR101_S021,AS,China,YuanRiver,1,Palearctic,PA01,AS1,103.400921,22.98663,103.4012446,22.98661096,103.4020631,22.98685843,21,NA,31899.783,297,330.113,31885076,22.4875,9.025,44.71947,439.87,31.3,11.2,20.199999,27.016666,16.45,27.016666,16.45,1467,314,16,83.688774,810,70,810,70,5076.248,25760.004,985.3442,104.921875,32,0.692902,17.2753,0,6,11387.0708346328
D061,NR101,S022,NR101_S022,AS,China,YuanRiver,1,Palearctic,PA01,AS1,103.350853,23.01899,103.350853,23.01899,103.3508827,23.01794899,13,NA,31554.201,259,318.48,31385624,22.704166,9.116667,45.39801,436.83328,31.6,11.4,20.099998,27.2,16.7,27.2,16.7,1455,311,15,83.96909,808,69,808,69,4998.7324,25465.322,978.85223,104.4856,32,0.556949,26,5,6,11387.0708346328
D061,NR101,S023,NR101_S023,AS,China,YuanRiver,1,Palearctic,PA01,AS1,103.316157,23.03272,103.317242,23.03289132,103.3161867,23.03367178,23,NA,31291.787,461,318.788,31031346,21.8625,9.0375,45.18419,434.4465,30.55,10.65,19.85,26.308334,15.9,26.308334,15.9,1398,303,15,84.807,787,66,787,66,4924.0176,25273.12,976.9959,105.433205,32,0.49632,20,0,6,11387.0708346328
D061,NR101,S024,NR101_S024,AS,China,YuanRiver,1,Palearctic,PA01,AS1,102.953652,23.178,102.9584704,23.17633438,102.9530809,23.17650094,24,NA,29998.248,381.5,152.7605,29313792,22.679165,9.670834,47.174828,422.9312,31.5,11.1,20.4,26.925,16.808334,26.925,16.808334,1333,292,10.5,88.81646,775.5,51.5,775.5,51.5,4500.85,24423.006,933.8544,104.89011,23,0.295256,18.2593,0,7,11387.0708346328
D061,NR101,S025,NR101_S025,AS,China,YuanRiver,1,Palearctic,PA01,AS1,102.704824,23.28209,102.7045385,23.28137616,102.7036819,23.28197579,20,NA,28406.326,468.5,282.349,27412476,22.135418,9.741667,47.000637,428.74927,31.1,10.35,20.75,26.408333,16.183334,26.408333,16.183334,1303,281.5,11,88.30382,759,51.5,759,51.5,4030.7627,23375.201,884.43207,101.327255,22,0.72939,25.75,0,7,11387.0708346328
D061,NR101,S026,NR101_S026,AS,China,YuanRiver,1,Palearctic,PA01,AS1,102.34931,23.39039,102.3495242,23.39138937,102.3496907,23.39143696,16,NA,27314.736,565,137.3095,26088558,21.960415,10.808333,49.692055,413.35526,31.3,9.55,21.7,26.016666,16.216667,26.041666,16.216667,1300,277,11,87.72165,750.5,50,661.5,50,3705.2517,22656.686,855.2594,99.57572,23,0.464543,18.8525,0,7,11387.0708346328
D061,NR101,S027,NR101_S027,AS,China,YuanRiver,1,Palearctic,PA01,AS1,101.964828,23.63805,101.9646376,23.63791403,101.964828,23.63805,9,NA,21314.496,487,229.017,19615982,22.910416,11.045834,49.061848,425.52728,32.45,9.95,22.5,27.116665,17,27.116665,17,1392.5,292,16,85.478676,787,60,750.5,60,2844.2063,17766.129,644.01196,69.35839,23,0.540929,32.75,8,6,11387.0708346328
D061,NR101,S028,NR101_S028,AS,China,YuanRiver,1,Palearctic,PA01,AS1,101.679217,23.93776,101.6812157,23.93776,101.6804662,23.93704616,18,NA,19433.625,669,223.408,17473002,22.458334,11.083334,47.655125,440.24185,32.3,9,23.2,26.783333,18.35,26.8,16.366667,1261,260,18,83.676575,705,60,589,67,2458.1372,16304.312,625.93884,58.700333,32,0.321327,16.2669,0,5,11387.0708346328
D061,NR101,S029,NR101_S029,AS,China,YuanRiver,1,Palearctic,PA01,AS1,101.553414,24.12635,101.5536757,24.12630241,101.5537947,24.12615964,24,NA,18670.14,697,219.859,16642400,22.141666,11.183333,47.18706,449.71118,32.1,8.4,23.7,26.583334,17.933334,26.6,15.95,1197,246,17,82.87814,666,59,551,69,2318.342,15684.919,620.36816,51.566242,32,0.381178,17.6295,0,5,11387.0708346328
D061,NR101,S030,NR101_S030,AS,China,YuanRiver,1,Palearctic,PA01,AS1,101.329479,24.52493,101.329498,24.52433989,101.329479,24.5245017,16,NA,6945.831,963,86.657,6120482.5,21.277084,11.3625,47.413193,448.77292,31.150002,7.2,24,25.791666,17.1,25.791666,15.125,1002.5,207,14,85.281006,566.5,47,560.5,50,1219.8508,5399.69,289.6365,25.701626,33,0.269905,20,0,5,11387.0708346328
D061,NR101,S031,NR101_S031,AS,China,YuanRiver,1,Palearctic,PA01,AS1,100.728193,24.98569,100.7286927,24.98647522,100.728193,24.98634435,18,NA,3111.3271,1503.5,2.579,2698356,18.633333,11.804167,48.596703,447.18536,28.5,4.25,24.3,23.325,12.558333,23.325,12.558333,882.5,170,12,80.52437,478,45,478,45,643.9978,2344.6128,88.568886,26.131552,32,0.300312,19.2049,0,7,11387.0708346328
D061,NR101,S032,NR101_S032,AS,China,YuanRiver,1,Palearctic,PA01,AS1,100.587066,25.06118,100.587066,25.06215082,100.587066,25.06118,16,NA,2618.766,1631,34.08,2260083.8,18.1,11.533334,48.305668,450.93588,27.8,4,23.8,22.883333,12.033334,22.883333,12.033334,866,164,12,78.501656,461,45,461,45,597.3036,1930.4211,68.94193,25.787048,32,0.337769,13.527,0,6,11387.0708346328
D061,NR101,S033,NR101_S033,AS,China,YuanRiver,1,Palearctic,PA01,AS1,100.485471,25.08844,100.4861491,25.08847569,100.4853639,25.08790462,20,NA,989.63696,1712,12.849,859330.06,16.9875,11.566667,49.054623,439.31485,26.4,3.1,23.3,21.65,11.05,21.65,11.05,880,160,14,75.76009,455,52,455,52,237.7648,730.6431,6.729572,11.726389,32,0.589687,17,0,6,11387.0708346328
D062,NR102,S001,NR102_S001,AS,China,Hanjiang River,2,Palearctic,PA04,AS2,109.6264,33.40588,109.6269711,33.4072125,109.6269711,33.40719346,19,32,1538.6462,639,9.946,1199514.2,13.470833,10.041667,30.564024,852.18555,29.5,-3.4,32.8,22.633333,2.65,23.85,2.65,777,144,8,68.99983,368,30,335,30,209.33499,1335.8838,0.079309806,0.5569104,23,0.718013,13.2856,0,6,13152.417692398
D062,NR102,S002,NR102_S002,AS,China,Hanjiang River,2,Palearctic,PA04,AS2,109.1373,33.16637,109.1327885,33.16779768,109.1329218,33.16884464,23,44,2123.8035,775,15.813,1689115.8,12.895833,9.208333,29.967428,802.44086,28,-2.8,30.8,21.616667,2.7666667,22.716667,2.7666667,822,146,8,68.56233,384,31,344,31,384.11523,1738.0852,4.2778697,3.1789627,32,0.325256,21,0,6,13152.417692398
D062,NR102,S003,NR102_S003,AS,China,Hanjiang River,2,Palearctic,PA04,AS2,109.163,33.554,109.1605016,33.55304822,109.1604421,33.55298873,17,35,894.931,831,0.196,689278,11.891666,9.383333,29.845098,823.8131,27.25,-4.2,31.45,20.791668,1.4333334,21.933334,1.4333334,747.5,135,7,69.70206,356,26.5,316,26.5,71.50603,819.21484,3.4850798,2.2234752,23,0.486138,21,0,6,13152.417692398
D062,NR102,S004,NR102_S004,AS,China,Hanjiang River,2,Palearctic,PA04,AS2,110.0422,33.20238,110.0362038,33.2037125,110.0361324,33.20362922,5,16,4674.8745,494.5,30.343,3744981,14.870833,10.116667,30.397411,868.67505,31.150002,-2.1999998,33.25,24.241667,3.8666668,25.441668,3.8666668,817,152,10,68.362175,386,34.5,355,34.5,942.47205,3726.3774,4.210394,9.312046,23,0.366724,22,0,7,13152.417692398
D062,NR102,S005,NR102_S005,AS,China,Hanjiang River,2,Palearctic,PA04,AS2,109.3536,32.3323,109.3536,32.33291866,109.3535048,32.33301384,25,29,248.86887,742,2.465,264219.88,13.770833,8.741667,28.376905,812.88055,29,-1.8,30.8,22.75,3.4666667,23.65,3.4666667,1010,175,11,66.95793,457,43,427,43,15.652092,232.38655,0,0,51,0.3104,15.7282,0,6,13152.417692398
D062,NR102,S006,NR102_S006,AS,China,Hanjiang River,2,Palearctic,PA04,AS2,109.1575,32.5058,109.1573215,32.50629969,109.1575,32.50640676,42,55,478.3625,536,0.197,490389.38,14.5875,8.941667,28.831726,821.45416,30,-1,31,23.633333,4.1833334,24.583332,4.1833334,961,169,10,67.5062,441,39,407,39,41.47658,437.02567,0,0,23,0.306231,14.6295,0,6,13152.417692398
D062,NR102,S007,NR102_S007,AS,China,Hanjiang River,2,Palearctic,PA04,AS2,108.1077,33.4566,108.099705,33.46192999,108.1077,33.4566,41,67,391.71643,913.5,5.044,317749.97,11.266666,8.7,29.048029,796.48773,26,-3.95,30,19.933332,1.1666666,20.983334,1.1666666,782,137,6,71.4619,378.5,25,327.5,25,16.691582,374.00403,3.1750169,0,51,0.225409,11.2521,0,4,13152.417692398
D062,NR102,S008,NR102_S008,AS,China,Hanjiang River,2,Palearctic,PA04,AS2,108.2692,33.028,108.2690572,33.02878522,108.2687431,33.0296561,38,39,24071.354,440.5,166.37451,19914998,14.112499,8.720833,28.789137,807.56445,29.05,-1.2,30.3,22.891666,3.9,23.958332,3.9,844,151,9,70.334465,402,31,354.5,31,4271.523,19519.72,61.34587,147.74896,12,0.620413,30,5,6,13152.417692398
D062,NR102,S009,NR102_S009,AS,China,Hanjiang River,2,Palearctic,PA04,AS2,110.0976,32.8337,110.0979997,32.83552743,110.0978284,32.83626982,35,47,57322.47,384,777.218,50408124,15.441667,9.875,30.195473,854.20306,31.4,-1.3,32.7,24.733334,4.633333,25.85,4.633333,882,159,11,66.93621,408,40,380,40,10818.062,45983.76,90.98607,264.2692,32,0.706541,19,0,6,13152.417692398
D062,NR102,S010,NR102_S010,AS,China,Hanjiang River,2,Palearctic,PA04,AS2,110.1299,32.8091,110.1297287,32.81041346,110.1299571,32.81041346,11,33,58148.668,396,777.218,51188356,15.46875,9.920834,30.208227,855.11285,31.45,-1.3499999,32.8,24.783333,4.6666665,25.891666,4.6666665,887,161,11,66.963974,410,40,383.5,40,10956.498,46668.098,90.98607,265.79276,23,0.578274,25,0,6,13152.417692398
D062,NR102,S011,NR102_S011,AS,China,Hanjiang River,2,Palearctic,PA04,AS2,109.0672,32.6903,109.0678246,32.69101384,109.0671048,32.69134696,27,33,956.76294,294,0.716,947761.25,15.645833,9.275,29.153605,842.75885,31.4,-0.5,31.8,24.883333,5.016667,25.9,5.016667,917,164,10,67.288864,421,38,389,38,218.38968,729.2378,0,1.4452574,11,0.809787,32.2094,8,7,13152.417692398
D062,NR102,S012,NR102_S012,AS,China,Hanjiang River,2,Palearctic,PA04,AS2,109.2435,32.9165,109.2453845,32.91689975,109.2455225,32.91709487,7,19,5853.383,413,49.721,4709124.5,14.845834,9.375,29.867725,824.9365,30.3,-1.2,31.4,23.816668,4.35,24.866667,4.35,860,155,9,68.34083,400,33,365,33,785.64294,5042.331,7.688517,3.1789627,32,0.689973,18.1274,0,6,13152.417692398
D062,NR102,S013,NR102_S013,AS,China,Hanjiang River,2,Palearctic,PA04,AS2,109.3092,32.6204,109.3094142,32.61961478,109.3096569,32.62062843,42,48,1143.1919,498,11.642,1163793,14.733334,9.016666,28.926281,825.2894,30.150002,-1.1,31.2,23.8,4.258333,24.775002,4.258333,943,166,10,67.02724,431.5,40,400,40,163.58502,977.5597,0,1.9333833,32,0.475401,13.2503,0,6,13152.417692398
D062,NR102,S014,NR102_S014,AS,China,Hanjiang River,2,Palearctic,PA04,AS2,108.7174,32.4107,108.7175496,32.41121668,108.7186564,32.41109975,31,38,411.13953,713,7.128,437639.12,14.079166,8.733334,28.622005,802.0441,29.2,-1.1,30.4,22.9,3.9166667,23.85,3.9166667,993,174,11,67.91303,455,41,418,41,28.371014,380.96643,0,0.32216817,23,0.478007,13.8868,0,6,13152.417692398
D062,NR102,S015,NR102_S015,AS,China,Hanjiang River,2,Palearctic,PA04,AS2,108.892,32.3574,108.892,32.35797107,108.892,32.35801866,31,39,1749.875,584.5,26.586,1924923.4,14.674999,8.816667,28.664623,809.6636,30,-0.79999995,30.8,23.583332,4.3916664,24.5,4.3916664,992,174,11,67.741905,453,40,419.5,40,94.08247,1658.38,1.6148399,1.2094278,23,0.577841,8.72822,0,6,13152.417692398
D062,NR102,S016,NR102_S016,AS,China,Hanjiang River,2,Palearctic,PA04,AS2,108.9931,32.665,108.9928716,32.66705585,108.9932904,32.66728428,19,NA,2833.428,290,36.83,2511307.2,15.654167,9.158334,28.982069,838.3448,31.3,-0.3,31.6,24.783333,5.0333333,25.833334,5.0333333,923,163,11,66.77864,423,40,389,40,782.40466,2005.7112,0,53.762615,21,0.609668,38,9,7,13152.417692398
D062,NR102,S017,NR102_S017,AS,China,Hanjiang River,2,Palearctic,PA04,AS2,108.9997,32.6667,108.9985579,32.66692843,108.9987482,32.66698554,16,24,36081.355,324.5,274.228,32161900,15.475,8.975,28.599882,832.8316,31,-0.3,31.3,24.583332,4.916667,25.616667,4.916667,922.5,163,11,66.894264,423.5,40,387,40,6194.752,29540.643,63.142372,153.8762,21,0.562573,38,9,7,13152.417692398
D062,NR102,S018,NR102_S018,AS,China,Hanjiang River,2,Palearctic,PA04,AS2,108.6499,32.443,108.6496145,32.44308158,108.6499,32.443,34,45,507.32642,590,9.59,536666.6,14.579166,8.650001,28.399122,807.2131,29.8,-0.7,30.5,23.433332,4.3333335,24.4,4.3333335,979,172,11,68.048744,451,40,413,40,42.80197,463.2543,0,0.1612153,23,0.366135,15.7375,0,6,13152.417692398
D062,NR102,S019,NR102_S019,AS,China,Hanjiang River,2,Palearctic,PA04,AS2,108.6261,32.4811,108.6261816,32.48061051,108.6244939,32.48104051,32,45,529.42346,548.5,9.59,558286.44,14.754167,8.595833,28.28657,806.4869,29.9,-0.4,30.4,23.616667,4.55,24.583332,4.55,966,169.5,11,67.93216,445,40,406,40,45.538834,485.97278,0,0.1612153,23,0.35647,24.75,0,6,13152.417692398
D062,NR102,S020,NR102_S020,AS,China,Hanjiang River,2,Palearctic,PA04,AS2,108.5506,32.8594,108.547477,32.85612824,108.5471022,32.85697295,28,35,327.79263,386.5,4.82,288189.25,14.68125,8.833333,28.639069,821.0148,29.95,-0.85,30.8,23.616667,4.291667,24.675,4.291667,871,155,8,69.21976,409,32,367,32,143.57343,178.54462,0,4.88683,21,0.791961,27.6459,1,7,13152.417692398
D062,NR102,S021,NR102_S021,AS,China,Hanjiang River,2,Palearctic,PA04,AS2,108.6799,32.7743,108.6799,32.7743,108.6799357,32.77283663,32,38,971.20984,322.5,13.58,857690.8,15.175,8.895833,28.657463,827.9498,30.5,-0.55,31,24.166668,4.6666665,25.241667,4.6666665,895,158,9,68.24629,416,35,376.5,35,321.32544,637.75415,0,7.211347,23,0.583213,28,2,7,13152.417692398
D062,NR102,S022,NR102_S022,AS,China,Hanjiang River,2,Palearctic,PA04,AS2,108.2305,33.0423,108.2305714,33.04130063,108.2305,33.0423,23,33,23636.94,529,326.674,19551622,13.754167,8.45,28.294575,802.013,28.6,-1.4,29.9,22.483334,3.6166666,23.55,3.6166666,843,150,8,70.32528,403,30,355,30,4213.1167,19186.545,59.60082,145.26985,23,0.529644,35.75,8,6,13152.417692398
D062,NR102,S023,NR102_S023,AS,China,Hanjiang River,2,Palearctic,PA04,AS2,109.0742,32.7156,109.0742952,32.71369643,109.0742952,32.712935,28,39,39984.594,246,10.905,35723980,15.866667,9.383333,29.414837,841.51245,31.6,-0.3,31.800001,25.05,5.1833334,26.1,5.1833334,915,164,10,67.23881,421,38,388,38,7274.92,32301.936,64.72692,239.42967,11,0.710909,29.75,8,7,13152.417692398
D062,NR102,S024,NR102_S024,AS,China,Hanjiang River,2,Palearctic,PA04,AS2,107.0719,33.72555,107.0711005,33.7279485,107.0699013,33.72783428,60,103,623.47565,1152,3.3305001,481770.7,10.972917,8.258333,27.21122,815.9072,26,-4.3,30.3,19.808334,0.59999996,20.9,0.59999996,754,136,5,76.299774,386,20,332,20,7.450882,601.4263,9.100962,0,51,0.542256,19,0,4,13152.417692398
D062,NR102,S025,NR102_S025,AS,China,Hanjiang River,2,Palearctic,PA04,AS2,107.0427,33.02885,107.0424145,33.02953528,107.0414436,33.0296495,20,139,642.9448,509,10.197,584635,14.802084,8.129167,26.740679,832.9664,29.7,-0.7,30.400002,23.816666,4.2166667,24.866667,4.2166667,861,169.5,7,77.858795,449.5,25,399.5,25,177.63965,459.40598,0.16041379,5.598708,11,0.816364,30.4315,9,7,13152.417692398
D062,NR102,S026,NR102_S026,AS,China,Hanjiang River,2,Palearctic,PA04,AS2,107.3396,33.14466,107.3413846,33.14103132,107.3420984,33.14101942,22,29,11301.899,473,72.584496,9199054,14.729167,8.725,28.198925,837.4134,29.8,-1.1,30.9,23.766666,4.0833335,24.816666,4.0833335,847,159,7,74.93234,429,27,378,27,2452.2512,8706.27,18.781353,100.20941,22,0.636788,37.75,9,7,13152.417692398
D062,NR102,S027,NR102_S027,AS,China,Hanjiang River,2,Palearctic,PA04,AS2,106.9217,33.02698,106.9213074,33.02712277,106.9213074,33.0278723,57,143,556.4114,521.5,8.201,487747.97,14.85,8.233334,27.1278,830.3756,29.7,-0.7,30.400002,23.833334,4.3083334,24.866667,4.3083334,852,168,6,78.80255,447,23,399,23,253.8186,299.38202,0,1.5206095,21,0.828519,25.882,5,7,13152.417692398
D062,NR102,S028,NR102_S028,AS,China,Hanjiang River,2,Palearctic,PA04,AS2,107.3694,33.15731,107.3695785,33.15802384,107.3692572,33.15959428,34,107,2280.483,477,29.591,1826034.9,14.581249,8.8,28.46548,836.6787,29.6,-1.3,30.9,23.6,3.9666667,24.65,3.9666667,838.5,157,7,74.8009,424.5,27,371.5,27,147.12964,2096.1501,32.38377,5.108514,22,0.7129,21.5,0,7,13152.417692398
D062,NR102,S029,NR102_S029,AS,China,Hanjiang River,2,Palearctic,PA04,AS2,106.7585,33.12504,106.7621168,33.13214779,106.7587379,33.1237075,30,49,4216.4634,538.5,8.357,3459289.5,14.860416,8.558333,28.10617,823.2384,29.7,-0.8,30.45,23.733334,4.383333,24.783333,4.383333,822,164.5,5,80.709045,439,20,390,20,736.3868,3437.9968,5.083292,23.338688,21,0.691329,19,1,7,13152.417692398
D062,NR102,S030,NR102_S030,AS,China,Hanjiang River,2,Palearctic,PA04,AS2,107.7566,33.25482,107.7570569,33.25453446,107.7579682,33.25529589,106,149,939.4288,623.5,13.182,768252.2,13.485416,8.866667,29.200909,807.2832,28.45,-1.9,30.4,22.225,3.3333335,23.333332,3.3333335,816.5,148,6,72.95161,402,25,351,25,71.93817,863.4186,0.55569744,0,32,0.461876,19.5,0,6,13152.417692398
D062,NR102,S031,NR102_S031,AS,China,Hanjiang River,2,Palearctic,PA04,AS2,106.4274,33.24378,106.4287682,33.24366103,106.4287325,33.24368482,40,52,522.3865,883,6.299,405799.66,13.545834,8.175,27.665545,794.345,28.2,-1.4,29.5,22.133333,3.4333334,23.2,3.4333334,796,159,5,81.64427,427,19,383,19,21.842485,495.19666,0,0,32,0.340135,16.6295,1,7,13152.417692398
D062,NR102,S032,NR102_S032,AS,China,Hanjiang River,2,Palearctic,PA04,AS2,107.8568,32.63231,107.8578351,32.63284538,107.8579421,32.63297625,52,136,315.97668,904,0.582,310282.94,12.8,8.1,27.364864,796.30634,27.5,-1.9,29.5,21.533333,2.7166667,22.483334,2.7166667,961,173,10,71.05045,459,36,415,36,32.644012,283.06866,0.08044024,1.3673298,51,0.293713,7.25866,0,6,13152.417692398
D062,NR102,S033,NR102_S033,AS,China,Hanjiang River,2,Palearctic,PA04,AS2,106.5049,33.11815,106.5054056,33.1183582,106.5075174,33.11753134,42,126,1746.2903,656.5,21.859,1373579,14.4625,8.325,27.903412,803.1117,29.150002,-0.7,29.800001,23.108334,4.25,24.233334,4.25,825.5,171,5,82.78252,448,19,404,19,94.61223,1649.0605,4.5248394,0.0798329,32,0.596332,19,0,7,13152.417692398
D062,NR102,S034,NR102_S034,AS,China,Hanjiang River,2,Palearctic,PA04,AS2,107.555,33.19351,107.5535383,33.19626338,107.5549286,33.19458076,44,130,14601.803,487,0.411,11860530,14.383333,8.9,28.736559,834.73004,29.5,-1.5,31,23.383333,3.8,24.483334,3.8,832,154,7,73.8234,416,26,363,26,3007.3813,11368.41,55.76664,124.40193,22,0.638778,24.3795,6,6,13152.417692398
D062,NR102,S035,NR102_S035,AS,China,Hanjiang River,2,Palearctic,PA04,AS2,107.4753,33.21041,107.4753,33.21041,107.476228,33.21048138,23,45,301.633,481,4.211,248791.11,14.5,8.983334,29.072275,832.6695,29.5,-1.4,30.9,23.466667,3.95,24.566666,3.95,825,152,7,74.1106,414,26,360,26,73.3024,227.03384,0,1.2768044,22,0.679553,25.6464,1,6,13152.417692398
D062,NR102,S036,NR102_S036,AS,China,Hanjiang River,2,Palearctic,PA04,AS2,106.9312,33.1272,106.9312,33.1272,106.9294868,33.12781866,1,3,3931.8684,523,42.809,3019867.8,14.741667,8.583334,28.142076,828.68964,29.5,-1,30.5,23.666666,4.2166667,24.75,4.2166667,830,162,6,78.50563,435,23,384,23,242.22415,3658.0293,13.293228,5.5686135,21,0.688527,28.968,3,7,13152.417692398
D062,NR102,S037,NR102_S037,AS,China,Hanjiang River,2,Palearctic,PA04,AS2,106.9956,33.5808,106.9956,33.5808,106.9956,33.5808,42,51,2622.8252,1017.5,26.205,1967702.1,11.70625,8.0125,26.738983,812.68286,26.599998,-3.4,30,20.516666,1.3916667,21.583332,1.3916667,767,140.5,5,77.04367,396,20,341.5,20,146.59006,2452.0867,13.213091,1.8969297,51,0.301236,6.72822,0,4,13152.417692398
D062,NR102,S038,NR102_S038,AS,China,Hanjiang River,2,Palearctic,PA04,AS2,106.4626,33.19362,106.4626,33.19362,106.4619147,33.19384843,40,55,104.34864,724,1.461,84038.56,14.099999,8.191667,27.59887,801.6039,28.8,-0.9,29.699999,22.766666,3.9166667,23.833332,3.9166667,807,166,4,82.87437,438,18,393,18,18.83811,85.256134,0,0,32,0.332684,23,5,7,13152.417692398
D062,NR102,S039,NR102_S039,AS,China,Hanjiang River,2,Palearctic,PA04,AS2,108.0586,33.03285,108.0591711,33.03490585,108.0595042,33.03532464,17,32,23382.473,510.5,0.316,19337890,13.820833,8.395834,28.041653,805.92487,28.7,-1.25,29.900002,22.591667,3.625,23.641666,3.625,843,150,8,70.82422,405.5,30,356.5,30,4187.1665,18932.744,67.75476,145.26985,51,0.284183,29,0,6,13152.417692398
D062,NR102,S040,NR102_S040,AS,China,Hanjiang River,2,Palearctic,PA04,AS2,107.8153,33.04477,107.8153,33.04477,107.8153,33.04477,18,45,2571.5874,548,43.651,2378047.5,14.154167,8.683332,28.489346,814.9475,29.150002,-1.3,30.45,23.05,3.875,24.091667,3.875,856.5,156,7,72.26312,418.5,28,369,28,427.5517,2127.5408,0.8833665,11.530672,21,0.520851,14.9501,0,6,13152.417692398
D062,NR102,S041,NR102_S041,AS,China,Hanjiang River,2,Palearctic,PA04,AS2,107.9867,33.56417,107.9873425,33.5645983,107.9867,33.56417,0,0,198.78894,1110.5,2.777,159807.64,10.470833,8.404167,28.126755,794.66595,25.150002,-4.75,29.9,19.133333,0.4166667,20.183334,0.4166667,779,138,6,72.524155,382,23.5,330,23.5,2.5414982,193.88632,0,0,51,0.27615,19,0,4,13152.417692398
D062,NR102,S042,NR102_S042,AS,China,Hanjiang River,2,Palearctic,PA04,AS2,107.9786,33.50425,107.9786,33.50425,107.9786,33.50425,25,43,341.2658,961,4.787,274910.3,11.15,8.533334,28.539577,794.42755,25.9,-4,29.9,19.8,1.1,20.866667,1.1,780,138,6,72.232025,381,24,329,24,9.375504,331.99475,0,0.15906808,51,0.452442,20,1,4,13152.417692398
D062,NR102,S043,NR102_S043,AS,China,Hanjiang River,2,Palearctic,PA04,AS2,108.0363,32.5677,108.0346344,32.56817589,108.0338729,32.56869937,33,49,274.56372,857,4.233,264450.3,13.141666,8.425,28.149385,797.3217,28.1,-1.8,29.9,21.883333,3.05,22.866667,3.05,971,173,10,70.049835,459,37,416,37,36.700493,240.60086,0.32106027,0.0803805,51,0.287573,13.2967,0,6,13152.417692398
D062,NR102,S044,NR102_S044,AS,China,Hanjiang River,2,Palearctic,PA04,AS2,106.9395,33.10726,106.9395,33.10726,106.9385958,33.10706964,41,65,8545.44,517,61.636,6806440,14.754167,8.5125,27.878235,830.3088,29.6,-1,30.6,23.716667,4.2,24.775,4.2,842.5,165.5,6,78.36193,440.5,23,391,23,1156.6252,7331.749,18.53894,32.6617,21,0.683383,21.527,3,7,13152.417692398
D062,NR103,S001,NR103_S001,AS,China,Wei River,2,Palearctic,PA04,AS2,109.5712,34.503,109.5713938,34.50452965,109.571181,34.50368528,32,61,103364.5,343,259.581,58731732,13.841666,10.775,29.121622,972.72455,31.8,-5.2,37,24.083334,1.45,25.683332,1.45,592,98,6,68.75346,286,22,246,22,57964.445,26056.248,16802.92,2437.2742,22,0.804628,40.75,5,9,10993.649804683
D062,NR103,S002,NR103_S002,AS,China,Wei River,2,Palearctic,PA04,AS2,108.1,34.22709,108.1063056,34.22893408,108.0987436,34.2287461,29,42,38013.918,438,133.004,22104718,12.9625,9.575,28.174019,913.6322,29.5,-4.5,34,22.633333,1.3666667,24.083334,1.3666667,650,115,5,72.82918,325.5,20,275.5,20,22501.594,9360.643,5636.143,532.0008,22,0.74844,26.6295,7,7,10993.649804683
D062,NR103,S003,NR103_S003,AS,China,Wei River,2,Palearctic,PA04,AS2,108.1184,34.22709,108.1189949,34.22465105,108.1187426,34.22623339,12,21,38015.965,437.5,133.504,22106006,12.960417,9.579166,28.186274,912.8381,29.5,-4.5,34,22.633333,1.3666667,24.083334,1.3666667,649,114,5,72.72633,324,20,274.5,20,22437.018,9364.252,5658.7935,528.1395,22,0.716723,20.4315,2,7,10993.649804683
D062,NR103,S004,NR103_S004,AS,China,Wei River,2,Palearctic,PA04,AS2,109.341,34.13958,109.3404289,34.14529071,109.3411428,34.14550486,30,63,758.1903,534,3.212,531843.4,13.195833,10.566667,29.58566,932.7,30.5,-5.1,35.7,23.05,1.3666667,24.566666,1.3666667,640,114,6,69.53923,307,22,273,22,221.6988,527.69354,0.39457917,4.5783124,22,0.804675,30,9,7,10993.649804683
D062,NR103,S005,NR103_S005,AS,China,Wei River,2,Palearctic,PA04,AS2,109.1057,35.09339,109.1004176,35.09339,109.1003462,35.09291411,30,46,295.50702,926,0.623,173225.83,11,10.9,29.863014,949.3323,28.5,-8,36.5,20.966667,-1.0833333,22.483334,-1.0833333,590,110,4,78.34873,316,17,277,17,129.01474,163.65643,0,3.3555007,23,0.791585,43,9,8,10993.649804683
D062,NR103,S006,NR103_S006,AS,China,Wei River,2,Palearctic,PA04,AS2,109.0267,35.01239,109.0294126,35.01224723,109.0287559,35.01170472,43,62,577.7391,835.5,0.9735,340585.75,11.470833,10.758333,29.383562,955.92847,29.3,-7.4,36.7,21.55,-0.6500001,23.083332,-0.6500001,586,108,4,78.216835,313,16,271,16,323.32196,243.39505,0.8592023,14.210218,22,0.717215,15.6295,5,8,10993.649804683
D062,NR103,S007,NR103_S007,AS,China,Wei River,2,Palearctic,PA04,AS2,109.3062,34.54542,109.306319,34.54607435,109.3063487,34.54125594,23,38,102489.27,351,14.359,58191076,13.4625,10.608334,28.517025,977.30225,31.7,-5.5,37.2,23.816666,1.1,25.433332,1.1,612,104,6,70.22656,301,22,264,22,57242.336,25977.045,16802.92,2364.7139,22,0.641348,26.3664,5,10,10993.649804683
D062,NR103,S008,NR103_S008,AS,China,Wei River,2,Palearctic,PA04,AS2,109.1072,34.46653,109.1071703,34.46712487,109.1071286,34.46713676,20,35,97042.375,371,254.814,54847170,13.4375,10.433333,28.529144,966.75684,31.4,-5.2,36.6,23.65,1.1833334,25.283333,1.1833334,671,125,8,72.281555,340,28,307,28,53405.234,24698.781,16777.223,2068.3308,22,0.757929,31,6,10,10993.649804683
D062,NR103,S009,NR103_S009,AS,China,Wei River,2,Palearctic,PA04,AS2,108.8411,34.35583,108.8371399,34.35686337,108.8387086,34.35465217,41,58,657.88367,378,2.332,426174.1,13.554167,10.258333,28.642923,953.1466,31.1,-4.7,35.9,23.633333,1.4333334,25.15,1.4333334,589,102,6,68.22479,281,23,242,23,219.43005,157.61954,1.0271437,279.4964,22,0.803093,33.5896,10,10,10993.649804683
D062,NR103,S010,NR103_S010,AS,China,Wei River,2,Palearctic,PA04,AS2,109.0066,34.44001,109.006153,34.44118103,109.0079495,34.43792287,24,39,49037.47,376,193.281,29515218,13.579166,10.291667,28.469395,964.65826,31.3,-4.8500004,36.15,23.733334,1.3083334,25.333332,1.3083334,651.5,119,8,70.492714,324.5,28,289.5,28,28008.982,13725.282,5698.9346,1519.0524,22,0.881227,34.5075,10,10,10993.649804683
D062,NR103,S011,NR103_S011,AS,China,Wei River,2,Palearctic,PA04,AS2,109.2019,34.42231,109.2001154,34.42623611,109.2012147,34.425508,30,37,97302.37,356,0.081,55012584,13.583333,10.483334,28.823261,963.4159,31.3,-5.1,36.399998,23.75,1.35,25.333332,1.35,635,111,6,70.19647,314,24,277,24,53651.234,24634.928,16835.713,2121.791,22,0.71732,26.3122,5,10,10993.649804683
D062,NR103,S012,NR103_S012,AS,China,Wei River,2,Palearctic,PA04,AS2,108.8401,34.3518,108.8371461,34.35094339,108.8395646,34.35172862,23,32,497.99487,377.5,2.332,329717,13.583333,10.258333,28.631285,953.4995,31.2,-4.7,35.8,23.683332,1.45,25.2,1.45,589,103,6,68.24073,281,23,243,23,162.49626,157.14479,0.63275707,175.87851,22,0.863956,33.4651,10,10,10993.649804683
D062,NR103,S013,NR103_S013,AS,China,Wei River,2,Palearctic,PA04,AS2,108.9946,34.42109,109.0086209,34.42335144,109.007925,34.42089964,41,60,2495.403,364,10.016,1709692.6,13.633333,10.229167,28.363407,961.4569,31.3,-4.7,36,23.783333,1.4250001,25.333332,1.4250001,639.5,114,8,69.19039,315.5,29,278,29,1019.16284,1330.4526,2.9188085,146.51596,22,0.783212,33.1867,9,10,10993.649804683
D062,NR103,S014,NR103_S014,AS,China,Wei River,2,Palearctic,PA04,AS2,108.731,34.22462,108.7312142,34.2241917,108.731,34.22462,14,24,1042.4685,395,6.019,731545.75,13.204166,10.175,28.58146,942.8318,30.7,-4.9,35.600002,23.2,1.2833333,24.783333,1.2833333,604,106,5,69.436516,287,20,250,20,277.57,688.371,6.4971347,63.042362,22,0.826842,33.6766,7,8,10993.649804683
D062,NR103,S015,NR103_S015,AS,China,Wei River,2,Palearctic,PA04,AS2,108.7446,34.15339,108.7431128,34.15291411,108.7437434,34.15291411,33,38,1016.5554,405,2.8100002,715813.2,13.225,10.233334,28.792164,938.01526,30.6,-4.9,35.5,23.166668,1.3583332,24.733334,1.3583332,612,108,5,69.77255,290,20,252,20,255.393,687.73883,6.100982,59.49173,22,0.747178,22.3395,6,8,10993.649804683
D062,NR103,S016,NR103_S016,AS,China,Wei River,2,Palearctic,PA04,AS2,109.007,34.4394,109.0071785,34.44053024,109.0088933,34.43792474,18,29,49037.504,376,193.281,29515218,13.579166,10.291667,28.469395,964.65826,31.3,-4.8500004,36.15,23.733334,1.3083334,25.333332,1.3083334,651.5,119,8,70.492714,324.5,28,289.5,28,28018.516,13734.059,5699.272,1524.6462,22,0.901912,34.4151,10,10,10993.649804683
D062,NR103,S017,NR103_S017,AS,China,Wei River,2,Palearctic,PA04,AS2,108.6678,34.24199,108.6706554,34.24356044,108.6847537,34.25463089,4,6,174.85616,389,0.068,112484.58,13.1875,10.15,28.672316,941.4884,30.6,-4.8,35.4,23.183332,1.3,24.758333,1.3,605,106,5,70.02692,290,19,252.5,19,107.83867,36.78168,0,28.677702,22,0.806861,23.0687,5,8,10993.649804683
D062,NR103,S018,NR103_S018,AS,China,Wei River,2,Palearctic,PA04,AS2,108.9495,34.39475,108.9454046,34.39731297,108.9377658,34.4128509,36,60,164.46245,370,0.127,100327.94,13.620833,10.241667,28.449076,959.7264,31.3,-4.7,36,23.75,1.4166667,25.316666,1.4166667,613,108,7,68.53184,296,26,260,26,19.218292,0,0.47286627,145.0103,22,0.76889,34.1651,10,10,10993.649804683
D062,NR103,S019,NR103_S019,AS,China,Wei River,2,Palearctic,PA04,AS2,108.6021,34.22749,108.5994503,34.23041164,108.6001667,34.22377209,13,48,653.34717,392,4.847,466203.25,13.15625,10.041667,28.608738,935.1372,30.4,-4.7,35.1,23.075,1.35,24.633333,1.35,616,108,5,69.875534,296.5,21,255.5,21,186.39926,440.02988,3.4081163,26.933971,22,0.779107,22.0467,3,8,10993.649804683
D062,NR103,S020,NR103_S020,AS,China,Wei River,2,Palearctic,PA04,AS2,108.1312,34.24379,108.1270237,34.23700111,108.1259482,34.23711052,25,38,3919.8223,439,16.531,2541765.5,12.9375,9.583333,28.161764,914.7987,29.5,-4.5,34,22.616667,1.3166667,24.083334,1.3166667,648,115,5,73.06501,325,20,276,20,2714.578,1104.9109,2.122407,100.68839,22,0.788783,28.75,7,7,10993.649804683
D062,NR103,S021,NR103_S021,AS,China,Wei River,2,Palearctic,PA04,AS2,108.2025,34.052,108.2047605,34.05116719,108.2045559,34.0512005,32,47,1482.5848,724.5,17.346,1137077.5,11.866667,8.520834,26.87035,862.8006,27.55,-4.1499996,31.7,21.05,0.95000005,22.383333,0.95000005,681.5,119.5,7,71.1413,335,25,283.5,25,24.779852,1431.4674,24.457756,0,22,0.656973,10.2503,3,7,10993.649804683
D062,NR103,S022,NR103_S022,AS,China,Wei River,2,Palearctic,PA04,AS2,108.1203,34.29094,108.1210138,34.29094,108.1213113,34.29082103,40,41,3828.8474,482,9.682,2482010.5,12.795834,9.866667,28.29513,921.1328,29.9,-4.9,34.899998,22.6,1.1833333,24.116667,1.1833333,645,116,5,73.59081,325,19,278,19,2631.406,1120.0336,1.8069212,67.6541,22,0.761054,27.5,6,8,10993.649804683
D062,NR103,S023,NR103_S023,AS,China,Wei River,2,Palearctic,PA04,AS2,108.2219,34.21194,108.2213289,34.21108339,108.2201154,34.21075027,35,53,41983.46,424.5,149.832,24678912,13.041667,9.608334,28.259804,916.72375,29.7,-4.3,34,22.733334,1.4333333,24.233334,1.4333333,645,113,5,72.37194,319,19,272,19,25199.566,10440.663,5659.517,629.61786,22,0.765485,23.3965,5,7,10993.649804683
D062,NR103,S024,NR103_S024,AS,China,Wei River,2,Palearctic,PA04,AS2,108.6153,34.2625,108.6171356,34.26219917,108.6151096,34.26192893,15,18,44984.01,392,181.225,26841920,13.220833,10.05,28.596867,938.99506,30.5,-4.6499996,35.1,23.166666,1.35,24.708334,1.35,611.5,106,5,69.533554,293,21,255,21,26082.152,12411.908,5671.241,734.43964,22,0.754946,22.752,4,8,10993.649804683
D062,NR103,S025,NR103_S025,AS,China,Wei River,2,Palearctic,PA04,AS2,107.653,34.11606,107.653,34.11606,107.6512297,34.11708793,51,92,543.02423,1031.5,4.884,411333.4,10.797916,8.8125,27.62442,849.80133,26.45,-5.45,31.900002,19.925001,1.86e-08,21.15,1.86e-08,702.5,128,5,74.93954,357.5,20,300,20,36.988083,482.84268,25.007473,0.07903884,32,0.530569,11.7679,0,4,10993.649804683
D062,NR103,S026,NR103_S026,AS,China,Wei River,2,Palearctic,PA04,AS2,107.3095,34.35642,107.3095,34.35642,107.3136947,34.35206219,15,34,3500.881,558.5,0.286,2155619,13.141666,9.966666,28.46428,921.70984,30.45,-4.6,35.05,22.941668,1.4916667,24.433334,1.4916667,669.5,126,5,76.67462,349.5,19,289,19,1548.9869,1884.542,6.341372,36.911198,22,0.827936,34.75,10,7,10993.649804683
D062,NR103,S027,NR103_S027,AS,China,Wei River,2,Palearctic,PA04,AS2,107.3968,34.34235,107.3968,34.34235,107.3969428,34.33949465,47,62,35532.156,542,118.224,20346838,13.279166,9.858334,28.415697,916.7419,30.4,-4.3,34.7,22.983334,1.6666666,24.483334,1.6666666,671,125,5,75.90664,348,20,288,20,21438.49,7965.498,5623.887,437.25903,11,0.68521,33,8,7,10993.649804683
D062,NR103,S028,NR103_S028,AS,China,Wei River,2,Palearctic,PA04,AS2,107.6354,34.29526,107.6320076,34.29959062,107.6312359,34.29481385,27,40,36886.754,508,6.368,21321372,13.108334,9.708333,28.362572,911.717,30,-4.4,34.3,22.85,1.5666666,24.283333,1.5666666,666,122,4,75.38168,342,18,285,18,21884.95,8814.9375,5658.1494,478.85907,22,0.693962,33.7282,8,9,10993.649804683
D062,NR103,S029,NR103_S029,AS,China,Wei River,2,Palearctic,PA04,AS2,107.1613,34.38685,107.1586401,34.38549456,107.1563031,34.38699277,22,85,423.89346,655,1.968,275624.66,13.020834,10.025,28.527489,918.3856,30.45,-4.7,35.1,22.783333,1.45,24.25,1.45,677.5,127,4,77.68339,358,18,297.5,18,248.74396,171.97858,0,6.452777,11,0.793865,48.5,9,10,10993.649804683
D062,NR103,S030,NR103_S030,AS,China,Wei River,2,Palearctic,PA04,AS2,107.1115,34.34494,107.1080795,34.34717074,107.1079308,34.34693875,37,46,232.61703,720.5,1.567,164732.17,13.052084,9.554167,28.105045,898.9052,29.8,-4.1,33.95,22.558332,1.6583333,23.991667,1.6583333,682,128.5,5,76.85075,357,19.5,296,19.5,11.267044,220.53583,0,2.5207858,11,0.864067,45.5,10,10,10993.649804683
D062,NR103,S031,NR103_S031,AS,China,Wei River,2,Palearctic,PA04,AS2,107.0534,34.37993,107.0522018,34.3779627,107.0519723,34.37802643,13,36,30667.588,733,0.477,17281802,12.804167,9.716667,28.328474,898.645,29.6,-4.6,34.3,22.3,1.4,23.733334,1.4,671,127,4,77.43185,353,18,292,18,19331.432,5437.9556,5612.9976,280.9558,23,0.732251,35,6,10,10993.649804683
D062,NR103,S032,NR103_S032,AS,China,Wei River,2,Palearctic,PA04,AS2,106.7194,34.37014,106.7178296,34.37014,106.7179009,34.36956893,21,30,29645.305,1034,96.239,16596599,11.364583,8.8875,27.64045,858.1455,27.3,-4.95,32.2,20.55,0.39999998,21.75,0.39999998,660.5,121,4,78.6469,348.5,16,296.5,16,19110.596,4623.174,5633.1016,279.85376,52,0.339077,17.75,0,6,10993.649804683
D062,NR103,S033,NR103_S033,AS,China,Wei River,2,Palearctic,PA04,AS2,107.8348,34.23515,107.8344431,34.23711306,107.8339434,34.23629214,36,57,37343.2,486,128.063,21640266,12.966667,9.708334,28.638151,901.36865,29.55,-4.4,33.9,22.558334,1.5500001,24.008333,1.5500001,663,120,5,73.8876,336,20,282,20,22143.11,9032.13,5663.8037,503.13824,22,0.794361,23.4782,2,8,10993.649804683
D062,NR103,S034,NR103_S034,AS,China,Wei River,2,Palearctic,PA04,AS2,108.3063,34.86759,108.3065142,34.86637647,108.306096,34.86643426,NA,13,42397.242,859,52.847,21724856,10.975,10.433333,28.9012,946.84436,28.5,-7.7,36.100002,21,-1.0833333,22.466667,-1.0833333,608,111,4,75.9733,318,18,273,18,21813.648,9363.882,11028.897,185.89001,23,0.641826,19.2587,0,8,10993.649804683
D062,NR103,S035,NR103_S035,AS,China,Wei River,2,Palearctic,PA04,AS2,108.9763,34.45925,108.9746344,34.45788181,108.9769853,34.45793654,NA,48,45354.348,373,60.153,23556574,13.427084,10.4125,28.473167,969.9011,31.4,-5.1499996,36.5,23.666666,1.125,25.3,1.125,647,119.5,7,71.88687,324.5,25,290.5,25,24313.602,9708.04,11041.245,295.2898,22,0.812347,38,10,10,10993.649804683
D062,NR103,S036,NR103_S036,AS,China,Wei River,2,Palearctic,PA04,AS2,108.7175,34.53936,108.7170003,34.54128736,108.7155964,34.54214737,NA,24,44544.594,420,0.051,23060698,12.970834,10.266666,28.564816,953.77795,30.6,-5.4,35.9,23.1,0.8833333,24.633333,0.8833333,602,108,5,72.285484,302,20,262,20,23535.133,9670.092,11084.906,224.99823,22,0.743136,23.6295,1,10,10993.649804683
D057,NR104,S001,NR104_S001,NA,Costa Rica,Rio Esquinas,9,Neotropic,NO14,NA9,-83.30257799,8.725445028,-83.30257799,8.726277839,-83.31037072,8.722232756,24,6,293.39545,30,0.437,980030.25,26.308332,9.8,77.64549,76.59915,32.9,20.3,12.600002,25.85,26.45,27.416668,25.483334,3522,649,47,63.41535,1535,188,709,1139,0.56579274,292.78168,0,0,52,0.150877,10.9782,0,3,742.749580506723
D057,NR104,S002,NR104_S002,NA,Costa Rica,Rio Esquinas,9,Neotropic,NO14,NA9,-83.30682602,8.726855032,-83.30623115,8.727152465,-83.31289365,8.72364276,28,6,295.31354,30,0.324,986499.6,26.308332,9.8,77.53907,76.351456,32.9,20.3,12.699999,25.75,26.45,27.416668,25.483334,3411,618,45,64.68097,1488,188,706,1133,0.56579274,290.23615,0,0,52,0.167331,10.9782,0,3,742.749580506723
D057,NR104,S003,NR104_S003,NA,Costa Rica,Rio Esquinas,9,Neotropic,NO14,NA9,-83.30959104,8.728107037,-83.30959104,8.728107037,-83.31631302,8.724359386,26,1,296.70538,29,0.1865,991159.44,26.3125,9.7875,77.64549,76.29381,32.9,20.3,12.600002,25.716667,26.45,27.416668,25.491667,3406,600,49,64.76446,1475.5,180,697,1095,0.56579274,296.17642,0,0,52,0.1869,10.9782,0,3,742.749580506723
D057,NR104,S004,NR104_S004,NA,Costa Rica,Rio Esquinas,9,Neotropic,NO14,NA9,-83.318112,8.727388037,-83.31805251,8.727982902,-83.32114581,8.727031118,25,3,297.1467,33,0.211,992656.44,26.266666,9.816667,77.64549,75.98847,32.9,20.3,12.600002,25.6,26.416666,27.366667,25.433332,3401,614,50,64.847946,1463,181,683,1133,0.56579274,296.74222,0,0,52,0.170597,10.1295,0,3,742.749580506723
D057,NR104,S005,NR104_S005,NA,Costa Rica,Rio Esquinas,9,Neotropic,NO14,NA9,-83.33354099,8.719937028,-83.33044769,8.720472407,-83.33205383,8.719580109,32,3,310.33524,33,0.26,1033772.3,26.193748,9.854167,77.57377,76.42088,32.85,20.2,12.7,25.641666,26.283333,27.3,25.366665,3261.5,570.5,52,64.81656,1419,193,667,946,0.56579274,306.26666,0,0,52,0.124861,10.3395,0,3,742.749580506723
D057,NR105,S001,NR105_S001,NA,Panama,Rio Chiriqui nuevo,9,Neotropic,NO14,NA9,-82.427543,8.325422974,-82.42740023,8.327041007,-82.42766197,8.327921408,46,6,332.83926,13,62.782,1016740.44,26.525,7.783333,75.566345,62.50303,31.9,21.6,10.299999,26.033333,26.866667,27.433334,25.85,3124,538,37,61.510235,1337,173,612,1059,220.58348,101.50194,1.0382473,6.7944083,53,0.32277,11.1867,0,7,867.732171010417
D057,NR105,S002,NR105_S002,NA,Panama,Rio Chiriqui nuevo,9,Neotropic,NO14,NA9,-82.413809,8.335755011,-82.41352346,8.337087509,-82.41458232,8.337123201,17,3,329.86578,8,62.782,1009163.8,26.608334,7.9416666,74.76188,64.28699,32.2,21.6,10.6,26,26.975,27.525,25.925001,3160.5,546,30,65.56314,1345,127,489.5,1104.5,220.01721,99.991425,1.0382473,6.4169235,32,0.373178,11.3664,0,7,867.732171010417
D057,NR105,S003,NR105_S003,NA,Panama,Rio Chiriqui nuevo,9,Neotropic,NO14,NA9,-82.423429,8.332141992,-82.42371454,8.332094403,-82.42360746,8.332141992,43,5,331.74332,11.5,62.782,1013377.1,26.533333,7.7833333,75.566345,63.40705,31.9,21.6,10.299999,26.016666,26.866667,27.433334,25.883333,3124,538,37,61.510235,1301,173,620,1061,220.3956,100.37069,1.1326241,6.794423,53,0.360341,11.1867,0,7,867.732171010417
D057,NR105,S004,NR105_S004,NA,Panama,Rio Chiriqui nuevo,9,Neotropic,NO14,NA9,-82.434245,8.328421013,-82.43410223,8.330467349,-82.43430449,8.328777932,44,5,533.8068,11.5,36.022,1605092.2,26.545834,7.866667,75.204254,63.698517,32.05,21.6,10.45,26.075,26.891666,27.466667,25.866667,3124.5,538,37,62.56427,1319,168,600,1061,355.1429,143.02333,3.1146004,25.858444,53,0.32277,11.1651,0,7,867.732171010417
D057,NR106,S001,NR106_S001,NA,Panama,Rio Chorcha,9,Neotropic,NO14,NA9,-82.26199597,8.348881993,-82.26118695,8.348977171,-82.26085383,8.347568531,NA,4,200.82333,16,8.081,600443.9,26.6,8.1,73.8532,64.561455,32.5,21.5,11,26.166666,26.933334,27.516666,25.9,3101,534,40,64.2828,1270,149,575,1005,38.787025,159.64575,0,0,32,0.202329,11.1734,0,7,223.510722722002
D057,NR106,S002,NR106_S002,NA,Panama,Rio Chorcha,9,Neotropic,NO14,NA9,-82.25649501,8.356716977,-82.25649501,8.356716977,-82.25706608,8.357173834,27,4,199.57452,16.5,8.081,596617.25,26.602083,8.1625,73.64252,65.694534,32.55,21.45,11.049999,26.016666,26.933334,27.541666,25.9,3059.5,529,36.5,65.17933,1277.5,145.5,566.5,1006,38.787025,158.51306,0,0,32,0.205403,12.277,0,7,223.510722722002
D057,NR106,S003,NR106_S003,NA,Panama,Rio Chorcha,9,Neotropic,NO14,NA9,-82.25657296,8.356666015,-82.25657296,8.356666015,-82.25706608,8.357173834,28,6,199.6,17,8.081,596695.7,26.6,8.15,73.64866,64.80155,32.5,21.5,11,26.016666,26.916668,27.533333,25.9,3101,530,38,64.35922,1270,149,575,1005,38.787025,158.51306,0,0,32,0.205403,12.277,0,7,223.510722722002
D057,NR106,S004,NR106_S004,NA,Panama,Rio Chorcha,9,Neotropic,NO14,NA9,-82.26158098,8.353471002,-82.26124786,8.352899931,-82.25866852,8.353356788,42,5,200.3136,16,8.081,598913.06,26.6,8.1,73.8532,64.561455,32.5,21.5,11,26.166666,26.933334,27.516666,25.9,3101,534,40,64.2828,1270,149,575,1005,39.07032,160.77834,0.09438491,0,32,0.202329,-9999,-9999,-9999,223.510722722002
D057,NR107,S001,NR107_S001,NA,Panama,Rio Vidal,9,Neotropic,NO14,NA9,-81.62683798,7.978010019,-81.62706403,7.978021916,-81.6245537,7.976368191,27,6,379.2177,19.5,5.393,1136377.2,26.558334,8.3875,75.0744,67.86638,32.45,21.3,11.150002,26.1,26.816668,27.516666,25.816668,2653.5,407,21,60.753796,1074.5,121.5,516.5,745.5,2.078414,373.45325,0,0.85019326,52,0.0915584,9.25866,0,4,1275.37031889679
D057,NR107,S002,NR107_S002,NA,Panama,Rio Vidal,9,Neotropic,NO14,NA9,-81.63498896,7.98088803,-81.63363267,7.98287488,-81.6237817,7.981102181,26,4,88.40695,18.5,10.599,264459.38,26.554167,8.358334,75.15013,67.70453,32.4,21.3,11.100002,26.1,26.816668,27.516666,25.816668,2606,407,21,59.06231,1046,161,532,687,0.37785295,86.997444,0,0.47231847,52,0.173605,9.02326,0,4,1275.37031889679
D057,NR107,S003,NR107_S003,NA,Panama,Rio Vidal,9,Neotropic,NO14,NA9,-81.63383997,7.992787985,-81.63383997,7.992787985,-81.63383997,7.992787985,27,5,86.79138,19.5,10.599,261958.47,26.566668,8.433333,74.70502,68.03518,32.5,21.2,11.299999,26.133333,26.8,27.516666,25.816668,2902,466,25,60.459442,1269,166,544,964,0.37785295,85.108574,0,0.755711,52,0.173341,9.26826,0,4,1275.37031889679
D057,NR107,S004,NR107_S004,NA,Panama,Rio Vidal,9,Neotropic,NO14,NA9,-81.63117,8.012067033,-81.62956386,8.012007546,-81.62857639,8.012174108,25,7,82.242424,21,9.66,252445,26.5375,8.508333,74.41522,68.318535,32.5,21.2,11.4,25.9,26.783333,27.5,25.8,3114,512,24,70.04886,1391,112,479,1070,0.37785295,80.85725,0,0.566782,32,0.180469,8.85606,0,4,1275.37031889679
D057,NR108,S001,NR108_S001,NA,Panama,Rio San Pablo,9,Neotropic,NO14,NA9,-81.23368104,7.923013,-81.23289582,7.923084384,-81.23368104,7.923013,19,4,2319.5903,18,77.218,6845165.5,26.7375,9.141666,73.82393,65.15133,33.5,21.1,12.4,26.25,27.125,27.675,26.091667,3023,547.5,21.5,68.5638,1365.5,118,539.5,994,91.78947,2141.2087,85.9811,1.8887458,32,0.201671,9.36644,0,4,1848.58565554222
D057,NR108,S002,NR108_S002,NA,Panama,Rio San Pablo,9,Neotropic,NO14,NA9,-81.19753199,7.895529997,-81.1970561,7.89564897,-81.19699661,7.895387229,20,2,2423.7776,18,81.421,7135959.5,26.73125,9.008333,74.44904,64.42562,33.3,21.2,12.099998,26.225,27.125,27.658333,26.108334,2966.5,515.5,23,68.950455,1320,99,515.5,958.5,98.971375,2222.4734,85.5088,1.8887458,52,0.19655,8.6025,0,3,1848.58565554222
D057,NR108,S003,NR108_S003,NA,Panama,Rio San Pablo,9,Neotropic,NO14,NA9,-81.219638,7.87946499,-81.21961421,7.878751152,-81.21813894,7.873811391,21,3,2436.2888,18,82.454,7164735.5,26.708334,8.95,74.44444,63.976494,33.2,21.2,12,26.216667,27.083334,27.633333,26.083334,2916,507,23,66.061516,1315,124,519,861,98.40466,2240.9016,85.320114,1.8887458,52,0.10666,-9999,-9999,-9999,1848.58565554222
D057,NR108,S004,NR108_S004,NA,Panama,Rio San Pablo,9,Neotropic,NO14,NA9,-81.21900902,7.879802026,-81.21900902,7.879802026,-81.21878139,7.873811391,26,5,2436.0505,18.5,82.454,7164664.5,26.708334,8.95,74.44444,64.02751,33.2,21.2,12,26.216667,27.083334,27.633333,26.083334,2896,507,23,66.34089,1314.5,119.5,519,867.5,98.971375,2232.0178,85.5088,1.8887458,52,0.106993,-9999,-9999,-9999,1848.58565554222
D057,NR108,S005,NR108_S005,NA,Panama,Rio San Pablo,9,Neotropic,NO14,NA9,-81.21705201,7.869506031,-81.2162192,7.870576788,-81.21351137,7.869506031,13,0,2437.7517,18,82.454,7166407.5,26.708334,8.933333,74.44444,63.34727,33.2,21.2,12,26.216667,27.083334,27.633333,26.083334,2854,455,23,65.36065,1274,125,528,852,98.971375,2232.8682,85.5088,1.8887458,52,0.10666,9.8525,0,4,1848.58565554222
D057,NR109,S001,NR109_S001,NA,Panama,Rio de Jesus,9,Neotropic,NO14,NA9,-81.08069404,7.921914971,-81.08042278,7.921943525,-81.08045609,7.922152917,30,1,55.731583,13,0.12,152125.5,26.94375,9.354166,73.046875,69.85847,34,21.2,12.799999,26.391666,27.416666,27.933332,26.275,2763.5,526,14,74.593796,1337.5,58.5,127,951.5,18.423666,36.753788,0,0,32,0.208187,10.3395,0,4,982.356043266493
D057,NR109,S002,NR109_S002,NA,Panama,Rio de Jesus,9,Neotropic,NO14,NA9,-81.07546097,7.92023004,-81.07555615,7.920372808,-81.07553235,7.920515575,27,4,58.818726,13,0.9395,160721.64,26.9375,9.341666,73.046875,69.54396,34,21.2,12.799999,26.4,27.4,27.916666,26.283333,2767,527,12,74.82832,1330,63,391,952,19.085106,40.250114,0,0,32,0.199054,10.3395,0,4,982.356043266493
D057,NR109,S003,NR109_S003,NA,Panama,Rio de Jesus,9,Neotropic,NO14,NA9,-81.06492198,7.920891037,-81.0648268,7.921366929,-81.06456506,7.921176572,33,0,64.83119,13,2.185,176404.16,26.933334,9.349999,73.111984,69.449936,34,21.2,12.799999,26.383333,27.4,27.9,26.266666,2750,524,12,74.83364,1286,63,131,952,20.785881,44.50218,0,0,32,0.123032,-9999,-9999,-9999,982.356043266493
D057,NR109,S004,NR109_S004,NA,Panama,Rio de Jesus,9,Neotropic,NO14,NA9,-81.05685297,7.906956039,-81.05552047,7.910192106,-81.05535391,7.907027423,29,2,911.6306,14,2.185,2438579.8,26.941668,9.291667,73.24219,68.604866,33.9,21.2,12.700001,26.4,27.416666,27.9,26.266666,2804,519,12,72.888985,1301,65,170,956,416.47253,436.6008,47.87554,10.389543,32,0.0925722,-9999,-9999,-9999,982.356043266493
D057,NR110,S001,NR110_S001,NA,Panama,Rio San Juan,9,Neotropic,NO14,NA9,-81.72247197,7.46126703,-81.73441686,7.459506229,-81.72475625,7.45822132,35,7,44.343807,10,1.657,111706.75,25.966667,8.6,74.0661,64.361664,32.3,20.7,11.599998,25.416666,26.433334,26.883333,25.316666,2696,510,17,72.55318,1272,80,503,1175,0,44.456276,0,0,52,0.0184278,5.5,0,2,282.851692237658
D057,NR110,S002,NR110_S002,NA,Panama,Rio San Juan,9,Neotropic,NO14,NA9,-81.73178402,7.465018015,-81.73635259,7.465374934,-81.73813718,7.4628765,29,5,43.44988,15,1.266,109225.586,25.95,8.6,73.99426,64.33076,32.3,20.6,11.599998,25.4,26.416666,26.866667,25.283333,2683,510,17,72.54728,1252,81,503,1153,0,42.658943,0,0.09459046,52,0.0184278,5.5,0,2,282.851692237658
D057,NR110,S003,NR110_S003,NA,Panama,Rio San Juan,9,Neotropic,NO14,NA9,-81.72429303,7.464604033,-81.73697556,7.463580865,-81.72629178,7.459635718,31,5,43.867046,12,1.4614999,110311.35,25.958334,8.6,73.88649,64.34621,32.3,20.650002,11.6,25.408333,26.425,26.875,25.3,2689.5,510,17,72.55023,1262,80.5,502.5,1164,0,44.45628,0,0,52,0.0184278,5.5,0,2,282.851692237658
D057,NR110,S004,NR110_S004,NA,Panama,Rio San Juan,9,Neotropic,NO14,NA9,-81.72185699,7.462815,-81.73384947,7.46064969,-81.72385574,7.457846685,21,4,44.26718,10,1.657,111508.96,25.966667,8.6,74.0661,64.361664,32.3,20.7,11.599998,25.416666,26.433334,26.883333,25.316666,2696,510,17,72.55318,1272,80,503,1175,0,43.32139,0,0,52,0.0184278,5.5,0,2,282.851692237658
D057,NR110,S005,NR110_S005,NA,Panama,Rio San Juan,9,Neotropic,NO14,NA9,-81.72419898,7.45625197,-81.73219397,7.453539384,-81.72419898,7.457774825,29,5,54.032368,45,1.8495,136504.17,25.816666,8.591667,73.92241,63.65151,32.1,20.5,11.6,25.283333,26.266666,26.716667,25.166666,2810,511,17,72.757866,1291,90,511,1216,0,53.916183,0,0,52,0.0184278,6,0,2,282.851692237658
D057,NR111,S001,NR111_S001,NA,Panama,Rio de Jesus,9,Neotropic,NO14,NA9,-81.06684403,7.884976007,-81.06208511,7.883667303,-81.06370314,7.883833866,25,3,187.15463,14,1.976,488748.3,26.845833,8.958334,74.550606,63.481644,33.4,21.3,12.050002,26.325,27.25,27.733334,26.241667,2539.5,428.5,3,71.529854,1158.5,69.5,474,999,13.512814,168.59058,0,0,32,0.0993604,9.75967,0,5,0
D057,NR112,S001,NR112_S001,NA,Panama,Rio Chorcha,9,Neotropic,NO14,NA9,-82.307661,8.323465968,-82.30551949,8.330889886,-82.30680439,8.327891765,31,3,11.383183,8,0.542,34220.95,26.633333,7.883333,74.53703,63.329357,32.2,21.6,10.6,26.033333,26.966667,27.533333,25.95,3236,575,44,64.45657,1361,153,554,1087,7.2675347,4.2475357,0,0.09438018,53,0.138627,-9999,-9999,-9999,0
D058,NR113,S001,NR113_S001,EU,Spain,Deva-cares River,2,Palearctic,PA04,EU2,-4.91124,43.1463,-4.911180513,43.14689487,-4.91124,43.1463,0,0,26.489193,1304,0.457,26132.188,7.7979164,8.441667,35.429634,555.13416,21.5,-2.3,23.699999,2.4,14.875,14.983334,1.4333334,945.5,108,42,28.431248,309,149,149.5,291.5,0.13921595,25.06644,0.34808883,0,54,0.305512,9,0,1,3894.54600945412
D058,NR113,S002,NR113_S002,EU,Spain,Deva-cares River,2,Palearctic,PA04,EU2,-4.83562,43.2528,-4.835405849,43.25119386,-4.838118434,43.2567856,2,1,31.480413,1038.5,0.537,15242.271,8.75625,7.975,35.18718,527.41406,21.650002,-1,22.6,3.55,15.416666,15.458334,2.6166668,918.5,102,45.5,25.472233,289.5,156,156,274.5,1.1815548,12.650628,0.48657677,0,54,0.113246,4.29673,0,3,3894.54600945412
D058,NR113,S003,NR113_S003,EU,Spain,Deva-cares River,2,Palearctic,PA04,EU2,-4.92471,43.1488,-4.925394095,43.14877026,-4.924824214,43.14948528,1,1,36.631096,1188,0.989,36685.082,8.516666,8.3,35.7971,539.8288,21.6,-1.6,23.2,3.2333333,15.383333,15.45,2.3166666,912,103,42,27.753815,294,146,146,278,1.1135125,34.39335,0.34827858,0,53,0.306829,5,0,1,3894.54600945412
D058,NR113,S004,NR113_S004,EU,Spain,Deva-cares River,2,Palearctic,PA04,EU2,-4.75643,43.2226,-4.75643,43.2226,-4.75643,43.2226,0,0,32.733368,1324,0.926,23621.875,7.025,8.141666,34.2827,553.9746,21,-2.5,23.4,1.7833333,14.25,14.25,0.81666666,1068,121,49,26.921556,344,171,171,325,7.5817966,10.362313,2.6432865,0,54,0.141155,4.25342,0,3,3894.54600945412
D058,NR113,S005,NR113_S005,EU,Spain,Deva-cares River,2,Palearctic,PA04,EU2,-4.79913,43.2611,-4.79913,43.2611,-4.79913,43.2611,1,1,62.167694,996,2.036,52543.527,9.3125,8.125,36.764706,506.061,21.8,-0.2,21.900002,4.35,15.7,15.816667,3.4833333,937,103,47,25.046192,293,160,160,278,11.5425,36.42251,2.9907832,0,54,0.256677,4.41508,0,3,3894.54600945412
D058,NR113,S006,NR113_S006,EU,Spain,Deva-cares River,2,Palearctic,PA04,EU2,-4.80922,43.1405,-4.808696519,43.14059518,-4.808839286,43.14059518,0,0,15.269934,1817,0.451,4246.7993,5.554167,7.8416667,33.0872,569.93005,19.7,-4,23.6,0.2666667,13.05,13.05,-0.7333333,1261,145,56,29.211994,417,196,196,393,0.4872068,1.3920834,1.043928,0,52,0.334336,10,0,2,3894.54600945412
D058,NR113,S007,NR113_S007,EU,Spain,Deva-cares River,2,Palearctic,PA04,EU2,-4.80751,43.1254,-4.806938929,43.12544759,-4.807034108,43.1254,1,1,9.910549,1505,0.259,10339.24,7.2083335,8.05,33.966244,558.45905,21.2,-2.3,23.5,1.9166666,14.516666,14.516666,0.96666664,1025,118,47,27.997461,335,165,165,315,0,9.263072,0,0,52,0.350916,7,1,2,3894.54600945412
D058,NR113,S008,NR113_S008,EU,Spain,Deva-cares River,2,Palearctic,PA04,EU2,-4.71518,43.1608,-4.715251384,43.1612283,-4.715199036,43.16127589,1,1,9.362322,1345,0.432,8394.307,7.833333,8.45,36.182335,540.134,21.4,-1.8,23.300001,2.7166667,14.883333,14.883333,1.85,1026,116,48,26.767927,330,168,168,313,0.9739959,5.427744,1.113215,0,54,0.342436,4.33947,1,2,3894.54600945412
D058,NR113,S009,NR113_S009,EU,Spain,Deva-cares River,2,Palearctic,PA04,EU2,-4.91449,43.306,-4.91449,43.306,-4.91449,43.306,1,1,27.71531,594,1.316,25876.295,10.870833,8.308333,38.82399,482.40146,22.5,1.1,21.4,8.466667,16.883333,16.983334,5.2166667,878,92,47,23.656431,267,153,156,251,0.41678008,23.408451,1.0422752,0,54,0.0957718,3.52698,0,3,3894.54600945412
D058,NR113,S010,NR113_S010,EU,Spain,Deva-cares River,2,Palearctic,PA04,EU2,-4.91062,43.1918,-4.910572411,43.19207602,-4.90730779,43.19277082,0,0,10.930432,1382,0.445,3937.5781,6.5666666,7.7,32.489452,570.33215,20.4,-3.3,23.6,1.1166667,13.916667,13.916667,0.083333336,1104,123,49,28.742992,354,170,170,336,0.62593853,2.5734715,0.5564239,0,54,0.105152,6,0,2,3894.54600945412
